ds,y,sentiment,sentiment_lag_1,sentiment_lag_2,sentiment_lag_3,sentiment_lag_4,sentiment_lag_5,sentiment_lag_6,sentiment_lag_7,ma5,ma10,rsi,macd,macd_signal,volatility,gold,oil,dxy,bond,vix,spy_volume
2020-06-18,8.044093602755103,-0.7565157621310601,-3.6810095493994726e-05,-0.8856778,-0.942830375,-0.446682107,-0.6281098968851,-0.6275378835517667,0.026645448836175006,3092.29404296875,3128.72099609375,57.69450838159948,48.694506452301994,61.3572661916548,36.37714883824896,1724.800048828125,38.84000015258789,97.41999816894531,0.6940000057220459,32.939998626708984,80828700.0
2020-06-19,8.038428089189429,-0.942830375,-0.7565157621310601,-3.6810095493994726e-05,-0.8856778,-0.942830375,-0.446682107,-0.6281098968851,-0.6275378835517667,3103.580029296875,3119.102001953125,55.515252889775184,45.031244333990344,58.09206182012191,22.83972456202716,1745.9000244140625,39.75,97.62000274658203,0.6970000267028809,35.119998931884766,135549600.0
2020-06-22,8.044902182486087,-0.29422282,-0.446682107,-0.8130599333810803,-0.942830375,-0.7565157621310601,-3.6810095493994726e-05,-0.8856778,-0.942830375,3113.834033203125,3107.6490234375,57.491971046800664,43.25301419546622,55.12425229519078,9.956831295000484,1756.699951171875,40.459999084472656,97.04000091552734,0.7039999961853027,31.770000457763672,74649400.0
2020-06-23,8.049200351677571,-0.44283889978883045,-0.29422282,-0.446682107,-0.8130599333810803,-0.942830375,-0.7565157621310601,-3.6810095493994726e-05,-0.8856778,3115.14404296875,3100.0600341796876,58.807732925884416,42.43823567997242,52.58704897214711,11.976493347525604,1772.0999755859375,40.369998931884766,96.69000244140625,0.7089999914169312,31.3700008392334,68471200.0
2020-06-24,8.023005086081909,-0.6305318546666666,-0.44283889978883045,-0.29422282,-0.446682107,-0.8130599333810803,-0.942830375,-0.7565157621310601,-3.6810095493994726e-05,3102.512060546875,3086.079052734375,48.96768759843924,34.85790536450031,49.041220250617755,31.519933456462432,1765.800048828125,38.0099983215332,97.1500015258789,0.6840000152587891,33.84000015258789,132813500.0
2020-06-25,8.033904913810126,-0.5770947041883564,-0.6305318546666666,-0.44283889978883045,-0.29422282,-0.446682107,-0.8130599333810803,-0.942830375,-0.7565157621310601,3096.196044921875,3094.2450439453123,52.50187072208707,31.188434218417115,45.47066304417763,31.470802645045616,1762.0999755859375,38.720001220703125,97.43000030517578,0.6740000247955322,32.220001220703125,89468000.0
2020-06-26,8.009379709535295,-0.446682107,-0.5770947041883564,-0.6305318546666666,-0.44283889978883045,-0.29422282,-0.446682107,-0.8130599333810803,-0.942830375,3078.458056640625,3091.01904296875,45.00126662273693,21.998299721845342,40.776190379711174,49.9512397323848,1772.5,38.4900016784668,97.5,0.6359999775886536,34.72999954223633,127961000.0
2020-06-29,8.023958597648829,-0.503834682,-0.6285534468851001,-0.33544623142882735,-0.446682107,-0.5770947041883564,-0.6305318546666666,-0.44283889978883045,-0.29422282,3065.534033203125,3089.684033203125,49.58878899116007,18.07248255355671,36.23544881448028,45.35631918940648,1774.800048828125,39.70000076293945,97.54000091552734,0.6359999775886536,31.780000686645508,79773300.0
2020-06-30,8.039250947084584,-0.446682107,-0.503834682,-0.6285534468851001,-0.33544623142882735,-0.446682107,-0.5770947041883564,-0.6305318546666666,-0.44283889978883045,3059.334033203125,3087.2390380859374,53.98932378596162,18.544025903111105,32.69716423220645,35.073887717089676,1793.0,39.27000045776367,97.38999938964844,0.652999997138977,30.43000030517578,113394800.0
2020-07-01,8.044260511060456,-0.5772606446666667,-0.446682107,-0.503834682,-0.6285534468851001,-0.33544623142882735,-0.446682107,-0.5770947041883564,-0.6305318546666666,3072.4400390625,3087.4760498046876,55.37750853307319,19.944197503047235,30.146570886374608,42.3556351326743,1773.199951171875,39.81999969482422,97.19999694824219,0.6819999814033508,28.6200008392334,72396500.0
2020-07-02,8.048791481537272,-0.6682018746666666,-0.5772606446666667,-0.446682107,-0.503834682,-0.6285534468851001,-0.33544623142882735,-0.446682107,-0.5770947041883564,3081.6900390625,3088.9430419921873,56.657337240502386,21.942680880811622,28.505792885262014,49.83559621397137,1784.0,40.650001525878906,97.31999969482422,0.6690000295639038,27.68000030517578,69344200.0
2020-07-06,8.064548412369435,-0.502311337,0.029341735000000008,-0.5011514010716205,-0.334874218095494,-0.6682018746666666,-0.5772606446666667,-0.446682107,-0.503834682,3115.8240234375,3097.1410400390623,60.90009641684195,27.223852138964958,28.249404736002607,45.9401824921816,1788.5,40.630001068115234,96.79000091552734,0.6840000152587891,27.940000534057617,61713800.0
2020-07-07,8.053670934499792,-0.6682018746666666,-0.502311337,0.029341735000000008,-0.5011514010716205,-0.334874218095494,-0.6682018746666666,-0.5772606446666667,-0.446682107,3134.2400390625,3099.8870361328127,56.75943848284084,28.307126844980303,28.260949157798148,30.411793626083636,1804.199951171875,40.619998931884766,96.87999725341797,0.6499999761581421,29.43000030517578,82910000.0
2020-07-08,8.061467920763222,-0.334874218095494,-0.6682018746666666,-0.502311337,0.029341735000000008,-0.5011514010716205,-0.334874218095494,-0.6682018746666666,-0.5772606446666667,3148.17001953125,3103.7520263671877,58.912584490607834,30.797236480555057,28.76820662234953,26.698162456789582,1815.5,40.900001525878906,96.43000030517578,0.652999997138977,28.079999923706055,54638600.0
2020-07-09,8.055808329287027,-0.5772606446666667,-0.334874218095494,-0.6682018746666666,-0.502311337,0.029341735000000008,-0.5011514010716205,-0.334874218095494,-0.6682018746666666,3155.4080078125,3113.9240234375,56.703077434441816,30.970097482473648,29.208584794374357,19.750628783079414,1799.199951171875,39.619998931884766,96.69999694824219,0.6050000190734863,29.260000228881836,83354200.0
2020-07-10,8.066220139061471,-0.9413070299999999,-0.5772606446666667,-0.334874218095494,-0.6682018746666666,-0.502311337,0.029341735000000008,-0.5011514010716205,-0.334874218095494,3166.414013671875,3124.0520263671874,59.70434473925546,33.38427444019544,30.043722723538576,17.231421122740773,1798.199951171875,40.54999923706055,96.6500015258789,0.6330000162124634,27.290000915527344,57550400.0
2020-07-13,8.056813493845413,-0.7752603340572964,-0.9608493,-0.57744726493106,-0.9413070299999999,-0.5772606446666667,-0.334874218095494,-0.6682018746666666,-0.502311337,3161.514013671875,3138.6690185546877,55.930309085573406,32.51646717965468,30.538271614761797,15.936558608320219,1811.0,40.099998474121094,96.45999908447266,0.6399999856948853,32.189998626708984,102997500.0
2020-07-14,8.070130794428316,-0.502311337,-0.7752603340572964,-0.9608493,-0.57744726493106,-0.9413070299999999,-0.5772606446666667,-0.334874218095494,-0.6682018746666666,3171.95400390625,3153.097021484375,59.811123259544736,34.84036604523908,31.398690500857256,19.397920080498203,1810.5999755859375,40.290000915527344,96.26000213623047,0.6150000095367432,29.520000457763672,93657000.0
2020-07-15,8.07917185136467,-0.5011514010716205,-0.502311337,-0.7752603340572964,-0.9608493,-0.57744726493106,-0.9413070299999999,-0.5772606446666667,-0.334874218095494,3183.27802734375,3165.7240234375,62.26773609910382,38.58062763385715,32.835077927457235,30.99078266401423,1811.4000244140625,41.20000076293945,96.08000183105469,0.6299999952316284,27.760000228881836,87196500.0
2020-07-16,8.075759936150556,-0.9413070299999999,-0.5011514010716205,-0.502311337,-0.7752603340572964,-0.9608493,-0.57744726493106,-0.9413070299999999,-0.5772606446666667,3195.98203125,3175.69501953125,60.754202836454354,40.1946723625515,34.306996814476086,27.849349790637145,1798.699951171875,40.75,96.3499984741211,0.6119999885559082,28.0,54622500.0
2020-07-17,8.07860449873814,-0.33234890333333333,-0.9413070299999999,-0.5011514010716205,-0.502311337,-0.7752603340572964,-0.9608493,-0.57744726493106,-0.9413070299999999,3203.92001953125,3185.1670166015624,61.592170655311044,41.731883616122104,35.79197417480529,29.555051330234768,1808.300048828125,40.59000015258789,95.94000244140625,0.628000020980835,25.68000030517578,62774900.0
2020-07-20,8.08697629599328,-0.4117792228377347,-0.99693626,-0.7218091835,-0.33234890333333333,-0.9413070299999999,-0.5011514010716205,-0.502311337,-0.7752603340572964,3223.24404296875,3192.3790283203125,64.03945834366263,44.623304038002516,37.558240147444735,19.69487892303106,1815.9000244140625,40.810001373291016,95.83000183105469,0.6200000047683716,24.459999084472656,56308800.0
2020-07-21,8.08865392532784,-0.5234919467155322,-0.4117792228377347,-0.99693626,-0.7218091835,-0.33234890333333333,-0.9413070299999999,-0.5011514010716205,-0.502311337,3235.200048828125,3203.5770263671875,64.52965868592307,46.815686676507084,39.409729453257206,18.26820185393941,1842.4000244140625,41.959999084472656,95.12000274658203,0.6069999933242798,24.84000015258789,57292200.0
2020-07-22,8.094384555922312,-0.6646241671833663,-0.5234919467155322,-0.4117792228377347,-0.99693626,-0.7218091835,-0.33234890333333333,-0.9413070299999999,-0.5011514010716205,3245.092041015625,3214.1850341796876,66.2294135791966,49.493184279271645,41.4264204184601,24.684366639996977,1864.0999755859375,41.900001525878906,94.97000122070312,0.5950000286102295,24.31999969482422,57792900.0
2020-07-23,8.081988177510066,-0.501151303663825,-0.6646241671833663,-0.5234919467155322,-0.4117792228377347,-0.99693626,-0.7218091835,-0.33234890333333333,-0.9413070299999999,3249.110009765625,3222.5460205078125,59.598297663911744,47.80730421041244,42.70259717685057,19.836643160317237,1889.0999755859375,41.06999969482422,94.69000244140625,0.5820000171661377,26.079999923706055,75738000.0
2020-07-24,8.07577853748579,-0.7219512500572964,-0.501151303663825,-0.6646241671833663,-0.5234919467155322,-0.4117792228377347,-0.99693626,-0.7218091835,-0.33234890333333333,3247.289990234375,3225.6050048828124,56.57107678763618,44.34380832411489,43.03083940630343,22.825097832699857,1897.300048828125,41.290000915527344,94.44000244140625,0.5889999866485596,25.84000015258789,73766600.0
2020-07-27,8.083146466307273,-0.502311337,-0.5765193200465922,-0.33487408821843334,-0.7219512500572964,-0.501151303663825,-0.6646241671833663,-0.5234919467155322,-0.4117792228377347,3244.803955078125,3234.0239990234377,59.21944788835631,43.02188302008199,43.02904812905915,22.882475570146564,1931.0,41.599998474121094,93.66999816894531,0.609000027179718,24.739999771118164,48293000.0
2020-07-28,8.076652030888626,-0.29778806476216063,-0.502311337,-0.5765193200465922,-0.33487408821843334,-0.7219512500572964,-0.501151303663825,-0.6646241671833663,-0.5234919467155322,3237.03193359375,3236.1159912109374,55.97765968216809,39.82309051188531,42.38785660562438,24.141862091538794,1944.699951171875,41.040000915527344,93.76000213623047,0.5809999704360962,25.440000534057617,57495000.0
2020-07-29,8.08900381424037,-0.601625973490297,-0.29778806476216063,-0.502311337,-0.5765193200465922,-0.33487408821843334,-0.7219512500572964,-0.501151303663825,-0.6646241671833663,3233.51591796875,3239.3039794921874,60.4276491742357,40.053972842934854,41.921079853086475,17.376263587445095,1953.5,41.27000045776367,93.26000213623047,0.5789999961853027,24.100000381469727,48454200.0
2020-07-30,8.085246512476914,-0.77588719013106,-0.601625973490297,-0.29778806476216063,-0.502311337,-0.5765193200465922,-0.33487408821843334,-0.7219512500572964,-0.501151303663825,3235.6279296875,3242.3689697265627,58.48270054892181,38.80359554942879,41.29758299235495,18.318238333308287,1942.300048828125,39.91999816894531,93.0199966430664,0.5410000085830688,24.760000228881836,61861700.0
2020-07-31,8.09288774871909,-0.6275378835517667,-0.77588719013106,-0.601625973490297,-0.29778806476216063,-0.502311337,-0.5765193200465922,-0.33487408821843334,-0.7219512500572964,3246.7259765625,3247.0079833984373,61.22161562639337,39.368085474359304,40.91168348875582,19.913385542553506,1962.800048828125,40.27000045776367,93.48999786376953,0.5360000133514404,24.459999084472656,84986800.0
2020-08-03,8.10004311138345,-0.355501487,-0.8856778,-0.631096888,-0.6275378835517667,-0.77588719013106,-0.601625973490297,-0.29778806476216063,-0.502311337,3257.766015625,3251.2849853515627,63.6573592218606,41.235555884675705,40.9764579679398,28.355442915044378,1966.0,41.0099983215332,93.5,0.5630000233650208,24.280000686645508,53077900.0
2020-08-04,8.103648534409583,-0.446682107,-0.355501487,-0.8856778,-0.631096888,-0.6275378835517667,-0.77588719013106,-0.601625973490297,-0.29778806476216063,3275.380029296875,3256.2059814453123,64.86148138765465,43.1780328217792,41.41677293870768,24.971453876331587,2001.199951171875,41.70000076293945,93.37999725341797,0.5149999856948853,23.760000228881836,41917900.0
2020-08-05,8.1100576948451,0.5285622,-0.446682107,-0.355501487,-0.8856778,-0.631096888,-0.6275378835517667,-0.77588719013106,-0.601625973490297,3289.246044921875,3261.3809814453125,66.96721762766205,45.903814302843784,42.3141812115349,31.58601980007573,2031.0999755859375,42.189998626708984,92.83000183105469,0.5429999828338623,22.989999771118164,42697700.0
2020-08-06,8.116464820865765,0.33075306857117265,0.5285622,-0.446682107,-0.355501487,-0.8856778,-0.631096888,-0.6275378835517667,-0.77588719013106,3309.834033203125,3272.7309814453124,68.98128569173223,49.22259391044781,43.69586375131749,30.04084177658256,2051.5,41.95000076293945,92.79000091552734,0.5360000133514404,22.649999618530273,43679400.0
2020-08-07,8.117097650135722,-0.5772606446666667,0.33075306857117265,0.5285622,-0.446682107,-0.355501487,-0.8856778,-0.631096888,-0.6275378835517667,3325.866015625,3286.29599609375,69.18185818952529,51.43096227996148,45.24288345704629,25.21750233292552,2010.0999755859375,41.220001220703125,93.44000244140625,0.5619999766349792,22.209999084472656,57308300.0
2020-08-10,8.119836115409115,-0.5757063819345322,-0.44283889014324096,-0.2977880711925536,-0.5772606446666667,0.33075306857117265,0.5285622,-0.446682107,-0.355501487,3339.03798828125,3298.402001953125,70.08483490796652,53.30815832517919,46.85593843067287,21.775486715606117,2024.4000244140625,41.939998626708984,93.58000183105469,0.5740000009536743,22.1299991607666,44282100.0
2020-08-11,8.111835060007737,-0.6285534468851001,-0.5757063819345322,-0.44283889014324096,-0.2977880711925536,-0.5772606446666667,0.33075306857117265,0.5285622,-0.446682107,3344.473974609375,3309.927001953125,64.18317362645274,52.03509695430057,47.89177013539841,13.411466820156031,1932.5999755859375,41.61000061035156,93.62999725341797,0.6579999923706055,24.030000686645508,69601100.0
2020-08-12,8.12573456230135,-0.47063935,-0.6285534468851001,-0.5757063819345322,-0.44283889014324096,-0.2977880711925536,-0.5772606446666667,0.33075306857117265,0.5285622,3354.989990234375,3322.118017578125,69.07022408736773,54.16686934800782,49.14678997792029,17.136298722075747,1934.9000244140625,42.66999816894531,93.44000244140625,0.6700000166893005,22.280000686645508,53774400.0
2020-08-13,8.123685289625193,-0.8856778,-0.47063935,-0.6285534468851001,-0.5757063819345322,-0.44283889014324096,-0.2977880711925536,-0.5772606446666667,0.33075306857117265,3359.843994140625,3334.839013671875,67.59708850264323,54.667739098548736,50.25097980204599,18.45837068975576,1956.699951171875,42.2400016784668,93.33999633789062,0.7160000205039978,22.1299991607666,41816100.0
2020-08-14,8.123513392228915,-0.446682107,-0.8856778,-0.47063935,-0.6285534468851001,-0.5757063819345322,-0.44283889014324096,-0.2977880711925536,-0.5772606446666667,3364.1580078125,3345.01201171875,67.46724606076371,54.39090967815628,51.078965777268046,18.477076737746454,1937.0,42.0099983215332,93.0999984741211,0.7089999914169312,22.049999237060547,47260400.0
2020-08-17,8.126219569736339,-5.5224999999992086e-05,-0.9413070299999999,-0.297783791365,-0.446682107,-0.8856778,-0.47063935,-0.6285534468851001,-0.5757063819345322,3368.46201171875,3353.75,68.49454433333152,54.28328934444335,51.71983049070311,19.858028542249226,1985.0,42.88999938964844,92.8499984741211,0.6830000281333923,21.350000381469727,35481000.0
2020-08-18,8.128520310156155,-0.9413070299999999,-5.5224999999992086e-05,-0.9413070299999999,-0.297783791365,-0.446682107,-0.8856778,-0.47063935,-0.6285534468851001,3379.680029296875,3362.077001953125,69.38197837121221,54.201786052709394,52.21622160310437,6.955332451927258,1999.4000244140625,42.88999938964844,92.2699966430664,0.6690000295639038,21.510000228881836,38733900.0
2020-08-19,8.124106186810973,-0.6275380134288273,-0.9413070299999999,-5.5224999999992086e-05,-0.9413070299999999,-0.297783791365,-0.446682107,-0.8856778,-0.47063935,3378.580029296875,3366.785009765625,65.5699341357172,52.32925432799357,52.23882814808222,7.251479954364586,1958.699951171875,42.93000030517578,92.88999938964844,0.675000011920929,22.540000915527344,68054200.0
2020-08-20,8.127259841579319,-0.42862539051109444,-0.6275380134288273,-0.9413070299999999,-5.5224999999992086e-05,-0.9413070299999999,-0.297783791365,-0.446682107,-0.8856778,3380.996044921875,3370.42001953125,66.96552818129176,51.116189648374075,52.014300448140595,7.117782520584053,1933.800048828125,42.58000183105469,92.79000091552734,0.6439999938011169,22.719999313354492,42207800.0
2020-08-21,8.130695041562293,-0.2693801759237347,-0.42862539051109444,-0.6275380134288273,-0.9413070299999999,-5.5224999999992086e-05,-0.9413070299999999,-0.297783791365,-0.446682107,3385.8580078125,3375.0080078125,68.46971736799861,50.51259910745148,51.71396018000278,8.357213080522824,1934.5999755859375,42.34000015258789,93.25,0.6399999856948853,22.540000915527344,55106600.0
2020-08-24,8.140688656927194,-0.2952234166666667,-0.6477217323333333,-0.399095255,-0.2693801759237347,-0.42862539051109444,-0.6275380134288273,-0.9413070299999999,-5.5224999999992086e-05,3395.716015625,3382.089013671875,72.42935094020764,52.18589109054665,51.80834636211156,21.4573351530358,1927.699951171875,42.619998931884766,93.30000305175781,0.6460000276565552,22.3700008392334,48588700.0
2020-08-25,8.144278556672734,-0.2519173761207074,-0.2952234166666667,-0.6477217323333333,-0.399095255,-0.2693801759237347,-0.42862539051109444,-0.6275380134288273,-0.9413070299999999,3406.484033203125,3393.08203125,73.71501439672673,53.88655830401285,52.22398875049181,29.671050400547877,1911.800048828125,43.349998474121094,93.0199966430664,0.6819999814033508,22.030000686645508,38463400.0
2020-08-26,8.154422558017577,-0.44283869532764997,-0.2519173761207074,-0.2952234166666667,-0.6477217323333333,-0.399095255,-0.2693801759237347,-0.42862539051109444,-0.6275380134288273,3427.260009765625,3402.92001953125,77.00112694893149,57.405684863449096,53.26032797308327,37.35655877815599,1940.699951171875,43.38999938964844,93.01000213623047,0.6869999766349792,23.270000457763672,50790200.0
2020-08-27,8.156094204049387,-0.8709400033333333,-0.44283869532764997,-0.2519173761207074,-0.2952234166666667,-0.6477217323333333,-0.399095255,-0.2693801759237347,-0.42862539051109444,3447.068017578125,3414.03203125,77.50321374862298,59.97291842029745,54.60284606252611,35.91430823246415,1921.5999755859375,43.040000915527344,93.01000213623047,0.7459999918937683,24.469999313354492,58034100.0
2020-08-28,8.162804206898956,-0.33588550803166667,-0.8709400033333333,-0.44283869532764997,-0.2519173761207074,-0.2952234166666667,-0.6477217323333333,-0.399095255,-0.2693801759237347,3469.238037109375,3427.5480224609373,79.45061300938625,63.17228155620069,56.31673316126103,31.324546020202668,1964.5999755859375,42.970001220703125,92.37000274658203,0.7289999723434448,22.959999084472656,48588900.0
2020-08-31,8.160606831723447,-0.2942078533333333,0.026656673836175017,-0.387367838,-0.33588550803166667,-0.8709400033333333,-0.44283869532764997,-0.2519173761207074,-0.2952234166666667,3483.04404296875,3439.380029296875,77.09182866707435,64.34475193607568,57.92233691622396,24.98269354259736,1967.5999755859375,42.61000061035156,92.13999938964844,0.6930000185966492,26.40999984741211,66099200.0
2020-09-01,8.168103663144153,-0.003843197143241,-0.2942078533333333,0.026656673836175017,-0.387367838,-0.33588550803166667,-0.8709400033333333,-0.44283869532764997,-0.2519173761207074,3499.65,3453.0670166015625,79.35030025609964,66.63126467602251,59.66412246818367,19.137501860101125,1968.199951171875,42.7599983215332,92.33999633789062,0.671999990940094,26.1200008392334,54908700.0
2020-09-02,8.183352713288023,-0.7209730248944153,-0.003843197143241,-0.2942078533333333,0.026656673836175017,-0.387367838,-0.33588550803166667,-0.8709400033333333,-0.44283869532764997,3520.072021484375,3473.666015625,83.05223507364745,71.98622518910997,62.12854301236894,37.19497364140636,1934.4000244140625,41.5099983215332,92.8499984741211,0.6510000228881836,26.56999969482422,69540000.0
2020-09-03,8.147595119145837,-0.260870375,-0.7209730248944153,-0.003843197143241,-0.2942078533333333,0.026656673836175017,-0.387367838,-0.33588550803166667,-0.8709400033333333,3514.1740234375,3480.6210205078123,57.35190867099042,65.32761669916727,62.76835774972861,45.619834308761995,1927.5999755859375,41.369998931884766,92.73999786376953,0.621999979019165,33.599998474121094,148011100.0
2020-09-04,8.139428838391563,-0.446682107,-0.260870375,-0.7209730248944153,-0.003843197143241,-0.2942078533333333,0.026656673836175017,-0.387367838,-0.33588550803166667,3497.964013671875,3483.601025390625,53.37789311105004,57.124680699434975,61.639622339669884,60.372081046693545,1923.9000244140625,39.77000045776367,92.72000122070312,0.7210000157356262,30.75,139156300.0
2020-09-08,8.111280009305096,-0.00384300232765,-0.502311337,-0.9413070299999999,-0.9984135,-0.446682107,-0.260870375,-0.7209730248944153,-0.003843197143241,3464.27001953125,3473.65703125,42.61374813782321,42.45897537739347,57.80349294721461,95.51751313776258,1933.0,36.7599983215332,93.4800033569336,0.6840000152587891,31.459999084472656,114465300.0
2020-09-09,8.131224769967277,-0.942830375,-0.00384300232765,-0.502311337,-0.9413070299999999,-0.9984135,-0.446682107,-0.260870375,-0.7209730248944153,3438.73203125,3469.191015625,50.239267423577296,35.83917930970574,53.410630219712836,91.66186640397699,1944.699951171875,38.04999923706055,93.26000213623047,0.703000009059906,28.809999465942383,91462300.0
2020-09-10,8.11348352404188,-0.7769213328,-0.942830375,-0.00384300232765,-0.502311337,-0.9413070299999999,-0.9984135,-0.446682107,-0.260870375,3390.402001953125,3455.23701171875,44.56079583736137,25.476326937261092,47.823769563222484,53.9503480983771,1954.199951171875,37.29999923706055,93.33999633789062,0.6850000023841858,29.709999084472656,90569500.0
2020-09-11,8.114016454199968,-0.29778793488509997,-0.7769213328,-0.942830375,-0.00384300232765,-0.502311337,-0.9413070299999999,-0.9984135,-0.446682107,3367.583984375,3440.87900390625,44.76104102154113,17.208951182677538,41.700805887113496,42.72619815091449,1937.800048828125,37.33000183105469,93.33000183105469,0.6690000295639038,26.8700008392334,84680200.0
2020-09-14,8.126677789224992,-0.8856778,0.035527128666666664,-0.6275378835517667,-0.29778793488509997,-0.7769213328,-0.942830375,-0.00384300232765,-0.502311337,3358.9,3428.4320068359375,49.46238191304048,13.931451971342085,36.146935103959215,30.2247547510255,1953.0999755859375,37.2599983215332,93.06999969482422,0.6710000038146973,25.850000381469727,65605700.0
2020-09-15,8.131883575155491,-0.446682107,-0.8856778,0.035527128666666664,-0.6275378835517667,-0.29778793488509997,-0.7769213328,-0.942830375,-0.00384300232765,3372.77197265625,3418.52099609375,51.31358032645625,12.613615641028446,31.440271211373066,30.61467008615201,1956.300048828125,38.279998779296875,93.05000305175781,0.6790000200271606,25.59000015258789,52920900.0
2020-09-16,8.12725392826334,-0.96042212,-0.446682107,-0.8856778,0.035527128666666664,-0.6275378835517667,-0.29778793488509997,-0.7769213328,-0.942830375,3370.077978515625,3404.4050048828126,49.57392675982148,10.184161624930766,27.189049294084608,28.23420495022713,1960.199951171875,40.15999984741211,93.20999908447266,0.6869999766349792,26.040000915527344,82096000.0
2020-09-17,8.118805978734787,0.496093043,-0.96042212,-0.446682107,-0.8856778,0.035527128666666664,-0.6275378835517667,-0.29778793488509997,-0.7769213328,3373.6419921875,3382.0219970703124,46.496418542892066,5.8927771404532905,22.929794863358346,24.196442508145726,1940.0,40.970001220703125,92.97000122070312,0.6840000152587891,26.459999084472656,91523300.0
2020-09-18,8.107560401786959,-0.6275378835517667,0.496093043,-0.96042212,-0.446682107,-0.8856778,0.035527128666666664,-0.6275378835517667,-0.29778793488509997,3369.3419921875,3368.46298828125,42.7308771609187,-0.531219826906181,18.23759192530544,32.080244092073805,1952.0999755859375,41.11000061035156,92.93000030517578,0.6940000057220459,25.829999923706055,105877900.0
2020-09-21,8.09592183775966,-0.4714150802354455,-0.6476771773810803,-0.720602212663825,-0.6275378835517667,0.496093043,-0.96042212,-0.446682107,-0.8856778,3348.84599609375,3353.872998046875,39.2301285102052,-8.622250669580353,12.865623406328284,49.01085142251572,1901.199951171875,39.310001373291016,93.54000091552734,0.6710000038146973,27.780000686645508,99450800.0
2020-09-22,8.106384854158037,-0.99693626,-0.4714150802354455,-0.6476771773810803,-0.720602212663825,-0.6275378835517667,0.496093043,-0.96042212,-0.446682107,3331.72001953125,3352.24599609375,43.69351020673726,-12.11018287932302,7.8704621491980244,40.33642775706641,1898.5999755859375,39.599998474121094,93.98999786376953,0.6639999747276306,26.860000610351562,63612100.0
2020-09-23,8.082377515243662,-0.002507871333333337,-0.99693626,-0.4714150802354455,-0.6476771773810803,-0.720602212663825,-0.6275378835517667,0.496093043,-0.96042212,3302.006005859375,3336.0419921875,37.02003993564661,-20.97897127739816,2.100575463878788,45.24750087176604,1859.9000244140625,39.93000030517578,94.38999938964844,0.6759999990463257,28.579999923706055,93112200.0
2020-09-24,8.085360520798291,-0.6285534468851001,-0.002507871333333337,-0.99693626,-0.4714150802354455,-0.6476771773810803,-0.720602212663825,-0.6275378835517667,0.496093043,3279.922021484375,3326.7820068359374,38.268460684809895,-26.91696636549932,-3.7029329019968342,38.06677366741929,1868.300048828125,40.310001373291016,94.3499984741211,0.6660000085830688,28.510000228881836,76681300.0
2020-09-25,8.10121096002248,-0.2952258446439467,-0.6285534468851001,-0.002507871333333337,-0.99693626,-0.4714150802354455,-0.6476771773810803,-0.720602212663825,-0.6275378835517667,3275.72001953125,3322.531005859375,44.610802032826086,-27.124728013514414,-8.387291924300351,33.49495424491082,1857.699951171875,40.25,94.58000183105469,0.6589999794960022,26.3799991607666,71069400.0
2020-09-28,8.117193151876334,-0.44283869532764997,-0.44283869532764997,-0.8856778,-0.2952258446439467,-0.6285534468851001,-0.002507871333333337,-0.99693626,-0.4714150802354455,3289.82802734375,3319.33701171875,50.25012147556779,-22.739291298486478,-11.257691799137577,48.014942091899776,1872.800048828125,40.599998474121094,94.26000213623047,0.6629999876022339,26.190000534057617,64584600.0
2020-09-29,8.11236886917189,-0.44283869532764997,-0.44283869532764997,-0.44283869532764997,-0.8856778,-0.2952258446439467,-0.6285534468851001,-0.002507871333333337,-0.99693626,3293.8080078125,3312.764013671875,48.631594542893104,-20.331004383560412,-13.072354316022144,51.3884027570085,1894.300048828125,39.290000915527344,93.88999938964844,0.6449999809265137,26.270000457763672,51304000.0
2020-09-30,8.12058871174027,-0.29778793488509997,-0.44283869532764997,-0.44283869532764997,-0.44283869532764997,-0.8856778,-0.2952258446439467,-0.6285534468851001,-0.002507871333333337,3319.0240234375,3310.5150146484375,51.50272997201401,-16.016349855208773,-13.66115342385947,47.26286066486965,1887.5,40.220001220703125,93.88999938964844,0.6769999861717224,26.3700008392334,104081100.0
2020-10-01,8.125867661304564,-0.577078208,-0.29778793488509997,-0.44283869532764997,-0.44283869532764997,-0.44283869532764997,-0.8856778,-0.2952258446439467,-0.6285534468851001,3345.866015625,3312.8940185546876,53.31946915493618,-11.03345309764427,-13.135613358616432,31.234002161877925,1908.4000244140625,38.720001220703125,93.70999908447266,0.6769999861717224,26.700000762939453,88698700.0
2020-10-02,8.116243848438193,-0.51621999025,-0.577078208,-0.29778793488509997,-0.44283869532764997,-0.44283869532764997,-0.44283869532764997,-0.8856778,-0.2952258446439467,3355.8580078125,3315.789013671875,49.67405448494483,-9.586766869629173,-12.425844060818982,17.045823835451856,1900.199951171875,37.04999923706055,93.83999633789062,0.6959999799728394,27.6299991607666,89431100.0
2020-10-05,8.134056957441095,-0.26833524361372857,-0.942762935,-0.942830375,-0.51621999025,-0.577078208,-0.29778793488509997,-0.44283869532764997,-0.44283869532764997,3367.2580078125,3328.543017578125,55.73181897834641,-3.5433745560744683,-10.64935015987008,28.618345004142554,1912.5,39.220001220703125,93.51000213623047,0.7620000243186951,27.959999084472656,45713100.0
2020-10-06,8.119984893053571,-0.9392809,-0.26833524361372857,-0.942762935,-0.942830375,-0.51621999025,-0.577078208,-0.29778793488509997,-0.44283869532764997,3372.3580078125,3333.0830078125,50.545969102430206,-2.5676969783980894,-9.033019523575684,23.31870917592992,1901.0999755859375,40.66999816894531,93.83000183105469,0.7419999837875366,29.479999542236328,90128900.0
2020-10-07,8.137232056823812,-0.80641853,-0.9392809,-0.26833524361372857,-0.942762935,-0.942830375,-0.51621999025,-0.577078208,-0.29778793488509997,3383.64599609375,3351.335009765625,55.96309946873416,2.890255447419804,-6.648364529376586,30.278257686191587,1883.5999755859375,39.95000076293945,93.62999725341797,0.7850000262260437,28.059999465942383,56999600.0
2020-10-08,8.145210269718682,-0.14862266079171665,-0.80641853,-0.9392809,-0.26833524361372857,-0.942762935,-0.942830375,-0.51621999025,-0.577078208,3396.852001953125,3371.3590087890625,58.269160113314356,9.3184597876907,-3.45499966596313,41.16803191357781,1888.5999755859375,41.189998626708984,93.61000061035156,0.7649999856948853,26.360000610351562,45242500.0
2020-10-09,8.153965364899435,-0.63054585013106,-0.14862266079171665,-0.80641853,-0.9392809,-0.26833524361372857,-0.942762935,-0.942830375,-0.51621999025,3422.59599609375,3389.227001953125,60.72044772223193,16.666485882024972,0.5692974436344906,43.49120668395171,1919.5,40.599998474121094,93.05999755859375,0.7749999761581421,25.0,59528600.0
2020-10-12,8.17024789505776,-0.5216316639999999,-0.96184893,-0.503030957,-0.63054585013106,-0.14862266079171665,-0.80641853,-0.9392809,-0.26833524361372857,3447.719970703125,3407.4889892578126,64.90172425043174,26.78695146582504,5.812828248072601,64.56372098354426,1922.5,39.43000030517578,93.06999969482422,0.7770000100135803,25.06999969482422,80388500.0
2020-10-13,8.163921003428596,-0.678024435,-0.5216316639999999,-0.96184893,-0.503030957,-0.63054585013106,-0.14862266079171665,-0.80641853,-0.9392809,3477.911962890625,3425.1349853515626,62.12079266730186,32.63270398984696,11.176803396427474,46.672987078471785,1888.5,40.20000076293945,93.52999877929688,0.7269999980926514,26.06999969482422,73255500.0
2020-10-14,8.157275831344537,-0.9515859716666667,-0.678024435,-0.5216316639999999,-0.96184893,-0.503030957,-0.63054585013106,-0.14862266079171665,-0.80641853,3491.757958984375,3437.7019775390627,59.266947696341234,34.98532750753657,15.938508218649293,33.36041530470039,1901.300048828125,41.040000915527344,93.37999725341797,0.722000002861023,26.399999618530273,57727900.0
2020-10-15,8.155746907830324,-0.94278192,-0.9515859716666667,-0.678024435,-0.5216316639999999,-0.96184893,-0.503030957,-0.63054585013106,-0.14862266079171665,3499.0599609375,3447.9559814453123,58.60259499018939,36.0046859285394,19.951743760627316,23.65068260023348,1903.199951171875,40.959999084472656,93.86000061035156,0.7310000061988831,26.969999313354492,60357700.0
2020-10-16,8.155881818286954,-0.7522306215,-0.94278192,-0.9515859716666667,-0.678024435,-0.5216316639999999,-0.96184893,-0.503030957,-0.63054585013106,3500.393994140625,3461.4949951171875,58.64661387251493,36.43050929534593,23.247496867571037,22.25191593721197,1900.800048828125,40.880001068115234,93.68000030517578,0.7440000176429749,27.40999984741211,89501900.0
2020-10-19,8.139417154772012,-0.814330299,-0.7229338035,-0.40724192616666666,-0.7522306215,-0.94278192,-0.9515859716666667,-0.678024435,-0.5216316639999999,3478.933984375,3463.3269775390627,51.50688018246063,31.81072456761285,24.9601424075794,31.353522771336547,1906.4000244140625,40.83000183105469,93.43000030517578,0.7609999775886536,29.18000030517578,68425600.0
2020-10-20,8.144133350092012,0.022867281645831,-0.814330299,-0.7229338035,-0.40724192616666666,-0.7522306215,-0.94278192,-0.9515859716666667,-0.678024435,3465.172021484375,3471.5419921875,53.25217359747605,29.121043001666294,25.79232252639678,28.191825032463566,1910.4000244140625,41.459999084472656,93.06999969482422,0.796999990940094,29.350000381469727,60051900.0
2020-10-21,8.141935236080442,-0.7986440328000001,0.022867281645831,-0.814330299,-0.7229338035,-0.40724192616666666,-0.7522306215,-0.94278192,-0.9515859716666667,3454.550048828125,3473.15400390625,52.306088582086204,26.078797294352626,25.849617479987952,27.109507108031117,1924.5999755859375,40.029998779296875,92.61000061035156,0.8159999847412109,28.649999618530273,63575000.0
2020-10-22,8.147140590083934,-0.7776943007565856,-0.7986440328000001,0.022867281645831,-0.814330299,-0.7229338035,-0.40724192616666666,-0.7522306215,-0.94278192,3448.580029296875,3473.8199951171873,54.37633093406766,24.82838512127273,25.645371008244908,21.987230450570237,1901.0999755859375,40.63999938964844,92.94999694824219,0.8479999899864197,28.110000610351562,55399300.0
2020-10-23,8.150580428404323,-0.64771019052,-0.7776943007565856,-0.7986440328000001,0.022867281645831,-0.814330299,-0.7229338035,-0.40724192616666666,-0.7522306215,3444.89599609375,3472.6449951171876,55.74919908732952,24.515052863560413,25.419307379308012,15.060787227208191,1902.0,39.849998474121094,92.7699966430664,0.8410000205039978,27.549999237060547,49143900.0
2020-10-26,8.131815955419002,-0.007686414,-0.720497130163825,-0.7795293952,-0.64771019052,-0.7776943007565856,-0.7986440328000001,0.022867281645831,-0.814330299,3439.706005859375,3459.3199951171873,47.42883127681453,18.851279658930252,24.105701835232463,24.387423586493526,1902.699951171875,38.560001373291016,93.05000305175781,0.8009999990463257,32.459999084472656,91473000.0
2020-10-27,8.128785750068555,-0.5869206834999999,-0.007686414,-0.720497130163825,-0.7795293952,-0.64771019052,-0.7776943007565856,-0.7986440328000001,0.022867281645831,3429.21796875,3447.1949951171873,46.2416454980943,13.37816329522957,21.960194127231883,32.484191931813804,1908.800048828125,39.56999969482422,92.94000244140625,0.777999997138977,33.349998474121094,65994100.0
2020-10-28,8.092860207959978,-0.5324898850158334,-0.5869206834999999,-0.007686414,-0.720497130163825,-0.7795293952,-0.64771019052,-0.7776943007565856,-0.7986440328000001,3396.311962890625,3425.431005859375,35.206479498570076,-0.6070700917325667,17.446741283438993,77.12014470714661,1876.199951171875,37.38999938964844,93.41000366210938,0.781000018119812,40.279998779296875,127094300.0
2020-10-29,8.104736732899976,-0.007686414,-0.5324898850158334,-0.5869206834999999,-0.007686414,-0.720497130163825,-0.7795293952,-0.64771019052,-0.7776943007565856,3367.635986328125,3408.1080078125,40.22411770689505,-8.439744489303848,12.269444128890425,77.20094201962878,1865.5999755859375,36.16999816894531,93.95999908447266,0.8349999785423279,37.59000015258789,90597700.0
2020-10-30,8.092533019454715,-0.5314356567411221,-0.007686414,-0.5324898850158334,-0.5869206834999999,-0.007686414,-0.720497130163825,-0.7795293952,-0.64771019052,3328.55,3386.722998046875,37.049667797261584,-17.68313646348497,6.2789280104153455,63.61240033915698,1877.4000244140625,35.790000915527344,94.04000091552734,0.8600000143051147,38.02000045776367,120287300.0
2020-11-02,8.104775970345306,-0.94280582,0.03808940311490002,-0.0020238046666666556,-0.5314356567411221,-0.007686414,-0.5324898850158334,-0.5869206834999999,-0.007686414,3310.40400390625,3375.0550048828127,41.99541173326171,-21.510371297482834,0.7210681488357098,49.06722005942607,1890.4000244140625,36.810001373291016,94.05000305175781,0.8489999771118164,37.130001068115234,86068300.0
2020-11-03,8.122418708029384,-0.44283869532764997,-0.94280582,0.03808940311490002,-0.0020238046666666556,-0.5314356567411221,-0.007686414,-0.5324898850158334,-0.5869206834999999,3306.1,3367.658984375,48.38360881293784,-19.563619963179463,-3.3358694735673247,40.45299205397229,1908.5,37.65999984741211,93.55000305175781,0.8820000290870667,35.54999923706055,93294200.0
2020-11-04,8.144226233684476,-0.52071686493106,-0.44283869532764997,-0.94280582,0.03808940311490002,-0.0020238046666666556,-0.5314356567411221,-0.007686414,-0.5324898850158334,3340.581982421875,3368.44697265625,55.097591022101476,-11.889967777713082,-5.046689134396477,67.51499716010625,1894.5999755859375,39.150001525878906,93.41000366210938,0.7680000066757202,29.56999969482422,126959700.0
2020-11-05,8.163499499461178,-0.22329672849999999,-0.52071686493106,-0.44283869532764997,-0.94280582,0.03808940311490002,-0.0020238046666666556,-0.5314356567411221,-0.007686414,3380.649951171875,3374.14296875,60.13530280283695,-0.39682106673990347,-4.116715520865163,97.63769816085014,1945.300048828125,38.790000915527344,92.52999877929688,0.7760000228881836,27.579999923706055,82039700.0
2020-11-06,8.163211742875804,0.066275083836175,-0.22329672849999999,-0.52071686493106,-0.44283869532764997,-0.94280582,0.03808940311490002,-0.0020238046666666556,-0.5314356567411221,3428.545947265625,3378.5479736328125,60.02598935873927,8.531732655046653,-1.5870258856827997,88.02973339448859,1950.300048828125,37.13999938964844,92.2300033569336,0.8199999928474426,24.860000610351562,74973000.0
2020-11-09,8.174843717622148,0.03808940311490002,-0.221417460163825,-0.502311337,0.066275083836175,-0.22329672849999999,-0.52071686493106,-0.44283869532764997,-0.94280582,3476.59794921875,3393.5009765625,62.9727459059567,18.705256824551725,2.471430656364105,71.28894180860398,1853.199951171875,40.290000915527344,92.7300033569336,0.9580000042915344,25.75,172304200.0
2020-11-10,8.17344294240128,-0.6305799046666666,0.03808940311490002,-0.221417460163825,-0.502311337,0.066275083836175,-0.22329672849999999,-0.52071686493106,-0.44283869532764997,3511.87197265625,3408.985986328125,62.37338994512909,26.066336424631118,7.190411810017508,42.76642694742346,1875.4000244140625,41.36000061035156,92.75,0.972000002861023,24.799999237060547,85552000.0
2020-11-11,8.181065670764273,0.09372180299999999,-0.6305799046666666,0.03808940311490002,-0.221417460163825,-0.502311337,0.066275083836175,-0.22329672849999999,-0.52071686493106,3537.715966796875,3439.148974609375,64.36710061019974,33.70071894050943,12.492473236115893,27.333768545746487,1860.699951171875,41.45000076293945,93.04000091552734,0.9580000042915344,23.450000762939453,58649000.0
2020-11-12,8.171037019217202,-0.5390208588000001,0.09372180299999999,-0.6305799046666666,0.03808940311490002,-0.221417460163825,-0.502311337,0.066275083836175,-0.22329672849999999,3543.027978515625,3461.83896484375,59.877325930220344,36.45415213275919,17.284809015444555,22.937496792459193,1872.5999755859375,41.119998931884766,92.95999908447266,0.8849999904632568,25.350000381469727,67546200.0
2020-11-13,8.184555565923496,-0.29778793488509997,-0.5390208588000001,0.09372180299999999,-0.6305799046666666,0.03808940311490002,-0.221417460163825,-0.502311337,0.066275083836175,3558.169970703125,3493.357958984375,63.57239587300978,42.036187778129715,22.23508476798159,20.026330352228605,1885.699951171875,40.130001068115234,92.76000213623047,0.8930000066757202,23.100000381469727,62892200.0
2020-11-16,8.196136300846328,-0.33487408821843334,-0.4485580538533333,-0.473336688663825,-0.29778793488509997,-0.5390208588000001,0.09372180299999999,-0.6305799046666666,0.03808940311490002,3573.451953125,3525.024951171875,66.45815390740412,49.26181548411796,27.640430911208867,35.71719400282513,1887.300048828125,41.34000015258789,92.56999969482422,0.906000018119812,22.450000762939453,74541100.0
2020-11-17,8.191332857061681,-0.007686414,-0.33487408821843334,-0.4485580538533333,-0.473336688663825,-0.29778793488509997,-0.5390208588000001,0.09372180299999999,-0.6305799046666666,3586.251953125,3549.061962890625,64.17940776732706,52.97510220337881,32.707365169642856,34.66145387798164,1884.5,41.43000030517578,92.41999816894531,0.871999979019165,22.709999084472656,66111000.0
2020-11-18,8.1797016464142,-0.473336688663825,-0.007686414,-0.33487408821843334,-0.4485580538533333,-0.473336688663825,-0.29778793488509997,-0.5390208588000001,0.09372180299999999,3585.277978515625,3561.49697265625,58.95144694098091,51.95098172594453,36.55608848090319,35.20305774689167,1873.5,41.81999969482422,92.31999969482422,0.8820000290870667,23.84000015258789,70591300.0
2020-11-19,8.183640322104933,-0.17863706093106,-0.473336688663825,-0.007686414,-0.33487408821843334,-0.4485580538533333,-0.473336688663825,-0.29778793488509997,-0.5390208588000001,3594.25,3568.6389892578127,60.131242416681886,51.679771268114564,39.580825038345466,23.645041567547974,1861.0999755859375,41.7400016784668,92.29000091552734,0.8539999723434448,23.110000610351562,59940900.0
2020-11-20,8.176824584732014,-0.2233351285,-0.17863706093106,-0.473336688663825,-0.007686414,-0.33487408821843334,-0.4485580538533333,-0.473336688663825,-0.29778793488509997,3588.72802734375,3573.4489990234374,57.07840400990766,48.937480246815994,41.45215608003957,28.93397875993687,1872.5999755859375,42.150001525878906,92.38999938964844,0.8289999961853027,23.700000762939453,70417300.0
2020-11-23,8.182444692913863,-0.17807089293106,-0.33225782,-0.29778793488509997,-0.2233351285,-0.17863706093106,-0.473336688663825,-0.007686414,-0.33487408821843334,3578.8640625,3576.1580078125,58.928934413490104,47.83070365235244,42.72786559450215,19.547435038479115,1837.800048828125,43.060001373291016,92.51000213623047,0.8569999933242798,22.65999984741211,63230600.0
2020-11-24,8.198477151727896,-0.6667844046666667,-0.17807089293106,-0.33225782,-0.29778793488509997,-0.2233351285,-0.17863706093106,-0.473336688663825,-0.007686414,3584.0400390625,3585.14599609375,63.77879517616265,51.03089937895629,44.38847235139298,30.213766679758358,1804.800048828125,44.90999984741211,92.2300033569336,0.8820000290870667,21.639999389648438,62415900.0
2020-11-25,8.196891476972386,-0.378626209586368,-0.6667844046666667,-0.17807089293106,-0.33225782,-0.29778793488509997,-0.2233351285,-0.17863706093106,-0.473336688663825,3596.41201171875,3590.8449951171874,62.98092275258193,52.49713856375047,46.010205593864484,34.286861111126946,1805.699951171875,45.709999084472656,91.98999786376953,0.878000020980835,21.25,45330900.0
2020-11-27,8.199285587998288,-0.29778793488509997,-0.446682107,-0.378626209586368,-0.6667844046666667,-0.17807089293106,-0.33225782,-0.29778793488509997,-0.2233351285,3607.7080078125,3600.97900390625,63.71920829789023,53.74167614299131,47.55649970368985,37.45562072709482,1781.9000244140625,45.529998779296875,91.79000091552734,0.8420000076293945,20.84000015258789,28514100.0
2020-11-30,8.194679447361315,-0.1396259468,-0.29778793488509997,-0.405130766163825,-0.29778793488509997,-0.446682107,-0.378626209586368,-0.6667844046666667,-0.17807089293106,3620.5259765625,3604.627001953125,61.19339715539742,52.770494131863416,48.59929858932456,24.835388042280844,1775.699951171875,45.34000015258789,91.87000274658203,0.843999981880188,20.56999969482422,83872700.0
2020-12-01,8.20588758802291,0.029341735000000008,-0.1396259468,-0.29778793488509997,-0.405130766163825,-0.29778793488509997,-0.446682107,-0.378626209586368,-0.6667844046666667,3637.49794921875,3608.181005859375,64.85606433164503,54.664525141763534,49.81234389981236,15.338479623352917,1814.0999755859375,44.54999923706055,91.30999755859375,0.9340000152587891,20.770000457763672,74231400.0
2020-12-02,8.207677152551513,-0.9602818033333334,0.029341735000000008,-0.1396259468,-0.29778793488509997,-0.405130766163825,-0.29778793488509997,-0.446682107,-0.378626209586368,3644.21796875,3614.12900390625,65.42090265712034,56.04880453714941,51.05963602727977,20.639359105008122,1825.699951171875,45.279998779296875,91.12000274658203,0.9480000138282776,21.170000076293945,45927000.0
2020-12-03,8.207052800471219,-0.50622567,-0.9602818033333334,0.029341735000000008,-0.1396259468,-0.29778793488509997,-0.405130766163825,-0.29778793488509997,-0.446682107,3651.631982421875,3624.0219970703124,65.027991863354,56.311939926985815,52.110096807220984,20.755758938844597,1836.800048828125,45.63999938964844,90.70999908447266,0.9200000166893005,21.280000686645508,62882000.0
2020-12-04,8.215850264186406,-0.9597884766666667,-0.50622567,-0.9602818033333334,0.029341735000000008,-0.1396259468,-0.29778793488509997,-0.405130766163825,-0.29778793488509997,3663.785986328125,3635.7469970703123,67.95995998458474,58.46099569353737,53.380276584484264,27.67364062756663,1835.9000244140625,46.2599983215332,90.69999694824219,0.968999981880188,20.790000915527344,50749900.0
2020-12-07,8.213912750747442,-0.9413070299999999,-0.9413070299999999,0.0007960975000000092,-0.9597884766666667,-0.50622567,-0.9602818033333334,0.029341735000000008,-0.1396259468,3677.852001953125,3649.1889892578124,66.63050994999539,58.90732611526846,54.48568649064111,16.512823397217037,1861.800048828125,45.7599983215332,90.79000091552734,0.9279999732971191,21.299999237060547,48944300.0
2020-12-08,8.216696021917613,-0.47063935,-0.9413070299999999,-0.9413070299999999,0.0007960975000000092,-0.9597884766666667,-0.50622567,-0.9602818033333334,0.029341735000000008,3685.81201171875,3661.65498046875,67.61111496567628,59.406564449356665,55.46986208238422,16.822036955089562,1870.800048828125,45.599998474121094,90.97000122070312,0.9129999876022339,20.68000030517578,42458900.0
2020-12-09,8.20871505696914,-0.9608493,-0.47063935,-0.9413070299999999,-0.9413070299999999,0.0007960975000000092,-0.9597884766666667,-0.50622567,-0.9602818033333334,3686.5740234375,3665.39599609375,61.999478955903825,56.77302085431165,55.73049383676971,15.933484573347592,1834.5999755859375,45.52000045776367,91.08999633789062,0.9409999847412109,22.270000457763672,74098300.0
2020-12-10,8.207429122441368,-0.2942078533333333,-0.9608493,-0.47063935,-0.9413070299999999,-0.9413070299999999,0.0007960975000000092,-0.9597884766666667,-0.50622567,3686.850048828125,3669.241015625,61.123260013117445,53.68619535077369,55.321634139570506,15.50987827407805,1833.5999755859375,46.779998779296875,90.79000091552734,0.9079999923706055,22.520000457763672,57735400.0
2020-12-11,8.206163324357137,-0.9608493,-0.2942078533333333,-0.9608493,-0.47063935,-0.9413070299999999,-0.9413070299999999,0.0007960975000000092,-0.9597884766666667,3679.718017578125,3671.752001953125,60.222192528092044,50.28578047042856,54.31446340574212,16.616539813837747,1839.800048828125,46.56999969482422,90.9800033569336,0.8930000066757202,23.309999465942383,57698600.0
2020-12-14,8.20179453611199,-0.30285822199999995,-0.9608493,-0.9999985,-0.9608493,-0.2942078533333333,-0.9608493,-0.47063935,-0.9413070299999999,3670.8240234375,3674.3380126953125,57.1021446745497,45.77462265372105,52.606495255337904,19.98563541601447,1828.699951171875,46.9900016784668,90.70999908447266,0.8920000195503235,24.719999313354492,69216200.0
2020-12-15,8.214633018134208,-0.6339778286666666,-0.30285822199999995,-0.9608493,-0.9999985,-0.9608493,-0.2942078533333333,-0.9608493,-0.47063935,3669.298046875,3677.555029296875,63.16700615388734,45.47825987445685,51.1808481791617,17.064008500590415,1852.300048828125,47.619998931884766,90.47000122070312,0.9229999780654907,22.889999389648438,63865300.0
2020-12-16,8.216404243754532,0.001527119999999993,-0.6339778286666666,-0.30285822199999995,-0.9608493,-0.9999985,-0.9608493,-0.2942078533333333,-0.9608493,3674.968017578125,3680.7710205078124,63.930214806363914,45.250287588002266,49.99473606092981,22.40195575301761,1856.0999755859375,47.81999969482422,90.44999694824219,0.9200000166893005,22.5,58420500.0
2020-12-17,8.222145386563515,-0.3323325333333333,0.001527119999999993,-0.6339778286666666,-0.30285822199999995,-0.9608493,-0.9999985,-0.9608493,-0.2942078533333333,3685.843994140625,3686.347021484375,66.37168983544669,46.255951723323506,49.24697919340855,30.10886268595689,1887.199951171875,48.36000061035156,89.81999969482422,0.9300000071525574,21.93000030517578,64119500.0
2020-12-18,8.218628089611366,-0.970636625,-0.3323325333333333,0.001527119999999993,-0.6339778286666666,-0.30285822199999995,-0.9608493,-0.9999985,-0.9608493,3695.033984375,3687.3760009765624,63.53132240160198,45.47410533089533,48.492404420905906,28.540332836614503,1885.699951171875,49.099998474121094,90.0199966430664,0.9480000138282776,21.56999969482422,136542300.0
2020-12-21,8.214714161124457,0.023473388807129746,-0.31258064333333335,-0.6783084523999999,-0.970636625,-0.3323325333333333,0.001527119999999993,-0.6339778286666666,-0.30285822199999995,3704.519970703125,3687.6719970703125,60.44306801350494,43.18742753658262,47.43140904404125,11.703251065646318,1879.199951171875,47.7400016784668,90.04000091552734,0.9409999847412109,25.15999984741211,96386700.0
2020-12-22,8.212638916432686,0.001527119999999993,0.023473388807129746,-0.31258064333333335,-0.6783084523999999,-0.970636625,-0.3323325333333333,0.001527119999999993,-0.6339778286666666,3703.04794921875,3686.172998046875,58.81543364213263,40.292659323919,46.003659100016804,13.573220488365056,1866.5999755859375,47.02000045776367,90.6500015258789,0.9179999828338623,24.229999542236328,47949000.0
2020-12-23,8.213384449704504,-0.47066674,0.001527119999999993,0.023473388807129746,-0.31258064333333335,-0.6783084523999999,-0.970636625,-0.3323325333333333,0.001527119999999993,3700.815966796875,3687.8919921875,59.23979932456995,37.78487614506366,44.35990250902618,14.81959352111905,1874.699951171875,48.119998931884766,90.41000366210938,0.9549999833106995,23.309999465942383,46201400.0
2020-12-24,8.216914799683991,-0.005421728666666671,-0.47066674,0.001527119999999993,0.023473388807129746,-0.31258064333333335,-0.6783084523999999,-0.970636625,-0.3323325333333333,3696.931982421875,3691.38798828125,61.27880590124927,36.43052141122325,42.774026289465596,9.202733221931451,1879.9000244140625,48.22999954223633,90.33000183105469,0.9279999732971191,21.530000686645508,26457900.0
2020-12-28,8.225599507222404,-0.9080097866666667,-0.6275378835517667,-0.6275378835517667,-0.99693626,-0.005421728666666671,-0.47066674,0.001527119999999993,0.023473388807129746,3702.122021484375,3698.5780029296875,65.83441914923984,37.53089670961799,41.72540037349608,19.526269032986107,1877.199951171875,47.619998931884766,90.33999633789062,0.9330000281333923,21.700000762939453,39000400.0
2020-12-29,8.223369642395124,-0.9219411319999999,-0.9080097866666667,-0.6275378835517667,-0.6275378835517667,-0.99693626,-0.005421728666666671,-0.47066674,0.001527119999999993,3708.546044921875,3706.5330078125,63.75370726129594,37.30160242516649,40.84064078383017,21.72439702849569,1879.699951171875,48.0,90.01000213623047,0.9350000023841858,23.079999923706055,53680500.0
2020-12-30,8.224710290490204,0.39581136866666666,-0.9219411319999999,-0.9080097866666667,-0.6275378835517667,-0.6275378835517667,-0.99693626,-0.005421728666666671,-0.47066674,3717.50205078125,3710.275,64.48024256899431,37.09572681854297,40.09165799077273,19.909921950171384,1891.0,48.400001525878906,89.62999725341797,0.9259999990463257,22.770000457763672,49455300.0
2020-12-31,8.231128495201908,0.3343482466666667,0.39581136866666666,-0.9219411319999999,-0.9080097866666667,-0.6275378835517667,-0.6275378835517667,-0.99693626,-0.005421728666666671,3730.7140625,3715.7650146484375,67.81883825957937,38.42861035477381,39.759048463572945,19.003377072690732,1893.0999755859375,48.52000045776367,89.94000244140625,0.9169999957084656,22.75,78520700.0
2021-01-04,8.216263732489882,-0.32723321666666666,-0.330384804525887,-0.3499965036666666,-0.24778850105824024,0.3343482466666667,0.39581136866666666,-0.9219411319999999,-0.9080097866666667,3730.23203125,3713.5820068359376,54.98309012173635,34.6139775416882,38.730034279196,19.89008159794314,1944.699951171875,47.619998931884766,89.87999725341797,0.9169999957084656,26.969999313354492,110210800.0
2021-01-05,8.223321363873243,0.008261249999999998,-0.32723321666666666,-0.330384804525887,-0.3499965036666666,-0.24778850105824024,0.3343482466666667,0.39581136866666666,-0.9219411319999999,3728.53203125,3715.3270263671875,58.94100488374815,33.32168639759175,37.64836470287515,19.704593937515376,1952.699951171875,49.93000030517578,89.44000244140625,0.9549999833106995,25.34000015258789,66426200.0
2021-01-06,8.229014967255718,-0.495577207,0.008261249999999998,-0.32723321666666666,-0.330384804525887,-0.3499965036666666,-0.24778850105824024,0.3343482466666667,0.39581136866666666,3732.752001953125,3720.6490234375,61.87200745967997,33.62700598208812,36.844092958717745,21.48421228756553,1906.9000244140625,50.630001068115234,89.52999877929688,1.0420000553131104,25.06999969482422,107997700.0
2021-01-07,8.24375322736347,-0.51173144275,-0.495577207,0.008261249999999998,-0.32723321666666666,-0.330384804525887,-0.3499965036666666,-0.24778850105824024,0.3343482466666667,3747.102001953125,3732.3020263671874,68.25429805785016,37.92233066405561,37.05974049978532,38.283706833534374,1912.300048828125,50.83000183105469,89.83000183105469,1.0709999799728394,22.3700008392334,68766800.0
2021-01-08,8.249230064756986,-0.3303846682184333,-0.51173144275,-0.495577207,0.008261249999999998,-0.32723321666666666,-0.330384804525887,-0.3499965036666666,-0.24778850105824024,3760.823974609375,3745.7690185546876,70.26633372646364,42.52188039930434,38.152168479689124,52.103299145307126,1834.0999755859375,52.2400016784668,90.0999984741211,1.1050000190734863,21.559999465942383,71677200.0
2021-01-11,8.242653737140365,-0.495577207,-0.3149734283944152,-0.495577207,-0.3303846682184333,-0.51173144275,-0.495577207,0.008261249999999998,-0.32723321666666666,3780.616015625,3755.4240234375,64.94640716124741,43.64106438070394,39.24994765989209,41.18202221540599,1849.5999755859375,52.25,90.54000091552734,1.1319999694824219,24.079999923706055,51034700.0
2021-01-12,8.243069439170934,-0.9901269500000001,-0.495577207,-0.3149734283944152,-0.495577207,-0.3303846682184333,-0.51173144275,-0.495577207,0.008261249999999998,3795.481982421875,3762.0070068359373,65.12559560146411,44.14661050299583,40.229280228512835,28.33919426466381,1842.9000244140625,53.209999084472656,90.05000305175781,1.1380000114440918,23.329999923706055,52547700.0
2021-01-13,8.24534249555766,-0.495577207,-0.9901269500000001,-0.495577207,-0.3149734283944152,-0.495577207,-0.3303846682184333,-0.51173144275,-0.495577207,3807.822021484375,3770.28701171875,66.1460269428042,44.729638546246406,41.12935189205955,10.197286745004158,1853.5999755859375,52.90999984741211,90.31999969482422,1.0880000591278076,22.209999084472656,45303600.0
2021-01-14,8.241581982488917,-0.495577207,-0.495577207,-0.9901269500000001,-0.495577207,-0.3149734283944152,-0.495577207,-0.3303846682184333,-0.51173144275,3806.172021484375,3776.63701171875,62.87091956068258,43.53594279274603,41.61067007219685,11.585727618499908,1850.300048828125,53.56999969482422,90.23999786376953,1.128999948501587,23.25,49989100.0
2021-01-15,8.234365981690638,-0.3303846682184333,-0.495577207,-0.495577207,-0.9901269500000001,-0.495577207,-0.3149734283944152,-0.495577207,-0.3303846682184333,3794.88603515625,3777.8550048828124,57.06412740539002,39.92759180376106,41.27405441850969,15.776452991061815,1829.300048828125,52.36000061035156,90.77999877929688,1.097000002861023,24.34000015258789,107160000.0
2021-01-19,8.2424694393264,-0.330384804525887,-0.983468,0.0029060286666666817,-0.99020213,-0.3303846682184333,-0.495577207,-0.495577207,-0.9901269500000001,3794.74599609375,3787.681005859375,61.37983512150561,39.09132584899362,40.83750870460648,15.727067019828,1839.5,52.97999954223633,90.5,1.0920000076293945,23.239999771118164,51233300.0
2021-01-20,8.256308856702912,-0.0649758035,-0.330384804525887,-0.983468,0.0029060286666666817,-0.99020213,-0.3303846682184333,-0.495577207,-0.495577207,3804.87802734375,3800.1800048828127,67.46157091575579,42.21379523462201,41.11276601060958,30.395008825461712,1865.9000244140625,53.2400016784668,90.47000122070312,1.090000033378601,21.579999923706055,61836100.0
2021-01-21,8.256625529864225,-0.495577207,-0.0649758035,-0.330384804525887,-0.983468,0.0029060286666666817,-0.99020213,-0.3303846682184333,-0.495577207,3813.5240234375,3810.6730224609373,67.5882382670452,44.2764250915925,41.74549782680617,37.48169812093199,1865.300048828125,53.130001068115234,90.12999725341797,1.1089999675750732,21.31999969482422,47840100.0
2021-01-22,8.253610377201287,-0.1976200308572964,-0.495577207,-0.0649758035,-0.330384804525887,-0.983468,0.0029060286666666817,-0.99020213,-0.3303846682184333,3822.710009765625,3814.441015625,64.99728115025397,44.46250707428635,42.28889967630221,37.6003700998576,1855.699951171875,52.27000045776367,90.23999786376953,1.090999960899353,21.90999984741211,52860500.0
2021-01-25,8.257219694714305,0.008265850000000019,-0.983468,-0.1976200308572964,-0.495577207,-0.0649758035,-0.330384804525887,-0.983468,0.0029060286666666817,3840.13203125,3817.509033203125,66.64607227266514,45.209647658527956,42.87304927274736,23.65192051856276,1854.9000244140625,52.77000045776367,90.38999938964844,1.0399999618530273,23.190000534057617,70402000.0
2021-01-26,8.255729751553151,-0.6632689046666667,0.008265850000000019,-0.983468,-0.1976200308572964,-0.495577207,-0.0649758035,-0.330384804525887,-0.983468,3850.274072265625,3822.5100341796874,65.27765754774595,44.821913594339094,43.262822137065704,5.341092242370372,1850.699951171875,52.61000061035156,90.16999816894531,1.0399999618530273,23.020000457763672,42665300.0
2021-01-27,8.22971643642705,-0.495577207,-0.6632689046666667,0.008265850000000019,-0.983468,-0.1976200308572964,-0.495577207,-0.0649758035,-0.330384804525887,3830.058056640625,3817.4680419921874,47.27533836491335,36.12186443079463,41.83463059581149,44.63531472149664,1844.9000244140625,52.849998474121094,90.6500015258789,1.0140000581741333,37.209999084472656,123351100.0
2021-01-28,8.23942973520581,-0.330384798095494,-0.495577207,-0.6632689046666667,0.008265850000000019,-0.983468,-0.1976200308572964,-0.495577207,-0.0649758035,3816.92001953125,3815.222021484375,52.50005444828296,31.81438635152699,39.83058174695459,45.82051675742926,1837.9000244140625,52.34000015258789,90.45999908447266,1.0570000410079956,30.209999084472656,94198100.0
2021-01-29,8.219929357551019,-0.330384804525887,-0.330384798095494,-0.495577207,-0.6632689046666667,0.008265850000000019,-0.983468,-0.1976200308572964,-0.495577207,3791.4740234375,3807.0920166015626,43.27398571077495,22.242503133885293,36.31296602434074,61.44321311487823,1847.300048828125,52.20000076293945,90.58000183105469,1.093000054359436,33.09000015258789,126765100.0
2021-02-01,8.235853657785697,-0.663315828,-0.3958132080572964,-0.17536826093106,-0.330384804525887,-0.330384798095494,-0.495577207,-0.6632689046666667,0.008265850000000019,3775.1740234375,3807.65302734375,50.85548617236869,19.24570935571728,32.89951469061605,50.00360502520854,1860.800048828125,53.54999923706055,91.0199966430664,1.0770000219345093,30.239999771118164,75817600.0
2021-02-02,8.249656186600008,-0.495577207,-0.663315828,-0.3958132080572964,-0.17536826093106,-0.330384804525887,-0.330384798095494,-0.495577207,-0.6632689046666667,3770.51201171875,3810.3930419921876,56.37888726852583,20.862511368233754,30.492114026139596,41.72961631924894,1830.5,54.7599983215332,91.19999694824219,1.1050000190734863,25.559999465942383,64450700.0
2021-02-03,8.250664447215353,-0.495577207,-0.495577207,-0.663315828,-0.3958132080572964,-0.17536826093106,-0.330384804525887,-0.330384798095494,-0.495577207,3786.3919921875,3808.2250244140623,56.764000604491706,22.199396495995188,28.833570520110715,47.1006756927313,1832.199951171875,55.689998626708984,91.12000274658203,1.13100004196167,22.90999984741211,52427100.0
2021-02-04,8.261459294859275,-0.495577207,-0.495577207,-0.495577207,-0.663315828,-0.3958132080572964,-0.17536826093106,-0.330384804525887,-0.330384798095494,3803.264013671875,3810.0920166015626,60.77999386625617,26.30995985272648,28.32884838663387,60.69158487946196,1788.9000244140625,56.22999954223633,91.52999877929688,1.1390000581741333,21.770000457763672,47142600.0
2021-02-05,8.265349214467038,0.0029453619999999987,-0.495577207,-0.495577207,-0.495577207,-0.663315828,-0.3958132080572964,-0.17536826093106,-0.330384804525887,3837.78203125,3814.62802734375,62.154227464076335,30.43442579183693,28.749963867674484,44.25611989399971,1810.9000244140625,56.849998474121094,91.04000091552734,1.1699999570846558,20.8700008392334,48669800.0
2021-02-08,8.272721321943328,-0.495577207,-0.6626968913333333,-0.495577207,0.0029453619999999987,-0.495577207,-0.495577207,-0.495577207,-0.663315828,3866.12802734375,3820.651025390625,64.6933920008476,35.61325970501548,30.122623035142684,38.02966096304291,1831.9000244140625,57.970001220703125,90.93000030517578,1.159999966621399,21.239999771118164,38365200.0
2021-02-09,8.271607176521606,-0.983468,-0.495577207,-0.6626968913333333,-0.495577207,0.0029453619999999987,-0.495577207,-0.495577207,-0.495577207,3883.11201171875,3826.81201171875,63.992429298918545,38.91708671211427,31.881515770537003,34.61017684843017,1835.300048828125,58.36000061035156,90.44000244140625,1.156999945640564,21.6299991607666,35551100.0
2021-02-10,8.271261931999215,-0.495577207,-0.983468,-0.495577207,-0.6626968913333333,-0.495577207,0.0029453619999999987,-0.495577207,-0.495577207,3899.05400390625,3842.722998046875,63.76204657289101,40.954355503363786,33.69608371710236,18.936577286133325,1840.5999755859375,58.68000030517578,90.37000274658203,1.1330000162124634,21.989999771118164,59154400.0
2021-02-11,8.272923006813803,-0.495577207,-0.495577207,-0.983468,-0.495577207,-0.6626968913333333,-0.495577207,0.0029453619999999987,-0.495577207,3907.981982421875,3855.622998046875,64.4260739273451,42.602308482224544,35.4773286701268,12.144572577741947,1824.9000244140625,58.2400016784668,90.41999816894531,1.1579999923706055,21.25,42913300.0
2021-02-12,8.277622977739965,-0.99020213,-0.495577207,-0.495577207,-0.983468,-0.495577207,-0.6626968913333333,-0.495577207,0.0029453619999999987,3917.581982421875,3877.6820068359375,66.31300844969978,44.8797537927876,37.35781369465896,10.032195172096777,1821.5999755859375,59.470001220703125,90.4800033569336,1.2000000476837158,19.969999313354492,50593300.0
2021-02-16,8.27705354322455,-0.5278856785,-0.3499965036666666,-0.0332607555,-0.983468,-0.99020213,-0.495577207,-0.495577207,-0.983468,3920.981982421875,3893.5550048828127,65.85628626344571,45.97393817646707,39.08103859102058,11.895958828754303,1797.199951171875,60.04999923706055,90.51000213623047,1.2990000247955322,21.459999084472656,50972400.0
2021-02-18,8.27230747564839,-0.983468,-0.5278856785,-0.3499965036666666,-0.0332607555,-0.983468,-0.99020213,-0.495577207,-0.495577207,3925.82001953125,3912.43701171875,61.77437879272581,44.47776692481466,41.30050160654754,9.835084718215631,1773.4000244140625,60.52000045776367,90.58999633789062,1.2869999408721924,22.489999771118164,59712800.0
2021-02-19,8.270450856552724,-0.007686414,-0.983468,-0.5278856785,-0.3499965036666666,-0.0332607555,-0.983468,-0.99020213,-0.495577207,3923.88603515625,3915.9340087890623,60.20001088714999,42.03711808567323,41.44782490237268,12.69145624063738,1775.800048828125,59.2400016784668,90.36000061035156,1.3450000286102295,22.049999237060547,83241000.0
2021-02-22,8.262687963659014,-0.99693626,-0.495577207,-0.6636375046666666,-0.007686414,-0.983468,-0.5278856785,-0.3499965036666666,-0.0332607555,3912.22001953125,3914.9010009765625,54.0294323026161,37.23596193366029,40.605452308630205,22.85539812902981,1806.699951171875,61.4900016784668,90.01000213623047,1.3700000047683716,23.450000762939453,67414200.0
2021-02-23,8.26394349327054,-0.99879307,-0.99693626,-0.495577207,-0.6636375046666666,-0.007686414,-0.983468,-0.5278856785,-0.3499965036666666,3901.976025390625,3911.47900390625,54.83318549525091,33.438530286115565,39.172067904127275,22.921368875098526,1804.4000244140625,61.66999816894531,90.16999816894531,1.3619999885559082,23.110000610351562,107284100.0
2021-02-24,8.275231160941527,-0.495577207,-0.99879307,-0.99693626,-0.495577207,-0.6636375046666666,-0.007686414,-0.983468,-0.5278856785,3900.79599609375,3912.8989990234377,61.407282915392216,33.59701171195093,38.057056665692,21.112908167618983,1796.4000244140625,63.220001220703125,90.18000030517578,1.3890000581741333,21.34000015258789,72433900.0
2021-02-25,8.250447766517354,-0.3303848037354299,-0.495577207,-0.99879307,-0.99693626,-0.495577207,-0.6636375046666666,-0.007686414,-0.983468,3883.87001953125,3904.84501953125,45.76313406782463,25.673019461970853,35.58024922494778,36.34201893927578,1774.4000244140625,63.529998779296875,90.12999725341797,1.5180000066757202,28.889999389648438,146670500.0
2021-02-26,8.245686234223555,-0.495577207,-0.3303848037354299,-0.495577207,-0.99879307,-0.99693626,-0.495577207,-0.6636375046666666,-0.007686414,3864.7580078125,3894.322021484375,43.503685629459866,17.72112447078871,32.00842427411597,45.340867115013744,1728.0999755859375,61.5,90.93000030517578,1.4600000381469727,27.950000762939453,152701600.0
2021-03-01,8.269198407449249,-0.4199645713333333,-0.495577207,-0.007686414,-0.495577207,-0.3303848037354299,-0.495577207,-0.99879307,-0.99693626,3869.822021484375,3891.0210205078124,55.34001870583937,18.52200489238203,29.311140397769183,48.297716566287,1722.5,60.63999938964844,91.04000091552734,1.4459999799728394,23.350000381469727,105348800.0
2021-03-02,8.26108472870974,-0.495577207,-0.4199645713333333,-0.495577207,-0.007686414,-0.495577207,-0.3303848037354299,-0.495577207,-0.99879307,3867.606005859375,3884.791015625,51.313984620777354,16.423182317043484,26.733548781624044,47.88784971655977,1733.0999755859375,59.75,90.79000091552734,1.4149999618530273,24.100000381469727,79595300.0
2021-03-03,8.247932392814938,0.4616250515,-0.495577207,-0.4199645713333333,-0.495577207,-0.007686414,-0.495577207,-0.3303848037354299,-0.495577207,3846.464013671875,3873.6300048828125,45.58574645889872,10.557567355366245,23.498352496372487,38.36512545219873,1715.300048828125,61.279998779296875,90.94999694824219,1.4700000286102295,26.670000076293945,119940200.0
2021-03-04,8.234424354750548,-0.495577207,0.4616250515,-0.495577207,-0.4199645713333333,-0.495577207,-0.007686414,-0.495577207,-0.3303848037354299,3834.289990234375,3859.0800048828123,40.63500083789337,1.7533668314836177,19.149355363394715,52.28847644323094,1700.199951171875,63.83000183105469,91.62999725341797,1.5499999523162842,28.56999969482422,183433000.0
2021-03-05,8.253732711089258,-0.495577207,-0.495577207,0.4616250515,-0.495577207,-0.4199645713333333,-0.495577207,-0.007686414,-0.495577207,3840.447998046875,3852.6030029296876,49.15921696395017,0.6963599035461812,15.458756271425008,50.6699907718302,1698.0,66.08999633789062,91.9800033569336,1.5540000200271606,24.65999984741211,152039600.0
2021-03-08,8.248359067865232,-0.330384798095494,-0.495577207,-0.983468,-0.495577207,-0.495577207,0.4616250515,-0.495577207,-0.4199645713333333,3824.35400390625,3847.0880126953125,47.11732626037627,-1.7822098109750186,12.010563054945004,37.32595413102277,1677.699951171875,65.05000305175781,92.30999755859375,1.5959999561309814,25.469999313354492,123149200.0
2021-03-09,8.262414468609164,-0.4199645713333333,-0.330384798095494,-0.495577207,-0.983468,-0.495577207,-0.495577207,0.4616250515,-0.495577207,3825.383984375,3846.4949951171875,52.67812112273767,0.6110602538410603,9.730662494724216,38.94629890218225,1716.5999755859375,64.01000213623047,91.95999908447266,1.5460000038146973,24.030000686645508,113633600.0
2021-03-10,8.268426672380151,-0.2018088328572964,-0.4199645713333333,-0.330384798095494,-0.495577207,-0.983468,-0.495577207,-0.495577207,0.4616250515,3841.202001953125,3843.8330078125,54.885464055928104,4.34344859588964,8.6532197149573,50.43688064428975,1721.5,64.44000244140625,91.79000091552734,1.5199999809265137,22.559999465942383,109899400.0
2021-03-11,8.278768497880808,-0.4199645713333333,-0.2018088328572964,-0.4199645713333333,-0.330384798095494,-0.495577207,-0.983468,-0.495577207,-0.495577207,3875.376025390625,3854.8330078125,58.50079699413078,10.45135121695057,9.012846015355954,46.576098668460006,1722.300048828125,66.0199966430664,91.41999816894531,1.5269999504089355,21.90999984741211,86245000.0
2021-03-12,8.27978338120834,-0.9934660533333334,-0.4199645713333333,-0.2018088328572964,-0.4199645713333333,-0.330384798095494,-0.495577207,-0.983468,-0.495577207,3895.6560546875,3868.0520263671874,58.85127113859698,15.436729609895792,10.297622734263923,50.30426424911633,1719.5,65.61000061035156,91.68000030517578,1.6349999904632568,20.690000534057617,64653600.0
2021-03-15,8.286254320747753,-0.6637124546666667,-0.25520797279999996,-0.6632689046666667,-0.9934660533333334,-0.4199645713333333,-0.2018088328572964,-0.4199645713333333,-0.330384798095494,3925.1740234375,3874.764013671875,61.11468524923718,21.208889262482444,12.479876039907627,37.46557224047975,1728.9000244140625,65.38999938964844,91.83000183105469,1.6069999933242798,20.030000686645508,73427200.0
2021-03-16,8.284683403769156,-0.99020213,-0.6637124546666667,-0.25520797279999996,-0.6632689046666667,-0.9934660533333334,-0.4199645713333333,-0.2018088328572964,-0.4199645713333333,3942.62802734375,3884.006005859375,60.246182856861175,24.992561325976567,14.982413097121416,27.508784233142084,1730.5999755859375,64.80000305175781,91.87000274658203,1.621000051498413,19.790000915527344,73722500.0
2021-03-18,8.272688088353368,-0.6637097946666667,-0.99020213,-0.6637124546666667,-0.25520797279999996,-0.6632689046666667,-0.9934660533333334,-0.4199645713333333,-0.2018088328572964,3952.914013671875,3914.14501953125,53.28628198535327,26.389736051871296,19.439871295130104,23.963283842100154,1732.199951171875,60.0,91.8499984741211,1.7300000190734863,21.579999923706055,115349100.0
2021-03-19,8.272085202679614,-0.5016415310716205,-0.6637097946666667,-0.99020213,-0.6637124546666667,-0.25520797279999996,-0.6632689046666667,-0.9934660533333334,-0.4199645713333333,3946.866015625,3921.26103515625,52.98520980969721,24.182869055693118,20.388470847242708,30.031451603891718,1741.4000244140625,61.41999816894531,91.91999816894531,1.7319999933242798,20.950000762939453,113624500.0
2021-03-22,8.279085759577956,-0.9950681725,-0.663128588,-0.49778434089441526,-0.5016415310716205,-0.6637097946666667,-0.99020213,-0.6637124546666667,-0.25520797279999996,3941.196044921875,3933.1850341796876,56.0970770711532,24.371187649398962,21.18501420767396,27.381282714689615,1737.800048828125,61.54999923706055,91.80000305175781,1.684000015258789,18.8799991607666,73778600.0
2021-03-23,8.271425641458622,-0.663657638,-0.9950681725,-0.663128588,-0.49778434089441526,-0.5016415310716205,-0.6637097946666667,-0.99020213,-0.6637124546666667,3930.758056640625,3936.6930419921873,52.03952243117922,21.842244483043032,21.316460262747775,27.075591069487214,1724.699951171875,57.7599983215332,92.33999633789062,1.6380000114440918,20.299999237060547,90686600.0
2021-03-24,8.265943304858274,-0.495577207,-0.663657638,-0.9950681725,-0.663128588,-0.49778434089441526,-0.5016415310716205,-0.6637097946666667,-0.99020213,3913.76201171875,3935.726025390625,49.308611923601134,17.906427094531864,20.63445362910459,18.30181751342422,1732.9000244140625,61.18000030517578,92.52999877929688,1.6139999628067017,21.200000762939453,97588600.0
2021-03-25,8.271169888291002,-0.491733990143241,-0.495577207,-0.663657638,-0.9950681725,-0.663128588,-0.49778434089441526,-0.5016415310716205,-0.6637097946666667,3912.5740234375,3932.7440185546875,51.8998192513047,16.244512748288344,19.75646545294134,18.35674932120435,1724.9000244140625,58.560001373291016,92.87999725341797,1.6139999628067017,19.809999465942383,116128600.0
2021-03-26,8.287664306949718,-0.983468,-0.491733990143241,-0.495577207,-0.663657638,-0.9950681725,-0.663128588,-0.49778434089441526,-0.5016415310716205,3924.86201171875,3935.864013671875,59.085531013285,19.94410263622285,19.793992889597646,33.288203769952645,1732.199951171875,60.970001220703125,92.7699966430664,1.659999966621399,18.860000610351562,114409100.0
2021-03-29,8.286795917323332,-0.007686414,-0.495577207,-0.983468,-0.983468,-0.491733990143241,-0.495577207,-0.663657638,-0.9950681725,3930.96201171875,3936.0790283203123,58.58542371137847,22.340148721193145,20.303224055916747,39.166409994419745,1712.0999755859375,61.560001373291016,92.94000244140625,1.7209999561309814,20.739999771118164,108107600.0
2021-03-30,8.283633087913682,-0.4692080485716205,-0.007686414,-0.495577207,-0.983468,-0.983468,-0.491733990143241,-0.495577207,-0.663657638,3940.568017578125,3935.663037109375,56.706598939924234,22.962459219005268,20.835071088534452,38.78749376895418,1683.9000244140625,60.54999923706055,93.30000305175781,1.7259999513626099,19.610000610351562,76262200.0
2021-03-31,8.287249041506103,-0.9916432500000001,-0.4692080485716205,-0.007686414,-0.495577207,-0.983468,-0.983468,-0.491733990143241,-0.495577207,3957.318017578125,3935.5400146484376,58.35145081045186,24.332263136447636,21.53450949811709,27.45413335914396,1713.800048828125,59.15999984741211,93.2300033569336,1.746000051498413,19.399999618530273,112734200.0
2021-04-01,8.299004871933777,0.0029484286666666797,-0.9916432500000001,-0.4692080485716205,-0.007686414,-0.495577207,-0.983468,-0.983468,-0.491733990143241,3979.388037109375,3945.9810302734377,63.274439860112885,28.87589081112992,23.002785760719657,23.492581231688703,1726.5,61.45000076293945,92.93000030517578,1.6790000200271606,17.329999923706055,99682900.0
2021-04-05,8.31333985969602,-0.007686414,-0.06906852099999998,-0.7438544500000001,-0.495577207,0.0029484286666666797,-0.9916432500000001,-0.4692080485716205,-0.007686414,4000.06201171875,3962.46201171875,68.2651356923399,36.73659823308299,25.749548255192323,49.38014816051506,1727.0,58.650001525878906,92.5999984741211,1.7200000286102295,17.90999984741211,91684800.0
2021-04-06,8.312365854755223,-0.330384798095494,-0.007686414,-0.06906852099999998,-0.7438544500000001,-0.495577207,0.0029484286666666797,-0.9916432500000001,-0.4692080485716205,4020.631982421875,3975.7969970703125,67.5885667983246,42.159928627434056,29.03162432964067,55.35466055443999,1741.5,59.33000183105469,92.33999633789062,1.656000018119812,18.1200008392334,62021000.0
2021-04-07,8.31384000045333,-0.502311337,-0.330384798095494,-0.007686414,-0.06906852099999998,-0.7438544500000001,-0.495577207,0.0029484286666666797,-0.9916432500000001,4044.911962890625,3992.739990234375,68.10394097554385,46.40795260855748,32.50688998542404,47.36407251404245,1740.0999755859375,59.77000045776367,92.45999908447266,1.652999997138977,17.15999984741211,55836300.0
2021-04-08,8.318051751393922,-0.0332607555,-0.502311337,-0.330384798095494,-0.007686414,-0.06906852099999998,-0.7438544500000001,-0.495577207,0.0029484286666666797,4069.76796875,4013.5429931640624,69.59570873617531,50.5809838452019,36.121708757379615,29.274698927441523,1756.800048828125,59.599998474121094,92.05999755859375,1.6319999694824219,16.950000762939453,57863100.0
2021-04-09,8.32574203952961,-0.007686414,-0.0332607555,-0.502311337,-0.330384798095494,-0.007686414,-0.06906852099999998,-0.7438544500000001,-0.495577207,4091.55390625,4035.4709716796874,72.17037750001684,55.79721282937999,40.056809571779695,22.637682572419394,1743.300048828125,59.31999969482422,92.16000366210938,1.6660000085830688,16.690000534057617,61104600.0
2021-04-12,8.32554594145487,-0.99170092,-0.6637124546666667,-0.495577207,-0.007686414,-0.0332607555,-0.502311337,-0.330384798095494,-0.007686414,4101.569970703125,4050.8159912109377,72.00231353497509,59.183555138728934,43.88215868516954,25.931151075858324,1731.199951171875,59.70000076293945,92.13999938964844,1.6749999523162842,16.90999984741211,56704900.0
2021-04-13,8.328835013331933,-0.495577207,-0.99170092,-0.6637124546666667,-0.495577207,-0.007686414,-0.0332607555,-0.502311337,-0.330384798095494,4115.099951171875,4067.865966796875,73.13412268162509,62.24708498777727,47.555143945691086,25.55664417912684,1746.199951171875,60.18000030517578,91.8499984741211,1.6230000257492065,16.649999618530273,56551000.0
2021-04-14,8.324738909011202,-0.3325740541,-0.495577207,-0.99170092,-0.6637124546666667,-0.495577207,-0.007686414,-0.0332607555,-0.502311337,4124.0419921875,4084.4769775390623,69.37438626867439,62.587401564806896,50.56159546951425,16.34505108820569,1734.9000244140625,63.150001525878906,91.69000244140625,1.6380000114440918,16.989999771118164,61659900.0
2021-04-15,8.335772010412322,-0.663128588,-0.3325740541,-0.495577207,-0.99170092,-0.6637124546666667,-0.495577207,-0.007686414,-0.0332607555,4138.6919921875,4104.22998046875,73.36076554009696,65.79113629393441,53.607503634398284,18.870178056413383,1765.4000244140625,63.459999084472656,91.66999816894531,1.5299999713897705,16.56999969482422,60229800.0
2021-04-16,8.339374333802839,-0.8308704663833333,-0.663128588,-0.3325740541,-0.495577207,-0.99170092,-0.6637124546666667,-0.495577207,-0.007686414,4150.02607421875,4120.789990234375,74.5348152680596,68.75202150322048,56.63640720816272,26.797267320614992,1779.0,63.130001068115234,91.55999755859375,1.5729999542236328,16.25,82037300.0
2021-04-19,8.334053643909082,-0.49173409190835,-0.9916580349999999,0.6640619286666667,-0.8308704663833333,-0.663128588,-0.3325740541,-0.495577207,-0.99170092,4157.07998046875,4129.324975585938,69.65593720674495,68.51653081494624,59.01243192951943,24.047549392336755,1769.4000244140625,63.380001068115234,91.06999969482422,1.6009999513626099,17.290000915527344,78498500.0
2021-04-20,8.327228082904004,-0.7426233535,-0.49173409190835,-0.9916580349999999,0.6640619286666667,-0.8308704663833333,-0.663128588,-0.3325740541,-0.495577207,4155.75,4135.424975585937,63.9113761758384,65.29208312075707,60.26836216776696,25.271185572676803,1777.300048828125,62.439998626708984,91.23999786376953,1.562000036239624,18.68000030517578,81851800.0
2021-04-21,8.336491103823857,-0.983468,-0.7426233535,-0.49173409190835,-0.9916580349999999,0.6640619286666667,-0.8308704663833333,-0.663128588,-0.3325740541,4165.501953125,4144.77197265625,67.79750507197174,65.09136518554305,61.232962771322185,18.87244079936983,1792.300048828125,61.349998474121094,91.16000366210938,1.5640000104904175,17.5,66793000.0
2021-04-22,8.327237765963302,0.0029484286666666797,-0.983468,-0.7426233535,-0.49173409190835,-0.9916580349999999,0.6640619286666667,-0.8308704663833333,-0.663128588,4158.41396484375,4148.552978515625,60.75886017486461,61.12589153226463,61.21154852351068,22.80834603675865,1781.199951171875,61.43000030517578,91.33000183105469,1.5540000200271606,18.709999084472656,97582800.0
2021-04-23,8.338107175858834,-0.495577207,0.0029484286666666797,-0.983468,-0.7426233535,-0.49173409190835,-0.9916580349999999,0.6640619286666667,-0.8308704663833333,4157.35390625,4153.689990234375,65.3174462146046,60.92734320917134,61.15470746064282,21.310472642003262,1777.0,62.13999938964844,90.86000061035156,1.5670000314712524,17.329999923706055,73209200.0
2021-04-26,8.339887860423417,0.002501262000000014,-0.247750696,0.0029484286666666797,-0.495577207,0.0029484286666666797,-0.983468,-0.7426233535,-0.49173409190835,4162.2259765625,4159.652978515625,66.01832653878544,60.671774283424384,61.05812082519914,25.392045904222247,1779.199951171875,61.90999984741211,90.80999755859375,1.5700000524520874,17.639999389648438,52182400.0
2021-04-27,8.339672941441972,0.496156643,0.002501262000000014,-0.247750696,0.0029484286666666797,-0.495577207,0.0029484286666666797,-0.983468,-0.7426233535,4172.58203125,4164.166015625,65.84523749598563,59.708338906390054,60.78816444143733,21.78430990292437,1778.0,62.939998626708984,90.91000366210938,1.621999979019165,17.559999465942383,51303100.0
2021-04-28,8.338827043854575,-0.247750696,0.496156643,0.002501262000000014,-0.247750696,0.0029484286666666797,-0.495577207,0.0029484286666666797,-0.983468,4174.53408203125,4170.018017578125,65.12191893625243,57.990677430434516,60.22866703923677,22.309138975594166,1773.199951171875,63.86000061035156,90.61000061035156,1.6200000047683716,17.280000686645508,51238900.0
2021-04-29,8.345567085391279,-0.6636674946666666,-0.247750696,0.496156643,0.002501262000000014,-0.247750696,0.0029484286666666797,-0.495577207,0.0029484286666666797,4189.83212890625,4174.123046875,68.1344835989846,58.240824091803916,59.8310984497502,12.45381962599305,1768.0999755859375,65.01000213623047,90.61000061035156,1.6399999856948853,17.610000610351562,78544300.0
2021-04-30,8.338346371974158,0.0022114238361750096,-0.6636674946666666,-0.247750696,0.496156643,0.002501262000000014,-0.247750696,0.0029484286666666797,-0.495577207,4190.03212890625,4173.693017578125,61.96138937189992,55.355977460420036,58.93607425188417,12.266479517822006,1767.300048828125,63.58000183105469,91.27999877929688,1.63100004196167,18.610000610351562,85527000.0
2021-05-03,8.34109069362367,-0.007686414,-0.4199645713333333,-0.9940071333333332,0.0022114238361750096,-0.6636674946666666,-0.247750696,0.496156643,0.002501262000000014,4191.04013671875,4176.633056640625,63.318604012707006,53.38153252887605,57.825165907282546,12.22573522822239,1791.4000244140625,64.48999786376953,90.94999694824219,1.6069999933242798,18.309999465942383,68128300.0
2021-05-04,8.334389956133823,-0.6632689046666667,-0.007686414,-0.4199645713333333,-0.9940071333333332,0.0022114238361750096,-0.6636674946666666,-0.247750696,0.496156643,4186.628125,4179.605078125,57.89738827130969,48.992647952550215,56.05866231633608,17.159449400956824,1775.800048828125,65.69000244140625,91.29000091552734,1.5920000076293945,19.479999542236328,101591200.0
2021-05-05,8.335093172580937,0.9999905,-0.6632689046666667,-0.007686414,-0.4199645713333333,-0.9940071333333332,0.0022114238361750096,-0.6636674946666666,-0.247750696,4183.51005859375,4179.0220703125,58.299690636928084,45.22944966109753,53.89281978528838,19.233713393063784,1784.0999755859375,65.62999725341797,91.30999755859375,1.5839999914169312,19.149999618530273,60162200.0
2021-05-06,8.343225472079569,-0.495577207,0.9999905,-0.6632689046666667,-0.007686414,-0.4199645713333333,-0.9940071333333332,0.0022114238361750096,-0.6636674946666666,4181.5400390625,4185.686083984375,62.751908417625486,44.480305294876416,52.010316887205995,15.863022438387885,1815.5,64.70999908447266,90.94999694824219,1.5609999895095825,18.389999389648438,74321400.0
2021-05-07,8.350571763498756,-0.502311337,-0.495577207,0.9999905,-0.6632689046666667,-0.007686414,-0.4199645713333333,-0.9940071333333332,0.0022114238361750096,4191.82607421875,4190.9291015625,66.28136241409658,45.85780823286677,50.77981515633816,27.769236234589787,1831.0999755859375,64.9000015258789,90.2300033569336,1.5770000219345093,16.690000534057617,67733800.0
2021-05-10,8.340081282995618,0.9999905,0.496152043,0.33076802959790347,-0.502311337,-0.495577207,0.9999905,-0.6632689046666667,-0.007686414,4190.980078125,4191.010107421875,57.8628815073636,42.89092578989221,49.202037283048966,27.801887573596403,1837.5,64.91999816894531,90.20999908447266,1.6019999980926514,19.65999984741211,81852400.0
2021-05-11,8.331369532853836,-0.495577207,0.9999905,0.496152043,0.33076802959790347,-0.502311337,-0.495577207,0.9999905,-0.6632689046666667,4188.46806640625,4187.548095703125,52.0114073200907,37.17953387400121,46.79753660123942,31.141384803779083,1835.9000244140625,65.27999877929688,90.13999938964844,1.6239999532699585,21.84000015258789,116888000.0
2021-05-12,8.309686750495533,0.004894184999999995,-0.495577207,0.9999905,0.496152043,0.33076802959790347,-0.502311337,-0.495577207,0.9999905,4167.55810546875,4175.53408203125,41.05172480814748,25.176592127588265,42.47334770650919,65.17150627384993,1822.5999755859375,66.08000183105469,90.70999908447266,1.6950000524520874,27.59000015258789,134811000.0
2021-05-13,8.321786395073627,-0.007686414,0.004894184999999995,-0.495577207,0.9999905,0.496152043,0.33076802959790347,-0.502311337,-0.495577207,4149.73408203125,4165.637060546875,47.649205411529394,19.431189157435256,37.8649159966944,65.71148339138837,1823.800048828125,63.81999969482422,90.75,1.6679999828338623,23.1299991607666,106394000.0
2021-05-14,8.33659417363725,-0.007686414,-0.007686414,0.004894184999999995,-0.495577207,0.9999905,0.496152043,0.33076802959790347,-0.502311337,4137.98408203125,4164.905078125,54.45793261262176,19.60239189519325,34.21241117639417,50.735809252561815,1837.9000244140625,65.37000274658203,90.31999969482422,1.6349999904632568,18.809999465942383,82201600.0
2021-05-17,8.33406091545329,-0.983468,-0.983468,-0.495577207,-0.007686414,-0.007686414,0.004894184999999995,-0.495577207,0.9999905,4132.9560546875,4161.96806640625,53.17591676102314,18.670738176326267,31.104076576380592,45.45785727967046,1867.5,66.2699966430664,90.22000122070312,1.6399999856948853,19.719999313354492,65129200.0
2021-05-18,8.325507143069256,-0.495577207,-0.983468,-0.983468,-0.495577207,-0.007686414,-0.007686414,0.004894184999999995,-0.495577207,4128.10205078125,4158.28505859375,49.00413500215971,14.899323271358298,27.863125915376138,44.18043016640981,1867.800048828125,65.48999786376953,89.75,1.6419999599456787,21.34000015258789,59810200.0
2021-05-19,8.322559391257878,-0.35601789633333336,-0.495577207,-0.983468,-0.983468,-0.495577207,-0.007686414,-0.007686414,0.004894184999999995,4138.630078125,4153.094091796875,47.625450451407076,10.805495187094493,24.451599769719813,28.172160236779792,1881.300048828125,63.36000061035156,90.19000244140625,1.6829999685287476,22.18000030517578,106467100.0
2021-05-20,8.333058820592386,0.33883766666666665,-0.35601789633333336,-0.495577207,-0.983468,-0.983468,-0.495577207,-0.007686414,-0.007686414,4147.9541015625,4148.844091796875,52.74446105213308,10.940234946222517,21.749326805020356,24.885016085368047,1881.800048828125,62.04999923706055,89.80999755859375,1.6339999437332153,20.670000076293945,78022200.0
2021-05-21,8.332274632517134,0.33883766666666665,0.33883766666666665,-0.35601789633333336,-0.495577207,-0.983468,-0.983468,-0.495577207,-0.007686414,4144.3560546875,4141.170068359375,52.331059472281424,10.661048007762474,19.531671045568782,21.238084014152278,1876.699951171875,63.58000183105469,90.0199966430664,1.6319999694824219,20.149999618530273,76578700.0
2021-05-24,8.342137129998349,0.0029453619999999987,-0.495577207,0.004894184999999995,0.33883766666666665,0.33883766666666665,-0.35601789633333336,-0.495577207,-0.983468,4151.1080078125,4142.03203125,56.92461408033641,13.606625669493042,18.346661970353637,31.600696274400125,1884.5999755859375,66.05000305175781,89.83000183105469,1.6080000400543213,18.399999618530273,51376700.0
2021-05-25,8.34000958459752,-0.3499965036666666,0.0029453619999999987,-0.495577207,0.004894184999999995,0.33883766666666665,0.33883766666666665,-0.35601789633333336,-0.495577207,4163.16796875,4145.635009765625,55.6734448976729,15.047792455242416,17.68688806733139,31.99984355046465,1898.0999755859375,66.06999969482422,89.63999938964844,1.5640000104904175,18.84000015258789,57451400.0
2021-05-26,8.341884642148132,0.0029453619999999987,-0.3499965036666666,0.0029453619999999987,-0.495577207,0.004894184999999995,0.33883766666666665,0.33883766666666665,-0.35601789633333336,4179.22998046875,4158.930029296875,56.57913581009587,16.63246350940244,17.4760031557456,20.17566285445003,1901.300048828125,66.20999908447266,90.04000091552734,1.5740000009536743,17.360000610351562,43088600.0
2021-05-27,8.343049278237995,0.496152043,0.0029453619999999987,-0.3499965036666666,0.0029453619999999987,-0.495577207,0.004894184999999995,0.33883766666666665,0.33883766666666665,4187.58193359375,4167.768017578125,57.16545024021808,18.07452858662782,17.595708241922047,18.328703935071974,1895.699951171875,66.8499984741211,89.97000122070312,1.6100000143051147,16.739999771118164,56707700.0
2021-06-01,8.343325409932252,-0.7474269535,-0.2458239950716205,0.02180593817636968,-0.503793757,0.496152043,0.0029453619999999987,-0.3499965036666666,0.0029453619999999987,4198.22998046875,4174.668994140625,57.1974383809639,19.797162929061415,18.301651681233622,6.38631321731233,1902.9000244140625,67.72000122070312,89.83000183105469,1.6150000095367432,17.899999618530273,54216600.0
2021-06-02,8.344771298969153,-0.330384798095494,-0.7474269535,-0.2458239950716205,0.02180593817636968,-0.503793757,0.496152043,0.0029453619999999987,-0.3499965036666666,4202.22802734375,4182.697998046875,58.06284943530254,20.4805342599293,18.737428196972758,4.444685692339972,1907.5,68.83000183105469,89.9000015258789,1.590999960899353,17.479999542236328,49097100.0
2021-06-03,8.341135995913104,-0.495577207,-0.330384798095494,-0.7474269535,-0.2458239950716205,0.02180593817636968,-0.503793757,0.496152043,0.0029453619999999987,4201.6,4190.414990234375,55.052316443083434,19.5644215307957,18.902826863737346,5.6143640778584425,1871.199951171875,68.80999755859375,90.5,1.625,18.040000915527344,58138800.0
2021-06-04,8.34993129929612,-0.0332607555,-0.495577207,-0.330384798095494,-0.7474269535,-0.2458239950716205,0.02180593817636968,-0.503793757,0.496152043,4207.40205078125,4197.4919921875,60.4140219036712,21.57847397271871,19.43795628553362,13.762073212781196,1889.800048828125,69.62000274658203,90.13999938964844,1.559999942779541,16.420000076293945,55938800.0
2021-06-07,8.349134243026699,-0.502311337,-0.495577207,-0.003843197143241,-0.0332607555,-0.495577207,-0.330384798095494,-0.7474269535,-0.2458239950716205,4211.88408203125,4204.5580078125,59.7160388475394,22.64168549519127,20.07870212746515,15.904353542479644,1896.800048828125,69.2300033569336,89.94999694824219,1.569000005722046,16.420000076293945,51555000.0
2021-06-08,8.34930925257614,-0.5029588819999999,-0.502311337,-0.495577207,-0.003843197143241,-0.0332607555,-0.495577207,-0.330384798095494,-0.7474269535,4216.92802734375,4207.57900390625,59.82575667468947,23.2756721542346,20.718096132819042,16.000729583708104,1892.199951171875,70.05000305175781,90.08000183105469,1.527999997138977,17.06999969482422,47134300.0
2021-06-09,8.347483719985524,-0.495577207,-0.5029588819999999,-0.502311337,-0.495577207,-0.003843197143241,-0.0332607555,-0.495577207,-0.330384798095494,4219.21396484375,4210.72099609375,58.051118568457944,22.89209590457631,21.152896087170497,15.225474316863716,1893.199951171875,69.95999908447266,90.12000274658203,1.4889999628067017,17.889999389648438,48436300.0
2021-06-10,8.352125174761987,-0.007686414,-0.495577207,-0.5029588819999999,-0.502311337,-0.495577207,-0.003843197143241,-0.0332607555,-0.495577207,4228.47998046875,4215.039990234375,61.20643090376001,23.896650144891282,21.701646898714657,7.098611325477738,1894.199951171875,70.29000091552734,90.08000183105469,1.4589999914169312,16.100000381469727,51020100.0
2021-06-11,8.354071713694795,-0.503169357,-0.007686414,-0.495577207,-0.5029588819999999,-0.502311337,-0.495577207,-0.003843197143241,-0.0332607555,4231.98994140625,4219.69599609375,62.48507577772893,25.070266250323584,22.375370769036444,11.151833707837381,1877.4000244140625,70.91000366210938,90.55999755859375,1.4620000123977661,15.649999618530273,45570800.0
2021-06-14,8.355885270079932,-0.495577207,-0.495577207,-0.503169357,-0.007686414,-0.495577207,-0.5029588819999999,-0.502311337,-0.495577207,4237.71591796875,4224.8,63.68819101330393,26.319104627084016,23.16411754064596,14.49123258668379,1864.0,70.87999725341797,90.5199966430664,1.5010000467300415,16.389999389648438,42358500.0
2021-06-15,8.353871550125655,-0.007686414,-0.495577207,-0.495577207,-0.503169357,-0.007686414,-0.495577207,-0.5029588819999999,-0.502311337,4241.58193359375,4229.25498046875,61.33623335703501,26.314752759493786,23.794244584415527,13.552383004449544,1854.5,72.12000274658203,90.54000091552734,1.4989999532699585,17.020000457763672,51508500.0
2021-06-16,8.34846684637863,-0.983468,-0.007686414,-0.495577207,-0.495577207,-0.503169357,-0.007686414,-0.495577207,-0.5029588819999999,4242.41201171875,4230.81298828125,55.440414619144484,24.185505093182655,23.872496686168954,11.890805815278636,1859.5,72.1500015258789,91.12999725341797,1.569000005722046,18.149999618530273,80386100.0
2021-06-17,8.348031035834957,-0.002155404666666665,-0.983468,-0.007686414,-0.495577207,-0.495577207,-0.503169357,-0.007686414,-0.495577207,4238.94794921875,4233.71396484375,54.98280446319498,22.094865704341828,23.51697048980353,15.14523397472985,1773.800048828125,71.04000091552734,91.88999938964844,1.5110000371932983,17.75,90949700.0
2021-06-18,8.334819680147673,-0.33588978142882736,-0.002155404666666665,-0.983468,-0.007686414,-0.495577207,-0.495577207,-0.503169357,-0.007686414,4222.75,4227.369970703125,43.37431186999744,15.784962576496582,21.970568907142145,34.60294439881473,1767.9000244140625,71.63999938964844,92.2300033569336,1.4500000476837158,20.700000762939453,118676300.0
2021-06-21,8.348724843659992,-0.007686414,-0.33588978785922036,-0.3499965036666666,-0.33588978142882736,-0.002155404666666665,-0.983468,-0.007686414,-0.495577207,4216.67802734375,4227.19697265625,54.31179576663022,15.315311335859406,20.6395173928856,29.830851781631242,1781.800048828125,73.66000366210938,91.86000061035156,1.4839999675750732,17.889999389648438,72822000.0
2021-06-22,8.353836250038983,-0.983468,-0.007686414,-0.33588978785922036,-0.3499965036666666,-0.33588978142882736,-0.002155404666666665,-0.983468,-0.007686414,4216.648046875,4229.114990234375,57.585879367974776,16.499875236447224,19.811588961597927,29.793326206847528,1776.300048828125,73.05999755859375,91.7300033569336,1.472000002861023,16.65999984741211,57700300.0
2021-06-23,8.352752379520334,-0.495577207,-0.983468,-0.007686414,-0.33588978785922036,-0.3499965036666666,-0.33588978142882736,-0.002155404666666665,-0.983468,4220.2759765625,4231.343994140625,56.65684063139881,16.872960243116722,19.223863217901688,31.896918381679225,1782.300048828125,73.08000183105469,91.80000305175781,1.4869999885559082,16.31999969482422,49445400.0
2021-06-24,8.358546809066251,-0.49745167839441523,-0.495577207,-0.983468,-0.007686414,-0.33588978785922036,-0.3499965036666666,-0.33588978142882736,-0.002155404666666665,4229.20205078125,4234.075,60.34847866526734,18.939391791155685,19.16696893255249,38.093728264043754,1775.5999755859375,73.30000305175781,91.81999969482422,1.4869999885559082,15.970000267028809,45110300.0
2021-06-28,8.36418416109141,-0.495577207,-0.007686414,-0.9940071333333332,-0.49745167839441523,-0.495577207,-0.983468,-0.007686414,-0.33588978785922036,4265.216015625,4240.947021484375,63.70854278309898,24.009349826605103,20.50490855895998,21.125916118622474,1779.5999755859375,72.91000366210938,91.87999725341797,1.4780000448226929,15.760000228881836,53159600.0
2021-06-29,8.364461458834096,-0.007686414,-0.495577207,-0.007686414,-0.9940071333333332,-0.49745167839441523,-0.495577207,-0.983468,-0.007686414,4274.28798828125,4245.468017578125,63.878315117336605,25.81539086756038,21.56700502068006,20.783832453839132,1762.800048828125,72.9800033569336,92.05000305175781,1.4800000190734863,16.020000457763672,35970500.0
2021-06-30,8.365788737257004,-0.007686414,-0.007686414,-0.495577207,-0.007686414,-0.9940071333333332,-0.49745167839441523,-0.495577207,-0.983468,4285.42001953125,4252.847998046875,64.72949822166841,27.3909042337782,22.73178486329969,12.187858421730954,1770.800048828125,73.47000122070312,92.44000244140625,1.4429999589920044,15.829999923706055,64827900.0
2021-07-01,8.370996778689259,-0.6626968913333333,-0.007686414,-0.007686414,-0.495577207,-0.007686414,-0.9940071333333332,-0.49745167839441523,-0.495577207,4296.1099609375,4262.656005859375,67.93303368284705,30.103214541897614,24.20607079901928,14.629504225038538,1775.9000244140625,75.2300033569336,92.5999984741211,1.4800000190734863,15.479999542236328,53441000.0
2021-07-02,8.37846887458395,-0.6083708394572964,-0.6626968913333333,-0.007686414,-0.007686414,-0.495577207,-0.007686414,-0.9940071333333332,-0.49745167839441523,4310.437890625,4281.244970703125,71.90137990841208,34.469795003978106,26.258815640011047,26.239190985632547,1782.5999755859375,75.16000366210938,92.2300033569336,1.430999994277954,15.069999694824219,57697700.0
2021-07-06,8.376444971813928,-0.6626968913333333,-0.0015440580000000046,-0.6626968913333333,-0.503169357,-0.6083708394572964,-0.6626968913333333,-0.007686414,-0.007686414,4321.02392578125,4293.119970703125,69.38972001544379,36.796108154422654,28.36627414289337,26.90846258851002,1793.5,73.37000274658203,92.55000305175781,1.3700000047683716,16.440000534057617,68710400.0
2021-07-07,8.379798318367591,-0.5029588819999999,-0.6626968913333333,-0.0015440580000000046,-0.6626968913333333,-0.503169357,-0.6083708394572964,-0.6626968913333333,-0.007686414,4334.28994140625,4304.28896484375,71.18683888489467,39.36325148420838,30.565669611156373,25.19488229878267,1801.5,72.19999694824219,92.63999938964844,1.3209999799728394,16.200000762939453,63549500.0
2021-07-08,8.371200437358036,-0.503169357,-0.5029588819999999,-0.6626968913333333,-0.0015440580000000046,-0.6626968913333333,-0.503169357,-0.6083708394572964,-0.6626968913333333,4338.95390625,4312.186962890625,61.278956606526464,37.94966108286644,32.042467905498384,17.73633138679631,1799.5999755859375,72.94000244140625,92.36000061035156,1.2879999876022339,19.0,97595200.0
2021-07-09,8.38241526326045,-0.4970226683944152,-0.503169357,-0.5029588819999999,-0.6626968913333333,-0.0015440580000000046,-0.6626968913333333,-0.503169357,-0.6083708394572964,4348.87587890625,4322.492919921875,67.61819607804514,40.296964354731244,33.693367195344955,18.307513753993256,1810.0,74.55999755859375,92.12999725341797,1.3559999465942383,16.18000030517578,76238600.0
2021-07-12,8.385860495956043,-0.99020213,-0.51173144275,-0.4970226683944152,-0.4970226683944152,-0.503169357,-0.5029588819999999,-0.6626968913333333,-0.0015440580000000046,4355.33388671875,4332.885888671875,69.2935689766077,42.879764154856275,35.53064658724722,24.487142839500724,1805.5,74.0999984741211,92.2300033569336,1.3630000352859497,16.170000076293945,52889600.0
2021-07-13,8.382337484774878,-0.491733990143241,-0.99020213,-0.51173144275,-0.4970226683944152,-0.4970226683944152,-0.503169357,-0.5029588819999999,-0.6626968913333333,4360.46787109375,4340.7458984375,65.55846668688423,43.18458773296152,37.061434816390076,24.083927592588324,1809.4000244140625,75.25,92.75,1.4149999618530273,17.1200008392334,52911300.0
2021-07-14,8.383501741340346,-0.6626968913333333,-0.491733990143241,-0.99020213,-0.51173144275,-0.4970226683944152,-0.4970226683944152,-0.503169357,-0.5029588819999999,4363.70185546875,4348.9958984375,66.20599124219166,43.33730499235571,38.316608851583204,24.767444338233982,1824.300048828125,73.12999725341797,92.41000366210938,1.3559999465942383,16.329999923706055,64130400.0
2021-07-15,8.380234167777601,-0.51173144275,-0.6626968913333333,-0.491733990143241,-0.99020213,-0.51173144275,-0.4970226683944152,-0.4970226683944152,-0.503169357,4371.54384765625,4355.248876953125,62.649698136122666,41.824733708847816,39.01823382303613,8.955954515013767,1828.4000244140625,71.6500015258789,92.62000274658203,1.2970000505447388,17.010000228881836,55126400.0
2021-07-16,8.372666752770789,-0.983468,-0.51173144275,-0.6626968913333333,-0.491733990143241,-0.99020213,-0.51173144275,-0.4970226683944152,-0.4970226683944152,4363.06591796875,4355.9708984375,55.28339064180508,37.54095693626914,38.722778445682735,21.951058526031385,1814.5,71.80999755859375,92.69000244140625,1.2999999523162842,18.450000762939453,75874700.0
2021-07-19,8.356669971370804,-0.7467488585,-0.6626968913333333,-0.2470545435,-0.983468,-0.51173144275,-0.6626968913333333,-0.491733990143241,-0.99020213,4337.83798828125,4346.5859375,43.71826795439126,28.278961914319552,36.634015139410096,48.000579994890145,1808.699951171875,66.41999816894531,92.88999938964844,1.180999994277954,22.5,147987000.0
2021-07-20,8.371718777375603,-0.6626968913333333,-0.7467488585,-0.6626968913333333,-0.2470545435,-0.983468,-0.51173144275,-0.6626968913333333,-0.491733990143241,4328.6080078125,4344.537939453125,53.55670911407912,25.85101490415309,34.4774150923587,44.7896376398047,1810.9000244140625,67.41999816894531,92.97000122070312,1.2089999914169312,19.729999542236328,99608200.0
2021-07-21,8.379926819037747,-0.99161305,-0.6626968913333333,-0.7467488585,-0.6626968913333333,-0.2470545435,-0.983468,-0.51173144275,-0.6626968913333333,4325.48603515625,4344.5939453125,57.927195519811086,26.49644861166871,32.8812217962207,41.20951170652436,1802.9000244140625,70.30000305175781,92.75,1.2799999713897705,17.90999984741211,64724400.0
2021-07-22,8.38194145824699,-0.7443351298944152,-0.99161305,-0.6626968913333333,-0.7467488585,-0.6626968913333333,-0.2470545435,-0.983468,-0.51173144275,4326.97607421875,4349.2599609375,58.95342574011547,27.401376158307357,31.785252668638034,42.871946296991645,1805.0,71.91000366210938,92.81999969482422,1.2649999856948853,17.690000534057617,47878500.0
2021-07-23,8.392035790633246,-0.6626968913333333,-0.7443351298944152,-0.99161305,-0.6626968913333333,-0.7467488585,-0.6626968913333333,-0.2470545435,-0.983468,4343.90205078125,4353.483984375,63.75308678290068,31.332804110777943,31.69476295706602,57.25588714385548,1801.4000244140625,72.06999969482422,92.91000366210938,1.2860000133514404,17.200000762939453,63766600.0
2021-07-26,8.394415157555974,-0.6626968913333333,-0.6626968913333333,-0.6626968913333333,-0.6626968913333333,-0.7443351298944152,-0.99161305,-0.6626968913333333,-0.7467488585,4376.66396484375,4357.2509765625,64.80431841697637,34.89429957512675,32.33467028067817,40.61176190790184,1798.699951171875,71.91000366210938,92.6500015258789,1.2760000228881836,17.579999923706055,43719200.0
2021-07-27,8.389691574173797,-0.6626968913333333,-0.6626968913333333,-0.6626968913333333,-0.6626968913333333,-0.6626968913333333,-0.7443351298944152,-0.99161305,-0.6626968913333333,4392.3439453125,4360.4759765625,61.024936012427695,35.62455151072572,32.99264652668768,27.881062303008513,1799.5,71.6500015258789,92.43000030517578,1.2339999675750732,19.360000610351562,67397100.0
2021-07-28,8.389505294942245,-0.6626968913333333,-0.6626968913333333,-0.6626968913333333,-0.6626968913333333,-0.6626968913333333,-0.6626968913333333,-0.7443351298944152,-0.99161305,4400.733984375,4363.110009765625,60.87453059348835,35.7253093401323,33.5391790893766,20.57720569072018,1799.5,72.38999938964844,92.31999969482422,1.2610000371932983,18.309999465942383,52472400.0
2021-07-29,8.393702626787517,-0.502311337,-0.6626968913333333,-0.6626968913333333,-0.6626968913333333,-0.6626968913333333,-0.6626968913333333,-0.6626968913333333,-0.7443351298944152,4411.06796875,4369.022021484375,63.086630320864046,36.87368712710304,34.20608069692189,9.912702326736706,1831.199951171875,73.62000274658203,91.86000061035156,1.2690000534057617,17.700000762939453,47435300.0
2021-07-30,8.388281913179256,-0.983468,-0.502311337,-0.6626968913333333,-0.6626968913333333,-0.6626968913333333,-0.6626968913333333,-0.6626968913333333,-0.6626968913333333,4407.7619140625,4375.831982421875,58.49010221102151,35.44743446266875,34.454351450071265,12.122031411806873,1812.5999755859375,73.94999694824219,92.16999816894531,1.2389999628067017,18.239999771118164,68951200.0
2021-08-02,8.386437407509195,-0.495577207,-0.2624973776444152,-0.99020213,-0.983468,-0.502311337,-0.6626968913333333,-0.6626968913333333,-0.6626968913333333,4400.733984375,4388.698974609375,56.97443879457932,33.27991798668518,34.21946475739405,11.767516357260247,1818.0999755859375,71.26000213623047,92.05000305175781,1.1740000247955322,19.459999084472656,58783300.0
2021-08-03,8.394607368848114,-0.6636936213333333,-0.495577207,-0.2624973776444152,-0.99020213,-0.983468,-0.502311337,-0.6626968913333333,-0.6626968913333333,4405.07197265625,4398.707958984375,61.721012426968876,34.07343988919911,34.19025978375507,15.506074532619978,1810.0999755859375,70.55999755859375,92.08000183105469,1.1759999990463257,18.040000915527344,58053900.0
2021-08-04,8.389964218186817,-0.4917339997888305,-0.6636936213333333,-0.495577207,-0.2624973776444152,-0.99020213,-0.983468,-0.502311337,-0.6626968913333333,4405.4759765625,4403.10498046875,57.81075965855349,32.67233411429879,33.886674649863814,15.387600385244264,1810.5,68.1500015258789,92.2699966430664,1.184000015258789,17.969999313354492,46732200.0
2021-08-05,8.395951704177238,0.496152043,-0.4917339997888305,-0.6636936213333333,-0.495577207,-0.2624973776444152,-0.99020213,-0.983468,-0.502311337,4407.466015625,4409.2669921875,61.22455279732801,33.31143649270416,33.771627018431886,18.016898708528682,1805.0999755859375,69.08999633789062,92.23999786376953,1.2170000076293945,17.280000686645508,38969700.0
2021-08-06,8.397625568725767,-0.495577207,0.496152043,-0.4917339997888305,-0.6636936213333333,-0.495577207,-0.2624973776444152,-0.99020213,-0.983468,4415.71806640625,4411.739990234375,62.15015239767169,34.0244428191736,33.82219017858023,20.329138260965333,1760.0,68.27999877929688,92.80000305175781,1.2899999618530273,16.149999618530273,46930000.0
2021-08-09,8.39668521846081,-0.495577207,-0.330384798095494,-0.334874218095494,-0.495577207,0.496152043,-0.4917339997888305,-0.6636936213333333,-0.495577207,4424.7560546875,4412.74501953125,61.26505223525939,33.86267973085978,33.830288089036145,13.282879204847223,1723.4000244140625,66.4800033569336,92.94999694824219,1.3170000314712524,16.719999313354492,41222600.0
2021-08-10,8.397677405414674,-0.495577207,-0.495577207,-0.330384798095494,-0.334874218095494,-0.495577207,0.496152043,-0.4917339997888305,-0.6636936213333333,4427.47607421875,4416.2740234375,61.88190457705902,33.70103214514984,33.804436900258885,14.230442609404763,1728.800048828125,68.29000091552734,93.05999755859375,1.3420000076293945,16.790000915527344,43339300.0
2021-08-11,8.39895233613269,-0.6636960846666667,-0.495577207,-0.495577207,-0.330384798095494,-0.334874218095494,-0.495577207,0.496152043,-0.4917339997888305,4435.42607421875,4420.451025390625,62.7047195510093,33.64185026580253,33.77191957336761,5.03007228881025,1750.4000244140625,69.25,92.91000366210938,1.3289999961853027,16.170000076293945,44034300.0
2021-08-12,8.403090143868168,-0.3268045866666667,-0.6636960846666667,-0.495577207,-0.495577207,-0.330384798095494,-0.334874218095494,-0.495577207,0.496152043,4441.7720703125,4424.61904296875,65.32771481750393,34.681495264708246,33.953834711635736,11.238256223861555,1749.0,69.08999633789062,93.04000091552734,1.3669999837875366,15.59000015258789,38909400.0
2021-08-13,8.404696160189092,-0.446682107,-0.3268045866666667,-0.6636960846666667,-0.495577207,-0.495577207,-0.330384798095494,-0.334874218095494,-0.495577207,4448.06806640625,4431.89306640625,66.32064501320198,35.67276080926786,34.29761993116216,15.550852356331538,1775.199951171875,68.44000244140625,92.5199966430664,1.2970000505447388,15.449999809265137,39470300.0
2021-08-16,8.407313582451085,-0.3268045866666667,-0.495577207,-0.495577207,-0.446682107,-0.3268045866666667,-0.6636960846666667,-0.495577207,-0.495577207,4457.5400390625,4441.148046875,67.93568728378821,36.976994107748396,34.833494766479404,17.838719502326384,1786.9000244140625,67.29000091552734,92.62999725341797,1.2569999694824219,16.1200008392334,73740000.0
2021-08-17,8.400227838943948,0.496093043,-0.3268045866666667,-0.495577207,-0.495577207,-0.446682107,-0.3268045866666667,-0.6636960846666667,-0.495577207,4459.8060546875,4443.641064453125,59.61931487282168,35.05425753196869,34.877647319577264,15.03720932043038,1785.0,66.58999633789062,93.12999725341797,1.2580000162124634,17.90999984741211,92673900.0
2021-08-18,8.389421186098692,-0.6612567380000001,0.496093043,-0.3268045866666667,-0.495577207,-0.495577207,-0.446682107,-0.3268045866666667,-0.6636960846666667,4451.37802734375,4443.40205078125,49.71299664952387,29.33445346048029,33.76900854775787,30.786501229147305,1781.5999755859375,65.45999908447266,93.13999938964844,1.2730000019073486,21.56999969482422,89351900.0
2021-08-19,8.39067708935485,-0.663353058,-0.6612567380000001,0.496093043,-0.3268045866666667,-0.495577207,-0.495577207,-0.446682107,-0.3268045866666667,4440.37197265625,4441.072021484375,50.732662909145915,24.959952180918663,32.00719727439003,35.96387614447077,1780.199951171875,63.689998626708984,93.56999969482422,1.2419999837875366,21.670000076293945,92812200.0
2021-08-20,8.398785693245593,-0.20999639220000002,-0.663353058,-0.6612567380000001,0.496093043,-0.3268045866666667,-0.495577207,-0.495577207,-0.446682107,4435.10595703125,4441.58701171875,56.8454356468766,24.10962631381608,30.42768308227524,32.68533204586226,1781.0,62.31999969482422,93.5,1.2599999904632568,18.559999465942383,72008700.0
2021-08-23,8.407273361230004,-0.007686414,0.001527119999999993,-0.6636936213333333,-0.20999639220000002,-0.663353058,-0.6612567380000001,0.496093043,-0.3268045866666667,4435.069921875,4446.30498046875,62.17927508828887,26.188823046483776,29.579911075116947,32.62390447180353,1803.199951171875,65.63999938964844,92.95999908447266,1.2549999952316284,17.149999618530273,54973000.0
2021-08-24,8.408767980031966,-0.24778859846603574,-0.007686414,0.001527119999999993,-0.6636936213333333,-0.20999639220000002,-0.663353058,-0.6612567380000001,0.496093043,4442.69990234375,4451.252978515625,63.04968622121658,28.053863724681833,29.274701605029925,40.04460323139817,1805.5999755859375,67.54000091552734,92.88999938964844,1.2899999618530273,17.219999313354492,38744700.0
2021-08-25,8.410985637435218,-0.495577207,-0.24778859846603574,-0.007686414,0.001527119999999993,-0.6636936213333333,-0.20999639220000002,-0.663353058,-0.6612567380000001,4461.88388671875,4456.63095703125,64.36265612733797,29.98990257897185,29.417741799818312,37.53346517697406,1788.199951171875,68.36000061035156,92.83000183105469,1.3420000076293945,16.790000915527344,40529700.0
2021-08-26,8.405143687607614,-0.62610365,-0.495577207,-0.24778859846603574,-0.007686414,0.001527119999999993,-0.6636936213333333,-0.20999639220000002,-0.663353058,4474.72392578125,4457.54794921875,58.478373783968934,29.075750770535706,29.34934359396179,20.80359376789258,1792.199951171875,67.41999816894531,93.05999755859375,1.3420000076293945,18.84000015258789,57829600.0
2021-08-27,8.413912759148067,-0.495577207,-0.62610365,-0.495577207,-0.24778859846603574,-0.007686414,0.001527119999999993,-0.6636936213333333,-0.20999639220000002,4488.26396484375,4461.6849609375,63.83149380941631,31.168823507994603,29.713239576768355,15.184582397056563,1816.5999755859375,68.73999786376953,92.69000244140625,1.312000036239624,16.389999389648438,77235100.0
2021-08-30,8.418210083254941,-0.495577207,-0.007686414,-0.495577207,-0.495577207,-0.62610365,-0.495577207,-0.24778859846603574,-0.007686414,4498.116015625,4466.59296875,66.14974267190657,34.002662599928954,30.571124181400474,22.37771460672683,1809.0,69.20999908447266,92.6500015258789,1.284999966621399,16.190000534057617,48357400.0
2021-08-31,8.416860056339049,0.008261249999999998,-0.495577207,-0.007686414,-0.495577207,-0.495577207,-0.62610365,-0.495577207,-0.24778859846603574,4505.4060546875,4474.052978515625,64.74370889095182,35.348015671174835,31.526502479355347,23.44912167258551,1815.0,68.5,92.62999725341797,1.3040000200271606,16.479999542236328,59300200.0
2021-09-01,8.4171716964,-0.495577207,0.008261249999999998,-0.495577207,-0.007686414,-0.495577207,-0.495577207,-0.62610365,-0.495577207,4510.98603515625,4486.4349609375,64.92892836857717,36.11169297896049,32.44354057927637,24.020364008606744,1813.0999755859375,68.58999633789062,92.44999694824219,1.3020000457763672,16.110000610351562,48721400.0
2021-09-02,8.420010302154406,-0.6635406046666666,-0.495577207,0.008261249999999998,-0.495577207,-0.007686414,-0.495577207,-0.495577207,-0.62610365,4524.37607421875,4499.55,66.6502548264938,37.32438338202519,33.41970913982614,10.0713498690287,1808.699951171875,69.98999786376953,92.2300033569336,1.2940000295639038,16.40999984741211,42501000.0
2021-09-03,8.419675214893225,-0.495577207,-0.6635406046666666,-0.495577207,0.008261249999999998,-0.495577207,-0.007686414,-0.495577207,-0.495577207,4529.5880859375,4508.926025390625,66.23645311084869,37.727892728006736,34.281345857462256,6.4598265628024025,1830.9000244140625,69.29000091552734,92.04000091552734,1.3220000267028809,16.40999984741211,47170500.0
2021-09-07,8.416273862440903,-0.502311337,-0.330384804525887,-0.99020213,-0.6635406046666666,-0.495577207,-0.6635406046666666,-0.495577207,0.008261249999999998,4527.83603515625,4512.976025390625,62.034139256373585,36.38556384405456,34.70218945478072,7.782886068093566,1795.9000244140625,68.3499984741211,92.5199966430664,1.3700000047683716,18.139999389648438,51671500.0
2021-09-08,8.414954425627087,-0.330384798095494,-0.502311337,-0.330384804525887,-0.99020213,-0.6635406046666666,-0.495577207,-0.6635406046666666,-0.495577207,4526.11396484375,4515.760009765625,60.43611160023716,34.44379289045537,34.65051014191565,9.879161263370296,1790.699951171875,69.30000305175781,92.6500015258789,1.3339999914169312,17.959999084472656,56181900.0
2021-09-09,8.410338178477085,-0.495577207,-0.330384798095494,-0.502311337,-0.330384804525887,-0.99020213,-0.6635406046666666,-0.495577207,-0.6635406046666666,4519.951953125,4515.468994140625,55.1036193689224,30.87147586039555,33.894703285611634,17.850249693698338,1797.4000244140625,68.13999938964844,92.4800033569336,1.2990000247955322,18.799999237060547,57970400.0
2021-09-10,8.402585626190808,-0.51209125275,-0.495577207,-0.330384798095494,-0.502311337,-0.330384804525887,-0.99020213,-0.6635406046666666,-0.495577207,4504.2779296875,4514.327001953125,47.56073484286738,24.952772488362825,32.10631712616187,29.680454033183647,1789.5999755859375,69.72000122070312,92.58000183105469,1.340999960899353,20.950000762939453,89948200.0
2021-09-13,8.404859526537178,-0.007686414,-0.7450845248944152,-0.3499965036666666,-0.51209125275,-0.495577207,-0.330384798095494,-0.502311337,-0.330384804525887,4490.937890625,4510.26298828125,49.7284410721914,20.840928466604055,29.85323939425031,27.05147155189456,1792.0,70.44999694824219,92.62000274658203,1.3240000009536743,19.3700008392334,83738600.0
2021-09-14,8.39909631257092,-0.007686414,-0.007686414,-0.7450845248944152,-0.3499965036666666,-0.51209125275,-0.495577207,-0.330384798095494,-0.502311337,4475.54189453125,4501.68896484375,44.69438961226276,15.333333760833739,26.949258267566996,28.235064287327454,1804.699951171875,70.45999908447266,92.6500015258789,1.2769999504089355,19.459999084472656,78197100.0
2021-09-15,8.407534606793,-0.495577207,-0.007686414,-0.007686414,-0.7450845248944152,-0.3499965036666666,-0.51209125275,-0.495577207,-0.330384798095494,4468.86796875,4497.490966796875,52.31592311561046,13.846977801773392,24.328802174408278,19.418906351252186,1792.4000244140625,72.61000061035156,92.48999786376953,1.3040000200271606,18.18000030517578,78792200.0
2021-09-16,8.405982262080235,-0.99020213,-0.495577207,-0.007686414,-0.007686414,-0.7450845248944152,-0.3499965036666666,-0.51209125275,-0.495577207,4464.96201171875,4492.456982421875,50.92089985483835,11.970222050495977,21.857086149625818,14.662798528405753,1754.5999755859375,72.61000061035156,92.86000061035156,1.3309999704360962,18.690000534057617,77786700.0
2021-09-17,8.396829631804437,0.33072869547411304,-0.99020213,-0.495577207,-0.007686414,-0.007686414,-0.7450845248944152,-0.3499965036666666,-0.51209125275,4459.84404296875,4482.060986328125,43.58137657347017,7.111925306041485,18.90805398090895,20.679023745282784,1749.4000244140625,71.97000122070312,93.19999694824219,1.3700000047683716,20.809999465942383,118425000.0
2021-09-20,8.379706554078055,-0.495577207,-0.503295587,-0.6637124546666667,0.33072869547411304,-0.99020213,-0.495577207,-0.007686414,-0.007686414,4437.64404296875,4464.290966796875,33.87304316458605,-2.7791471022892438,14.57061376426931,48.97603997678833,1761.800048828125,70.29000091552734,93.23999786376953,1.309000015258789,25.709999084472656,166445500.0
2021-09-21,8.378893865419508,-0.45162500885729645,-0.495577207,-0.503295587,-0.6637124546666667,0.33072869547411304,-0.99020213,-0.495577207,-0.007686414,4419.8720703125,4447.706982421875,33.495077986126006,-10.779287893262335,9.500633432762982,61.1366496354755,1776.0,70.55999755859375,93.19999694824219,1.3240000009536743,24.360000610351562,92526100.0
2021-09-22,8.388368450643727,-0.6601347531925537,-0.45162500885729645,-0.495577207,-0.503295587,-0.6637124546666667,0.33072869547411304,-0.99020213,-0.495577207,4402.86005859375,4435.864013671875,41.698259236634755,-13.617795292677329,4.876947687674919,50.96774179735011,1776.699951171875,72.2300033569336,93.45999908447266,1.3359999656677246,20.8700008392334,102350100.0
2021-09-23,8.400430131013664,-0.495577207,-0.6601347531925537,-0.45162500885729645,-0.495577207,-0.503295587,-0.6637124546666667,0.33072869547411304,-0.99020213,4397.9060546875,4431.434033203125,50.2093656345978,-11.431478280336705,1.6152624940725944,42.92375636912579,1747.699951171875,73.30000305175781,93.0999984741211,1.409999966621399,18.6299991607666,76396000.0
2021-09-24,8.401890073825028,-0.9915964500000001,-0.495577207,-0.6601347531925537,-0.45162500885729645,-0.495577207,-0.503295587,-0.6637124546666667,0.33072869547411304,4402.40400390625,4431.1240234375,51.145324857797576,-9.069760070891789,-0.5217420189202822,48.35414918337431,1749.699951171875,73.9800033569336,93.33000183105469,1.4600000381469727,17.75,62094800.0
2021-09-27,8.39910982990484,-0.495577207,-0.983468,-0.6635406046666666,-0.9915964500000001,-0.495577207,-0.6601347531925537,-0.45162500885729645,-0.495577207,4419.47998046875,4428.56201171875,49.24799448534072,-8.102841932342017,-2.037962001604629,43.46190490688309,1750.0,75.44999694824219,93.37999725341797,1.4839999675750732,18.760000228881836,61371100.0
2021-09-28,8.378535512164946,-0.495577207,-0.495577207,-0.983468,-0.6635406046666666,-0.9915964500000001,-0.495577207,-0.6601347531925537,-0.45162500885729645,4419.16796875,4419.52001953125,38.111342814882185,-14.470721126913304,-4.5245138266663645,44.04942766893797,1735.800048828125,75.29000091552734,93.7699966430664,1.534000039100647,23.25,130436300.0
2021-09-29,8.38010346650123,-0.495577207,-0.495577207,-0.495577207,-0.983468,-0.6635406046666666,-0.9915964500000001,-0.495577207,-0.6601347531925537,4411.93193359375,4407.39599609375,39.22852428961331,-18.750042228050916,-7.369619506943275,51.26181474737897,1721.5,74.83000183105469,94.33999633789062,1.5410000085830688,22.559999465942383,82329200.0
2021-09-30,8.368122263556215,-0.4692080485716205,-0.495577207,-0.495577207,-0.495577207,-0.983468,-0.6635406046666666,-0.9915964500000001,-0.495577207,4383.6439453125,4390.775,34.1778390054846,-26.030871135176312,-11.101869832589884,63.31499243139251,1755.300048828125,75.02999877929688,94.25,1.5290000438690186,23.139999389648438,140506000.0
2021-10-01,8.37954821566955,-0.495577207,-0.4692080485716205,-0.495577207,-0.495577207,-0.495577207,-0.983468,-0.6635406046666666,-0.9915964500000001,4363.95595703125,4383.17998046875,41.8630599614134,-27.48985821471615,-14.379467509015138,49.10300534164079,1757.0,75.87999725341797,94.04000091552734,1.4789999723434448,21.100000381469727,129240100.0
2021-10-04,8.366477263620906,-0.6058387262,-0.252261046,-0.495577207,-0.495577207,-0.4692080485716205,-0.495577207,-0.495577207,-0.495577207,4335.4259765625,4377.452978515625,36.60243620902595,-32.83317502814771,-18.07020901284165,28.900788275980915,1766.199951171875,77.62000274658203,93.80999755859375,1.4809999465942383,22.959999084472656,128570000.0
2021-10-05,8.376946781119507,0.9999905,-0.6058387262,-0.252261046,-0.495577207,-0.495577207,-0.4692080485716205,-0.495577207,-0.495577207,4334.04404296875,4376.606005859375,42.7951016335456,-33.03486253300889,-21.0631397168751,28.024411238851222,1759.5999755859375,78.93000030517578,93.9800033569336,1.5290000438690186,21.299999237060547,90682500.0
2021-10-07,8.389305219694197,-0.983468,0.9999905,-0.6058387262,-0.252261046,-0.495577207,-0.495577207,-0.4692080485716205,-0.495577207,4353.30595703125,4368.474951171875,49.46886394061627,-26.86230979330412,-23.875929085570736,35.80181176966255,1757.9000244140625,78.30000305175781,94.22000122070312,1.5709999799728394,19.540000915527344,72437500.0
2021-10-08,8.387389663091776,-0.663176638,-0.983468,0.9999905,-0.6058387262,-0.252261046,-0.495577207,-0.495577207,-0.4692080485716205,4360.16591796875,4362.0609375,48.4965931292478,-23.67730503738221,-23.83620427593303,39.76310084098023,1756.300048828125,79.3499984741211,94.06999969482422,1.6050000190734863,18.770000457763672,74557400.0
2021-10-11,8.380500221447436,-0.503030957,-0.2559776385,-0.495577207,-0.663176638,-0.983468,0.9999905,-0.6058387262,-0.252261046,4372.3119140625,4353.8689453125,45.07993793914169,-23.31722451771566,-23.73240832428956,22.48909717727656,1754.5999755859375,80.5199966430664,94.31999969482422,1.6139999628067017,20.0,65233300.0
2021-10-12,8.378080515760882,-0.49856983004774696,-0.503030957,-0.2559776385,-0.495577207,-0.663176638,-0.983468,0.9999905,-0.6058387262,4373.2978515625,4353.670947265625,43.915154126282104,-23.6101876310222,-23.707964185636087,21.096811891783577,1758.300048828125,80.63999938964844,94.5199966430664,1.5800000429153442,19.850000381469727,71181200.0
2021-10-13,8.381098471631113,-0.6305799046666666,-0.49856983004774696,-0.503030957,-0.2559776385,-0.495577207,-0.663176638,-0.983468,0.9999905,4373.3478515625,4354.104931640625,45.796858798705955,-22.52166010968449,-23.47070337044577,21.068209846541933,1793.699951171875,80.44000244140625,94.08000183105469,1.5490000247955322,18.639999389648438,72974000.0
2021-10-14,8.398017633916824,-0.2545928135,-0.6305799046666666,-0.49856983004774696,-0.503030957,-0.2559776385,-0.495577207,-0.663176638,-0.983468,4381.0478515625,4367.176904296875,55.002944049262744,-15.472342118069719,-21.87103111997056,35.33764015665241,1796.699951171875,81.30999755859375,93.95999908447266,1.5190000534057617,16.860000610351562,70236800.0
2021-10-15,8.405450154554014,-0.5010733110716205,-0.2545928135,-0.6305799046666666,-0.49856983004774696,-0.503030957,-0.2559776385,-0.495577207,-0.663176638,4397.05390625,4378.609912109375,58.387487879534774,-7.131767588393814,-18.92317841365521,54.23608779796319,1767.199951171875,82.27999877929688,93.94000244140625,1.5759999752044678,16.299999237060547,66260200.0
2021-10-18,8.408819242355818,-0.747378216,-0.0025962946666666653,-0.99020213,-0.5010733110716205,-0.2545928135,-0.6305799046666666,-0.49856983004774696,-0.503030957,4422.10791015625,4397.209912109375,59.8689883205324,0.6878924999664378,-15.000964230930883,61.91711387070628,1764.800048828125,82.44000244140625,93.94999694824219,1.5839999914169312,16.309999465942383,62213200.0
2021-10-19,8.416185385140054,-0.99411591,-0.747378216,-0.0025962946666666653,-0.99020213,-0.5010733110716205,-0.2545928135,-0.6305799046666666,-0.49856983004774696,4455.90390625,4414.60087890625,62.98831657103143,9.452601237286217,-10.110251137287463,59.22068361371578,1769.699951171875,82.95999908447266,93.79000091552734,1.6349999904632568,15.699999809265137,46996800.0
2021-10-20,8.419842718738614,1.8896628735049811e-06,-0.99411591,-0.747378216,-0.0025962946666666653,-0.99020213,-0.5010733110716205,-0.2545928135,-0.6305799046666666,4490.38193359375,4431.864892578125,64.47302542789961,17.53284664594412,-4.581631580641146,38.88241099648012,1784.0999755859375,83.87000274658203,93.55999755859375,1.6360000371932983,15.489999771118164,49571600.0
2021-10-21,8.422834111906974,-0.330384798095494,1.8896628735049811e-06,-0.99411591,-0.747378216,-0.0025962946666666653,-0.99020213,-0.5010733110716205,-0.2545928135,4512.6859375,4446.86689453125,65.6894019423679,24.7478088277021,1.284256501027504,33.058315764815205,1781.199951171875,82.5,93.7699966430664,1.6759999990463257,15.010000228881836,41305400.0
2021-10-22,8.421760982682311,0.0029453619999999987,-0.330384798095494,1.8896628735049811e-06,-0.99411591,-0.747378216,-0.0025962946666666653,-0.99020213,-0.5010733110716205,4527.39189453125,4462.222900390625,64.83103619917483,29.72925226337975,6.9732556534979535,25.596999954387325,1795.5,83.76000213623047,93.61000061035156,1.6549999713897705,15.430000305175781,58845100.0
2021-10-25,8.426497942123165,-0.25595619599999997,-0.495577207,-0.495577207,0.0029453619999999987,-0.330384798095494,1.8896628735049811e-06,-0.99411591,-0.747378216,4543.3958984375,4482.751904296875,66.89141017444433,35.01478537807361,12.581561598413085,17.267311574457075,1806.0,83.76000213623047,93.80999755859375,1.6349999904632568,15.239999771118164,45214500.0
2021-10-26,8.428316083555409,-0.007686414,-0.25595619599999997,-0.495577207,-0.495577207,0.0029453619999999987,-0.330384798095494,1.8896628735049811e-06,-0.99411591,4554.4279296875,4505.16591796875,67.67671405566107,39.41975434004962,17.949200146740395,15.84992267668166,1792.699951171875,84.6500015258789,93.94999694824219,1.61899995803833,15.979999542236328,56075100.0
2021-10-27,8.423251713184303,-0.661346138,-0.007686414,-0.25595619599999997,-0.495577207,-0.495577207,0.0029453619999999987,-0.330384798095494,1.8896628735049811e-06,4557.5259765625,4523.953955078125,63.18811866627268,40.5781910218393,22.474998321760175,12.567981721531073,1797.9000244140625,82.66000366210938,93.86000061035156,1.5290000438690186,16.979999542236328,72438000.0
2021-10-28,8.433033001608488,-0.330384804525887,-0.661346138,-0.007686414,-0.25595619599999997,-0.495577207,-0.495577207,0.0029453619999999987,-0.330384798095494,4566.85400390625,4539.769970703125,67.66001594177357,44.59235117577009,26.89846889256216,20.30696732806071,1801.5999755859375,82.80999755859375,93.3499984741211,1.5679999589920044,16.530000686645508,51437900.0
2021-10-29,8.434980438840205,-0.495577207,-0.330384804525887,-0.661346138,-0.007686414,-0.25595619599999997,-0.495577207,-0.495577207,0.0029453619999999987,4578.95,4553.170947265625,68.48569046870722,47.94392822385635,31.107560758821002,21.90996834111191,1783.0,83.56999969482422,94.12000274658203,1.5570000410079956,16.260000228881836,70162400.0
2021-11-01,8.436778897786107,-0.983468,-0.2507519185,-0.44283889588542247,-0.495577207,-0.330384804525887,-0.661346138,-0.007686414,-0.25595619599999997,4588.38798828125,4565.891943359375,69.26750203354862,50.684751782483545,35.02299896355351,25.123596103789552,1795.0999755859375,84.05000305175781,93.87999725341797,1.5750000476837158,16.40999984741211,48433600.0
2021-11-02,8.440452504906496,-0.6636960846666667,-0.983468,-0.2507519185,-0.44283889588542247,-0.495577207,-0.330384804525887,-0.661346138,-0.007686414,4599.5599609375,4576.9939453125,70.86198383486409,53.60904501501227,38.74020817384527,29.58834490494454,1788.699951171875,83.91000366210938,94.08999633789062,1.5490000247955322,16.030000686645508,48908400.0
2021-11-03,8.446892999519385,-0.495577207,-0.6636960846666667,-0.983468,-0.2507519185,-0.44283889588542247,-0.495577207,-0.330384804525887,-0.661346138,4621.337890625,4589.43193359375,73.47359246450334,57.676003053146815,42.52736714970558,25.29930384652658,1763.5999755859375,80.86000061035156,93.86000061035156,1.5789999961853027,15.100000381469727,52509800.0
2021-11-04,8.451066221862202,-0.495577207,-0.495577207,-0.6636960846666667,-0.983468,-0.2507519185,-0.44283889588542247,-0.495577207,-0.330384804525887,4638.06591796875,4602.4599609375,75.04281658711405,61.75986633170669,46.37386698610581,31.57717708541001,1793.0,78.80999755859375,94.3499984741211,1.5240000486373901,15.4399995803833,52847100.0
2021-11-05,8.454792071907487,-0.3268045866666667,-0.495577207,-0.495577207,-0.6636960846666667,-0.983468,-0.2507519185,-0.44283889588542247,-0.495577207,4656.4958984375,4617.72294921875,76.39096734462225,65.64925459389269,50.228944507663186,34.48813621014434,1816.4000244140625,81.2699966430664,94.31999969482422,1.4529999494552612,16.479999542236328,66390600.0
2021-11-08,8.455679465968188,-0.99170092,-0.983468,-0.007686414,-0.3268045866666667,-0.495577207,-0.495577207,-0.6636960846666667,-0.983468,4674.101953125,4631.244970703125,76.71434403473505,68.281038748024,53.83936335573536,29.22851576856498,1827.4000244140625,81.93000030517578,94.05000305175781,1.496999979019165,17.219999313354492,50405200.0
2021-11-09,8.45217455504179,-0.495577207,-0.99170092,-0.983468,-0.007686414,-0.3268045866666667,-0.495577207,-0.495577207,-0.6636960846666667,4685.02197265625,4642.290966796875,72.49618780321723,68.25258011168171,56.72200670692463,16.257218668559574,1830.199951171875,84.1500015258789,93.95999908447266,1.4320000410079956,17.780000686645508,51149100.0
2021-11-10,8.443914712877929,-0.007686414,-0.495577207,-0.99170092,-0.983468,-0.007686414,-0.3268045866666667,-0.495577207,-0.495577207,4682.25,4651.7939453125,63.66404487855355,64.37805720800407,58.25321680714052,21.72942792644668,1847.5999755859375,81.33999633789062,94.8499984741211,1.559999942779541,18.729999542236328,69429700.0
2021-11-11,8.444465501210917,-0.495577207,-0.007686414,-0.495577207,-0.99170092,-0.983468,-0.007686414,-0.3268045866666667,-0.495577207,4676.0919921875,4657.078955078125,63.97798108545924,60.81303046521771,58.76517953875596,26.37209756212443,1863.199951171875,81.58999633789062,95.18000030517578,1.559999942779541,17.65999984741211,34848500.0
2021-11-15,8.45165145889703,-0.495577207,-0.5038101269999999,-0.495577207,-0.007686414,-0.495577207,-0.99170092,-0.983468,-0.007686414,4669.3759765625,4671.73896484375,67.88420256191063,58.68524109990358,58.947666329189865,19.5686834848967,1866.0999755859375,80.87999725341797,95.41000366210938,1.6230000257492065,16.489999771118164,46980500.0
2021-11-16,8.455509237954157,-0.99020213,-0.495577207,-0.5038101269999999,-0.495577207,-0.007686414,-0.495577207,-0.99170092,-0.983468,4672.50595703125,4678.76396484375,69.92856300166856,58.4258413559628,58.843301334544456,23.582423970098816,1853.5999755859375,80.76000213623047,95.91999816894531,1.6339999437332153,16.3700008392334,48857500.0
2021-11-17,8.452904222471261,0.496093043,-0.99020213,-0.495577207,-0.5038101269999999,-0.495577207,-0.007686414,-0.495577207,-0.99170092,4680.89794921875,4681.573974609375,66.83286650421081,56.58117540686726,58.39087614900902,19.158781027559478,1869.699951171875,78.36000061035156,95.83000183105469,1.6039999723434448,17.110000610351562,47858300.0
2021-11-18,8.456283287211432,-0.6637124546666667,0.496093043,-0.99020213,-0.495577207,-0.5038101269999999,-0.495577207,-0.007686414,-0.495577207,4691.951953125,4684.02197265625,68.76519779126394,55.757116841685274,57.86412428754427,10.196850321465039,1861.0,79.01000213623047,95.54000091552734,1.5889999866485596,17.59000015258789,50625600.0
2021-11-19,8.454883642606445,-0.6310437713333333,-0.6637124546666667,0.496093043,-0.99020213,-0.495577207,-0.5038101269999999,-0.495577207,-0.007686414,4694.97392578125,4684.064990234375,67.0216871479925,53.951171655669896,57.0815337611694,8.992966934483897,1851.199951171875,76.0999984741211,96.06999969482422,1.5360000133514404,17.90999984741211,57315600.0
2021-11-22,8.451681384289484,-0.99020213,-0.3303846682184333,-0.6668347513333334,-0.6310437713333333,-0.6637124546666667,0.496093043,-0.99020213,-0.495577207,4695.001953125,4682.18896484375,63.08947491455392,50.72325097290013,55.809877203515555,8.945633641773966,1806.0,76.75,96.5,1.625,19.170000076293945,72762000.0
2021-11-23,8.453337145672679,-0.495577207,-0.99020213,-0.3303846682184333,-0.6668347513333334,-0.6310437713333333,-0.6637124546666667,0.496093043,-0.99020213,4692.96201171875,4682.733984375,64.25631420533333,48.23526213450077,54.2949541897126,8.411449869034714,1783.5,78.5,96.48999786376953,1.6670000553131104,19.3799991607666,73206500.0
2021-11-24,8.455628369449347,-0.661346138,-0.495577207,-0.99020213,-0.3303846682184333,-0.6668347513333334,-0.6310437713333333,-0.6637124546666667,0.496093043,4695.52001953125,4688.208984375,65.86748178918641,46.594622414849255,52.75488783473993,8.719031503709502,1784.0999755859375,78.38999938964844,96.83999633789062,1.6449999809265137,18.579999923706055,61858800.0
2021-11-26,8.432641358290025,-0.7174290535,-0.661346138,-0.661346138,-0.495577207,-0.99020213,-0.3303846682184333,-0.6668347513333334,-0.6310437713333333,4673.53603515625,4682.743994140625,44.44467960373545,36.255391538599724,49.45498857551189,44.68511423584952,1785.300048828125,68.1500015258789,96.08999633789062,1.4819999933242798,28.6200008392334,112669600.0
2021-11-29,8.445755194372849,-0.9996212,-0.33352347119255366,-0.7174290535,-0.661346138,-0.661346138,-0.495577207,-0.99020213,-0.3303846682184333,4664.998046875,4679.985986328125,53.658802753648736,32.57985652008756,46.07996216442703,42.8942615447411,1782.300048828125,69.94999694824219,96.33999633789062,1.5299999713897705,22.959999084472656,86268800.0
2021-11-30,8.426611813185,-0.7174290535,-0.9996212,-0.33352347119255366,-0.7174290535,-0.661346138,-0.661346138,-0.495577207,-0.99020213,4641.81005859375,4668.406005859375,42.58791323834134,22.28740038605156,41.321449808751936,59.06132893688112,1773.5999755859375,66.18000030517578,95.98999786376953,1.4429999589920044,27.190000534057617,148559600.0
2021-12-01,8.414726271727043,-0.994701825,-0.7174290535,-0.9996212,-0.33352347119255366,-0.7174290535,-0.661346138,-0.661346138,-0.495577207,4606.27802734375,4649.62001953125,37.49508563289088,9.665024475356404,34.99016474207283,73.87795432520358,1781.5999755859375,65.56999969482422,96.05000305175781,1.434000015258789,31.1200008392334,131939200.0
2021-12-02,8.4288209101231,-0.6636960846666667,-0.994701825,-0.7174290535,-0.9996212,-0.33352347119255366,-0.7174290535,-0.661346138,-0.661346138,4581.4060546875,4638.463037109375,45.784046730054406,4.775759994678992,28.94728379259406,51.30907453912247,1760.699951171875,66.5,96.12999725341797,1.4479999542236328,27.950000762939453,127637800.0
2021-12-03,8.420336454981362,-0.983468,-0.6636960846666667,-0.994701825,-0.7174290535,-0.9996212,-0.33352347119255366,-0.7174290535,-0.661346138,4570.16806640625,4621.85205078125,42.15027997725713,-2.194065032856088,22.719014027504034,53.785075386226055,1782.0,66.26000213623047,96.12000274658203,1.343000054359436,30.670000076293945,137331600.0
2021-12-06,8.431999054291047,-0.491733990143241,-0.195730922,-0.3325740541,-0.983468,-0.6636960846666667,-0.994701825,-0.7174290535,-0.9996212,4557.448046875,4611.223046875,48.24109380599689,-3.382705294439802,17.498670163115268,31.55285334062697,1777.5,69.48999786376953,96.29000091552734,1.434000015258789,27.18000030517578,98977500.0
2021-12-07,8.4524946574773,-0.983468,-0.491733990143241,-0.195730922,-0.3325740541,-0.983468,-0.6636960846666667,-0.994701825,-0.7174290535,4581.398046875,4611.604052734375,56.9570381683273,3.3093087703537094,14.660797884562957,66.59968654051235,1782.5999755859375,72.05000305175781,96.37000274658203,1.4800000190734863,21.889999389648438,95484700.0
2021-12-08,8.455575193063886,-0.3268045866666667,-0.983468,-0.491733990143241,-0.195730922,-0.3325740541,-0.983468,-0.6636960846666667,-0.994701825,4619.03203125,4612.655029296875,58.11229410288344,9.66812796974591,13.662263901599548,71.31368488711583,1783.4000244140625,72.36000061035156,95.88999938964844,1.5089999437332153,19.899999618530273,72238800.0
2021-12-09,8.448368204831363,-0.99020213,-0.3268045866666667,-0.983468,-0.491733990143241,-0.195730922,-0.3325740541,-0.983468,-0.6636960846666667,4637.10205078125,4609.254052734375,54.438623744659054,11.846844010925452,13.299179923464731,69.45496766914722,1774.5999755859375,70.94000244140625,96.2699966430664,1.4869999885559082,21.579999923706055,61272600.0
2021-12-10,8.457871973949572,0.496152043,-0.99020213,-0.3268045866666667,-0.983468,-0.491733990143241,-0.195730922,-0.3325740541,-0.983468,4671.82001953125,4620.99404296875,58.19593250920994,16.974236071910127,14.034191153153811,47.8169595715516,1782.9000244140625,71.66999816894531,96.05000305175781,1.4889999628067017,18.690000534057617,77159800.0
2021-12-13,8.448693815606779,-0.966246705,-0.007686414,-0.40090312,0.496152043,-0.99020213,-0.3268045866666667,-0.983468,-0.491733990143241,4687.280078125,4622.3640625,53.59818534555825,17.363812542658707,14.70011543105479,19.588661672694407,1786.300048828125,71.29000091552734,96.31999969482422,1.4240000247955322,20.309999465942383,87724700.0
2021-12-14,8.441195092752155,-0.495577207,-0.966246705,-0.007686414,-0.40090312,0.496152043,-0.99020213,-0.3268045866666667,-0.983468,4676.748046875,4629.073046875,50.14161524957045,14.688678322318083,14.69782800930745,30.859213791439554,1770.4000244140625,70.7300033569336,96.56999969482422,1.437999963760376,21.889999389648438,97264100.0
2021-12-15,8.457411360104047,-0.7491028585,-0.495577207,-0.966246705,-0.007686414,-0.40090312,0.496152043,-0.99020213,-0.3268045866666667,4678.47607421875,4648.754052734375,56.67683855027937,18.46893611574251,15.452049630594463,32.75513103745226,1762.5999755859375,70.87000274658203,96.51000213623047,1.4630000591278076,19.290000915527344,116899300.0
2021-12-16,8.448629496792934,-0.99020213,-0.7491028585,-0.495577207,-0.966246705,-0.007686414,-0.40090312,0.496152043,-0.99020213,4678.72001953125,4657.91103515625,52.638029610898954,17.93517607828926,15.948674920133424,32.656881007984985,1796.5999755859375,72.37999725341797,96.04000091552734,1.4220000505447388,20.56999969482422,116568600.0
2021-12-20,8.426835133885623,0.0007654474999999883,-0.993812665,-0.99693626,-0.99020213,-0.7491028585,-0.495577207,-0.966246705,-0.007686414,4640.25400390625,4663.767041015625,44.04448299731911,5.64030339297733,13.492198658018378,53.13080512855595,1793.699951171875,68.2300033569336,96.55000305175781,1.4190000295639038,22.8700008392334,107134800.0
2021-12-21,8.44445688927082,-0.4917339997888305,0.0007654474999999883,-0.993812665,-0.99693626,-0.99020213,-0.7491028585,-0.495577207,-0.966246705,4643.28203125,4660.0150390625,51.20997161547438,5.911190531895954,11.975997032793895,53.123103145619496,1787.9000244140625,71.12000274658203,96.48999786376953,1.4869999885559082,21.010000228881836,69806300.0
2021-12-22,8.454585617299946,-0.3268045866666667,-0.4917339997888305,0.0007654474999999883,-0.993812665,-0.99693626,-0.99020213,-0.7491028585,-0.495577207,4640.6240234375,4659.550048828125,54.83968600926124,9.831678818434739,11.547133389922063,49.14308714406942,1801.5999755859375,72.76000213623047,96.08000183105469,1.4570000171661377,18.6299991607666,58890200.0
2021-12-23,8.460790029985198,-0.9934675866666667,-0.3268045866666667,-0.4917339997888305,0.0007654474999999883,-0.993812665,-0.99693626,-0.99020213,-0.7491028585,4652.048046875,4665.384033203125,56.96880893923199,15.122980860170173,12.262302883971685,62.19788641297793,1811.199951171875,73.79000091552734,96.0199966430664,1.4930000305175781,17.959999084472656,56439700.0
2021-12-27,8.474534081558804,-0.665835558,-0.9881759999999999,-0.501018605575,-0.007686414,-0.9934675866666667,-0.3268045866666667,-0.4917339997888305,0.0007654474999999883,4686.1580078125,4673.301025390625,61.35847333938312,24.31333243755398,14.672508794688145,83.71211249655032,1808.0999755859375,75.56999969482422,96.08999633789062,1.4809999465942383,17.68000030517578,56808600.0
2021-12-28,8.473523416159917,-0.661346138,-0.665835558,-0.9881759999999999,-0.501018605575,-0.007686414,-0.9934675866666667,-0.3268045866666667,-0.4917339997888305,4729.8240234375,4685.039013671875,60.86365599687523,30.850590924820608,17.908125220714638,60.37204879711309,1810.199951171875,75.9800033569336,96.19999694824219,1.4809999465942383,17.540000915527344,47274600.0
2021-12-29,8.474924329561775,-0.6626968913333333,-0.661346138,-0.665835558,-0.9881759999999999,-0.501018605575,-0.007686414,-0.9934675866666667,-0.3268045866666667,4758.5900390625,4700.93603515625,61.329270041051835,36.156068493335624,21.557713875238836,44.56768787302374,1805.0999755859375,76.55999755859375,95.93000030517578,1.5429999828338623,16.950000762939453,54503000.0
2021-12-30,8.47193009571987,-0.2942078533333333,-0.6626968913333333,-0.661346138,-0.665835558,-0.9881759999999999,-0.501018605575,-0.007686414,-0.9934675866666667,4775.0240234375,4707.8240234375,59.69583049173285,38.75760658412946,24.997692417016964,28.07416410195508,1812.699951171875,76.98999786376953,95.97000122070312,1.5149999856948853,17.329999923706055,55329000.0
2021-12-31,8.469300461346396,0.3343482466666667,-0.2942078533333333,-0.6626968913333333,-0.661346138,-0.665835558,-0.9881759999999999,-0.501018605575,-0.007686414,4783.10205078125,4717.575048828125,58.23305413764921,39.35304253108552,27.868762439830675,10.961187836993158,1827.5,75.20999908447266,95.66999816894531,1.5119999647140503,17.219999313354492,65237400.0
2022-01-03,8.475654285516784,-0.488673501,-0.6304760846666667,-0.16692608813105997,0.3343482466666667,-0.2942078533333333,-0.6626968913333333,-0.661346138,-0.665835558,4784.17607421875,4735.167041015625,60.740939311452465,41.794550890170285,30.6539201298986,12.150379860206444,1799.4000244140625,76.08000183105469,96.23999786376953,1.628000020980835,16.600000381469727,72668200.0
2022-01-04,8.47502446526458,-0.41937293057142855,-0.488673501,-0.6304760846666667,-0.16692608813105997,0.3343482466666667,-0.2942078533333333,-0.6626968913333333,-0.661346138,4785.6140625,4757.71904296875,60.35298372059615,42.99020914747052,33.12117793341299,12.875804161220064,1814.0,76.98999786376953,96.29000091552734,1.6679999828338623,16.90999984741211,71178700.0
2022-01-05,8.45544120096008,-0.36692511,-0.41937293057142855,-0.488673501,-0.6304760846666667,-0.16692608813105997,0.3343482466666667,-0.2942078533333333,-0.6626968913333333,4767.11806640625,4762.854052734375,49.80750774429099,36.021452104501805,33.701232767630756,39.14068092966678,1824.5999755859375,77.8499984741211,96.19000244140625,1.7050000429153442,19.729999542236328,104538900.0
2022-01-06,8.454476967219898,-0.27517980880000004,-0.36692511,-0.41937293057142855,-0.488673501,-0.6304760846666667,-0.16692608813105997,0.3343482466666667,-0.2942078533333333,4750.58203125,4762.80302734375,49.3549114591947,29.789709507679618,32.91892811564053,49.184933151927005,1788.699951171875,79.45999908447266,96.25,1.7330000400543213,19.610000610351562,86858900.0
2022-01-07,8.450418526137563,-0.488391556,-0.27517980880000004,-0.36692511,-0.41937293057142855,-0.488673501,-0.6304760846666667,-0.16692608813105997,0.3343482466666667,4732.751953125,4757.927001953125,47.40716947521397,23.050539709868644,30.94525043448616,57.56236391848821,1797.0,78.9000015258789,95.73999786376953,1.7710000276565552,18.760000228881836,85111600.0
2022-01-10,8.448976455600024,-0.5486682220936142,-0.4586553325716205,0.3307681651149,-0.488391556,-0.27517980880000004,-0.36692511,-0.41937293057142855,-0.488673501,4707.49794921875,4745.83701171875,46.703820725791985,16.970235596299972,28.150247466848924,49.73654536126698,1798.4000244140625,78.2300033569336,95.98999786376953,1.7799999713897705,19.399999618530273,119362000.0
2022-01-11,8.458094742052422,-0.2755659408,-0.5486682220936142,-0.4586553325716205,0.3307681651149,-0.488391556,-0.27517980880000004,-0.36692511,-0.41937293057142855,4691.40390625,4738.508984375,51.61121711647845,15.425704003019746,25.60533877408309,17.518627577733792,1818.5999755859375,81.22000122070312,95.62000274658203,1.746000051498413,18.40999984741211,74303100.0
2022-01-12,8.460908534067089,-0.17088607761772273,-0.2755659408,-0.5486682220936142,-0.4586553325716205,0.3307681651149,-0.488391556,-0.27517980880000004,-0.36692511,4696.55791015625,4731.83798828125,53.056276512977604,15.099204436311993,23.50411190652887,23.6210956087131,1827.199951171875,82.63999938964844,95.0,1.725000023841858,17.6200008392334,67605400.0
2022-01-13,8.44656250483269,-0.766533668,-0.17088607761772273,-0.2755659408,-0.5486682220936142,-0.4586553325716205,0.3307681651149,-0.488391556,-0.27517980880000004,4689.15390625,4719.86796875,45.619049741792075,9.301047887623099,20.663499102747718,29.007887964540235,1821.199951171875,82.12000274658203,94.79000091552734,1.7109999656677246,20.309999465942383,91173100.0
2022-01-14,8.44738214910228,-0.503722257,-0.766533668,-0.17088607761772273,-0.2755659408,-0.5486682220936142,-0.4586553325716205,0.3307681651149,-0.488391556,4686.31796875,4709.5349609375,46.08095604488076,4.957092068706515,17.522217695939478,31.106725893986575,1816.5,83.81999969482422,95.16999816894531,1.7719999551773071,19.190000534057617,95890900.0
2022-01-18,8.428823043704272,-0.474471775,0.12440749920000001,-0.6496460833333333,-0.00384300232765,-0.503722257,-0.766533668,-0.17088607761772273,-0.2755659408,4667.68193359375,4687.58994140625,38.23210980247939,-5.342460013849632,12.949282153981658,58.744191886636116,1812.300048828125,85.43000030517578,95.7300033569336,1.8650000095367432,22.790000915527344,109709100.0
2022-01-19,8.419086252762812,-0.2527025608,-0.474471775,0.12440749920000001,-0.6496460833333333,-0.00384300232765,-0.503722257,-0.766533668,-0.17088607761772273,4631.619921875,4661.5119140625,34.91896581220472,-16.888926444113167,6.981640434362693,76.558976726508,1843.0999755859375,86.95999908447266,95.51000213623047,1.8270000219345093,23.850000381469727,109357600.0
2022-01-20,8.40798751045848,-0.1912795128,-0.2527025608,-0.474471775,0.12440749920000001,-0.6496460833333333,-0.00384300232765,-0.503722257,-0.766533668,4582.8958984375,4639.726904296875,31.59297316033539,-29.73381689118196,-0.3614510307462373,78.69142872378126,1842.5,86.9000015258789,95.73999786376953,1.8329999446868896,25.59000015258789,122379700.0
2022-01-21,8.388891515133844,-0.29698666436772275,-0.1912795128,-0.2527025608,-0.474471775,0.12440749920000001,-0.6496460833333333,-0.00384300232765,-0.503722257,4530.6779296875,4609.91591796875,26.91410566224218,-46.222508341692446,-9.53366249293548,99.43354545992277,1831.800048828125,85.13999938964844,95.63999938964844,1.746999979019165,28.850000381469727,202271200.0
2022-01-24,8.391659419892115,-0.239157388663825,-0.2296382157758833,-0.2364723275,-0.29698666436772275,-0.1912795128,-0.2527025608,-0.474471775,0.12440749920000001,4480.13388671875,4583.225927734375,28.552353641063704,-57.64182958428137,-19.155295911204657,77.19612696341315,1841.699951171875,83.30999755859375,95.91999816894531,1.7350000143051147,29.899999618530273,251783900.0
2022-01-25,8.379412829335248,0.0023644977142857253,-0.239157388663825,-0.2296382157758833,-0.2364723275,-0.29698666436772275,-0.1912795128,-0.2527025608,-0.474471775,4436.001953125,4551.841943359375,25.8088372554449,-70.21384460814079,-29.367005650591885,70.69679226919651,1852.699951171875,85.5999984741211,95.94999694824219,1.7829999923706055,31.15999984741211,167997300.0
2022-01-26,8.377915072409362,-0.29778793488509997,0.0023644977142857253,-0.239157388663825,-0.2296382157758833,-0.2364723275,-0.29698666436772275,-0.1912795128,-0.2527025608,4399.43603515625,4515.527978515625,25.488481006512885,-79.78367167367833,-39.450338855209175,53.275441198210274,1829.9000244140625,87.3499984741211,96.48999786376953,1.8480000495910645,31.959999084472656,186391100.0
2022-01-27,8.372516437209391,-0.2527025608,-0.29778793488509997,0.0023644977142857253,-0.239157388663825,-0.2296382157758833,-0.2364723275,-0.29698666436772275,-0.1912795128,4368.1919921875,4475.5439453125,24.320675093598084,-88.2404786272491,-49.20836680961716,34.82994005275175,1793.300048828125,86.61000061035156,97.26000213623047,1.8070000410079956,30.489999771118164,149878300.0
2022-01-28,8.396572405124127,-0.2755659408,-0.2527025608,-0.29778793488509997,0.0023644977142857253,-0.239157388663825,-0.2296382157758833,-0.2364723275,-0.29698666436772275,4374.9740234375,4452.8259765625,38.065629746910616,-85.45737521086176,-56.45816848986608,44.13029873590924,1784.9000244140625,86.81999969482422,97.2699966430664,1.781999945640564,27.65999984741211,164457400.0
2022-01-31,8.415282231347112,-0.18917778013105999,-0.1583727618319125,-0.489156166,-0.2755659408,-0.2527025608,-0.29778793488509997,0.0023644977142857253,-0.239157388663825,4396.0580078125,4438.095947265625,46.396214066876766,-75.62610815324024,-60.29175642254092,77.60940166324758,1795.0,88.1500015258789,96.54000091552734,1.781999945640564,24.829999923706055,152251400.0
2022-02-01,8.42212179169543,-0.502875227,-0.18917778013105999,-0.1583727618319125,-0.489156166,-0.2755659408,-0.2527025608,-0.29778793488509997,0.0023644977142857253,4434.0759765625,4435.03896484375,49.12478711071511,-64.58955705364224,-61.15131654876119,97.39367290129802,1800.300048828125,88.19999694824219,96.38999938964844,1.7999999523162842,21.959999084472656,123155400.0
2022-02-02,8.431500192143753,-0.6427108736666667,-0.502875227,-0.18917778013105999,-0.1583727618319125,-0.489156166,-0.2755659408,-0.2527025608,-0.29778793488509997,4481.96591796875,4440.7009765625,52.70848236928945,-51.78919977271835,-59.278893193552626,104.2996466349969,1809.199951171875,88.26000213623047,95.94000244140625,1.7660000324249268,22.09000015258789,117361000.0
2022-02-03,8.406806720423633,-0.8856778,-0.6427108736666667,-0.502875227,-0.18917778013105999,-0.1583727618319125,-0.489156166,-0.2755659408,-0.2527025608,4512.151953125,4440.17197265625,43.98899835095589,-50.099921448018904,-57.443098844445885,60.85135726257514,1803.0,90.2699966430664,95.37999725341797,1.8270000219345093,24.350000381469727,118024400.0
2022-02-04,8.411950398863496,-0.493200111,-0.8856778,-0.6427108736666667,-0.502875227,-0.18917778013105999,-0.1583727618319125,-0.489156166,-0.2755659408,4525.887890625,4450.43095703125,45.97432105765099,-46.36354865575504,-55.22718880670772,43.45934198863508,1806.5999755859375,92.30999755859375,95.4800033569336,1.9299999475479126,23.219999313354492,118454400.0
2022-02-07,8.408241817935668,-0.3954302752,-0.23189455775,-0.493200111,-0.8856778,-0.6427108736666667,-0.502875227,-0.18917778013105999,-0.1583727618319125,4519.551953125,4457.80498046875,44.742057091481264,-44.236807888317344,-53.029112623029654,47.46776371421709,1820.5999755859375,91.31999969482422,95.4000015258789,1.9160000085830688,22.860000610351562,84472900.0
2022-02-08,8.416607931402302,-0.2745413208,-0.3954302752,-0.23189455775,-0.493200111,-0.8856778,-0.6427108736666667,-0.502875227,-0.18917778013105999,4514.551953125,4474.31396484375,48.12766956220104,-39.06142681966048,-50.235575462355825,45.17562968913656,1826.5999755859375,89.36000061035156,95.63999938964844,1.9539999961853027,21.440000534057617,81012000.0
2022-02-09,8.431020773481567,-0.245053779,-0.2745413208,-0.3954302752,-0.23189455775,-0.493200111,-0.8856778,-0.6427108736666667,-0.502875227,4514.11201171875,4498.03896484375,53.47667146248123,-29.32524639434905,-46.05350964875448,44.26630206467359,1835.199951171875,89.66000366210938,95.48999786376953,1.9290000200271606,19.959999084472656,92589900.0
2022-02-10,8.41273894899651,-0.474471775,-0.245053779,-0.2745413208,-0.3954302752,-0.23189455775,-0.493200111,-0.8856778,-0.6427108736666667,4519.4400390625,4515.79599609375,46.88510512545315,-27.992061584767725,-42.44122003595713,40.16180264775666,1836.199951171875,89.87999725341797,95.55000305175781,2.0309998989105225,23.90999984741211,140103700.0
2022-02-11,8.393587266358425,-0.5635102433333333,-0.474471775,-0.245053779,-0.2745413208,-0.3954302752,-0.23189455775,-0.493200111,-0.8856778,4503.062109375,4514.475,41.25467559952297,-33.44426754032702,-40.64182953683111,61.06087387422613,1840.800048828125,93.0999984741211,96.08000183105469,1.9550000429153442,27.360000610351562,153214600.0
2022-02-14,8.389739275602796,-0.245053779,-0.460576941,-0.5507338646650429,-0.5635102433333333,-0.474471775,-0.245053779,-0.2745413208,-0.3954302752,4486.6220703125,4503.08701171875,40.22149573950284,-38.68855695127331,-40.251175019719554,76.6067718500853,1868.0,95.45999908447266,96.37000274658203,1.996000051498413,28.329999923706055,123006300.0
2022-02-15,8.40538299324886,-0.5944305804,-0.245053779,-0.460576941,-0.5507338646650429,-0.5635102433333333,-0.474471775,-0.245053779,-0.2745413208,4476.52802734375,4495.539990234375,46.15983911618488,-36.8202609244363,-39.5649922006629,74.14099620456926,1854.800048828125,92.06999969482422,95.98999786376953,2.0450000762939453,25.700000762939453,88482700.0
2022-02-16,8.406263812969144,-0.5710285524,-0.5944305804,-0.245053779,-0.460576941,-0.5507338646650429,-0.5635102433333333,-0.474471775,-0.245053779,4454.0939453125,4484.102978515625,46.48486092869251,-34.62259479779004,-38.57651272008833,42.513281026967476,1870.199951171875,93.66000366210938,95.69999694824219,2.046999931335449,24.290000915527344,84863600.0
2022-02-17,8.384863308832207,0.003931476800000015,-0.5710285524,-0.5944305804,-0.245053779,-0.460576941,-0.5507338646650429,-0.5635102433333333,-0.474471775,4429.3298828125,4474.3849609375,40.199866355737335,-40.06462168092639,-38.87413451225595,42.17847470502362,1900.699951171875,91.76000213623047,95.80000305175781,1.972000002861023,28.110000610351562,102259100.0
2022-02-18,8.377671347168341,-0.8856778,0.003931476800000015,-0.5710285524,-0.5944305804,-0.245053779,-0.460576941,-0.5507338646650429,-0.5635102433333333,4415.37587890625,4459.218994140625,38.34995813807102,-46.3757586108095,-40.37445933196666,55.90623176706732,1898.5999755859375,91.06999969482422,96.04000091552734,1.9320000410079956,27.75,132642900.0
2022-02-22,8.367476611733325,-0.5507339203266403,-0.5522351022857143,-0.1443170693333333,-0.46057694099999996,-0.8856778,0.003931476800000015,-0.5710285524,-0.5944305804,4395.99384765625,4441.307958984375,35.8531152241449,-54.31065737156405,-43.16169893988614,75.28575991513964,1906.0999755859375,92.3499984741211,96.02999877929688,1.9479999542236328,28.809999465942383,124391800.0
2022-02-23,8.348892875984538,-0.330034966047747,-0.5507339203266403,-0.5522351022857143,-0.1443170693333333,-0.46057694099999996,-0.8856778,0.003931476800000015,-0.5710285524,4346.8798828125,4411.703955078125,31.84152033266885,-66.23124987076972,-47.77560912606286,92.25321769788599,1909.199951171875,92.0999984741211,96.19000244140625,1.9769999980926514,31.020000457763672,132578000.0
2022-02-24,8.363738981237262,-0.09445875100000001,-0.330034966047747,-0.5507339203266403,-0.5522351022857143,-0.1443170693333333,-0.46057694099999996,-0.8856778,0.003931476800000015,4309.61796875,4381.85595703125,37.81623922440558,-69.77436231820138,-52.175359764490565,59.3042634902862,1925.0999755859375,92.80999755859375,97.13999938964844,1.968999981880188,30.31999969482422,213942900.0
2022-02-25,8.385865061788527,-0.8856778,-0.09445875100000001,-0.330034966047747,-0.5507339203266403,-0.5522351022857143,-0.1443170693333333,-0.46057694099999996,-0.8856778,4310.49599609375,4369.912939453125,45.611247737988364,-64.1010480073628,-54.560497413065015,60.629315527860385,1886.5,91.58999633789062,96.62000274658203,1.9859999418258667,27.59000015258789,121804500.0
2022-02-28,8.3834194703254,-0.5712541084,0.05715982000000003,-0.4645516255,-0.8856778,-0.09445875100000001,-0.330034966047747,-0.5507339203266403,-0.5522351022857143,4315.5099609375,4365.442919921875,44.93415968412341,-59.78000321744821,-55.60439857394166,65.44180127283576,1899.4000244140625,95.72000122070312,96.70999908447266,1.8389999866485596,30.149999618530273,145615000.0
2022-03-01,8.367825002538789,-0.49637701766666664,-0.5712541084,0.05715982000000003,-0.4645516255,-0.8856778,-0.09445875100000001,-0.330034966047747,-0.5507339203266403,4315.8099609375,4355.901904296875,40.811184913053594,-61.1123040487264,-56.70597966889861,65.38361191727599,1942.4000244140625,103.41000366210938,97.41000366210938,1.7070000171661377,33.31999969482422,137785900.0
2022-03-02,8.386296049319439,-0.47940542298301786,-0.49637701766666664,-0.5712541084,0.05715982000000003,-0.4645516255,-0.8856778,-0.09445875100000001,-0.330034966047747,4348.01796875,4347.44892578125,47.02088724369949,-55.05556859618082,-56.375897454355055,46.79781752438162,1920.9000244140625,110.5999984741211,97.38999938964844,1.8650000095367432,30.739999771118164,117726500.0
2022-03-03,8.381027528575194,-0.47732615933333333,-0.47940542298301786,-0.49637701766666664,-0.5712541084,0.05715982000000003,-0.4645516255,-0.8856778,-0.09445875100000001,4362.9759765625,4336.29697265625,45.54347929261057,-51.52158001331827,-55.4050339661477,33.02357366176158,1934.4000244140625,107.66999816894531,97.79000091552734,1.843999981880188,30.479999542236328,105501700.0
2022-03-04,8.373061844032192,-0.60559444575,-0.47732615933333333,-0.47940542298301786,-0.49637701766666664,-0.5712541084,0.05715982000000003,-0.4645516255,-0.8856778,4351.82001953125,4331.1580078125,43.340794044107845,-50.927363776593666,-54.5094999282369,33.29188853195267,1965.0999755859375,115.68000030517578,98.6500015258789,1.7239999771118164,31.979999542236328,113978200.0
2022-03-07,8.343099257217776,-0.245053779,-0.39603772319999997,-0.1938948924,-0.60559444575,-0.47732615933333333,-0.47940542298301786,-0.49637701766666664,-0.5712541084,4317.25,4316.37998046875,36.352374298291096,-60.074739092959135,-55.62254776118135,71.91707562086914,1993.9000244140625,119.4000015258789,99.29000091552734,1.7510000467300415,36.45000076293945,137896600.0
2022-03-08,8.335839213242078,-0.09445875100000001,-0.245053779,-0.39603772319999997,-0.1938948924,-0.60559444575,-0.47732615933333333,-0.47940542298301786,-0.49637701766666664,4290.1380859375,4302.9740234375,34.9106360310778,-68.98111918378163,-58.29426204570141,97.9400883768954,2040.0999755859375,123.69999694824219,99.05999755859375,1.871999979019165,35.130001068115234,164772700.0
2022-03-09,8.361212811364219,-0.5684604928,-0.09445875100000001,-0.245053779,-0.39603772319999997,-0.1938948924,-0.60559444575,-0.47732615933333333,-0.47940542298301786,4268.4060546875,4308.21201171875,43.43177571257093,-66.622996101848,-59.96000885693073,81.95206634274172,1985.9000244140625,108.69999694824219,97.97000122070312,1.9479999542236328,32.45000076293945,116990800.0
2022-03-10,8.356911761443971,-0.32198434315104674,-0.5684604928,-0.09445875100000001,-0.245053779,-0.39603772319999997,-0.1938948924,-0.60559444575,-0.47732615933333333,4247.61201171875,4305.293994140625,42.40760341111064,-65.48083182816026,-61.064173451176636,62.73070219279144,1998.0999755859375,106.0199966430664,98.51000213623047,2.010999917984009,30.229999542236328,93972700.0
2022-03-11,8.343865482510733,-0.5508949760936143,-0.32198434315104674,-0.5684604928,-0.09445875100000001,-0.245053779,-0.39603772319999997,-0.1938948924,-0.60559444575,4222.7,4287.260009765625,39.398881727322994,-68.2439668813604,-62.50013213721339,44.468252133112564,1982.699951171875,109.33000183105469,99.12000274658203,2.003999948501587,30.75,95636300.0
2022-03-14,8.3364168074152,-0.245053779,-0.61154045,-0.5504580560936143,-0.5508949760936143,-0.32198434315104674,-0.5684604928,-0.09445875100000001,-0.245053779,4217.10400390625,4267.177001953125,37.76812828123948,-72.12001172710006,-64.42410805519073,49.359165147733364,1959.5999755859375,103.01000213623047,99.05999755859375,2.140000104904175,31.770000457763672,95729200.0
2022-03-15,8.357599437139346,-0.6279138102184333,-0.245053779,-0.61154045,-0.5504580560936143,-0.5508949760936143,-0.32198434315104674,-0.5684604928,-0.09445875100000001,4235.45400390625,4262.796044921875,44.81218065713358,-67.20805443021982,-64.98089733019656,44.622471523246354,1928.5,96.44000244140625,99.06999969482422,2.1600000858306885,29.829999923706055,106219100.0
2022-03-16,8.379736358787738,-0.474471775,-0.6279138102184333,-0.245053779,-0.61154045,-0.5504580560936143,-0.5508949760936143,-0.32198434315104674,-0.5684604928,4251.45,4259.92802734375,51.16893482894197,-54.98272344022553,-62.98126255220235,70.47790365174735,1908.0,95.04000091552734,98.37999725341797,2.187999963760376,26.670000076293945,144954800.0
2022-03-17,8.39200856385644,-0.2367837725,-0.474471775,-0.6279138102184333,-0.245053779,-0.61154045,-0.5504580560936143,-0.5508949760936143,-0.32198434315104674,4281.87998046875,4264.74599609375,54.361771652467084,-40.485348634999355,-58.48207976876176,101.04939288082561,1942.0999755859375,102.9800033569336,98.01000213623047,2.191999912261963,25.670000076293945,102676900.0
2022-03-18,8.403603378268327,-0.324176234,-0.2367837725,-0.474471775,-0.6279138102184333,-0.245053779,-0.61154045,-0.5504580560936143,-0.5508949760936143,4333.6419921875,4278.17099609375,57.24062859384849,-24.56134597195978,-51.69793300940137,116.48850189891199,1928.199951171875,104.69999694824219,98.2300033569336,2.1480000019073486,23.8700008392334,106345500.0
2022-03-22,8.4144093229681,-0.5710285524,-0.8054085233333333,-0.94187092,-0.324176234,-0.2367837725,-0.474471775,-0.6279138102184333,-0.245053779,4441.08798828125,4338.27099609375,59.95831000449442,2.0718011880044287,-34.58593725505245,58.426853796629935,1920.699951171875,111.76000213623047,98.48999786376953,2.372999906539917,22.940000534057617,74650400.0
2022-03-23,8.402060692715605,-0.47732615933333333,-0.5710285524,-0.8054085233333333,-0.94187092,-0.324176234,-0.2367837725,-0.474471775,-0.6279138102184333,4460.7640625,4356.10703125,55.572243806559676,8.624916623134595,-25.943766479415043,35.43204504982836,1936.5999755859375,114.93000030517578,98.62000274658203,2.321000099182129,23.56999969482422,79426100.0
2022-03-24,8.416302704997223,-0.46057694099999996,-0.47732615933333333,-0.5710285524,-0.8054085233333333,-0.94187092,-0.324176234,-0.2367837725,-0.474471775,4482.462109375,4382.171044921875,59.27586822631785,18.759859331591542,-17.00304131721373,30.762616857783986,1961.5999755859375,112.33999633789062,98.79000091552734,2.3410000801086426,21.670000076293945,64736900.0
2022-03-25,8.42135608570146,-0.4776085026666666,-0.46057694099999996,-0.47732615933333333,-0.5710285524,-0.8054085233333333,-0.94187092,-0.324176234,-0.2367837725,4498.45009765625,4416.046044921875,60.54485835575129,28.31332677638966,-7.939767698493052,38.09617541527362,1953.800048828125,113.9000015258789,98.80999755859375,2.492000102996826,20.809999465942383,77101300.0
2022-03-28,8.428475636721503,-0.4254648051837831,-0.5680743608000001,-0.46455162549999995,-0.4776085026666666,-0.46057694099999996,-0.47732615933333333,-0.5710285524,-0.8054085233333333,4521.31806640625,4456.287060546875,62.33640148454496,38.06497676631534,1.2611811944686266,43.99227242533704,1939.5999755859375,105.95999908447266,99.08999633789062,2.4769999980926514,19.6299991607666,68529800.0
2022-03-29,8.440657680822895,-0.4760535698458333,-0.4254648051837831,-0.5680743608000001,-0.46455162549999995,-0.4776085026666666,-0.46057694099999996,-0.47732615933333333,-0.5710285524,4545.31611328125,4493.20205078125,65.2704551493372,49.74499393914812,10.957943743404524,65.0569482688369,1912.0,104.23999786376953,98.4000015258789,2.4000000953674316,18.899999618530273,86581500.0
2022-03-30,8.434344091823805,-0.26340662780790003,-0.4760535698458333,-0.4254648051837831,-0.5680743608000001,-0.46455162549999995,-0.4776085026666666,-0.46057694099999996,-0.47732615933333333,4574.55810546875,4517.661083984375,62.543117282133366,56.00376169170522,19.967107333064664,44.676466577439015,1933.5,107.81999969482422,97.79000091552734,2.3580000400543213,19.329999923706055,79666900.0
2022-03-31,8.418567756596923,-0.3420531575,-0.26340662780790003,-0.4760535698458333,-0.4254648051837831,-0.5680743608000001,-0.46455162549999995,-0.4776085026666666,-0.46057694099999996,4576.60810546875,4529.535107421875,56.283796563894896,54.52235141089659,26.87815614863105,41.69184184104768,1949.199951171875,100.27999877929688,98.30999755859375,2.3269999027252197,20.559999465942383,121699900.0
2022-04-01,8.421972177558386,-0.4839965035,-0.3420531575,-0.26340662780790003,-0.4760535698458333,-0.4254648051837831,-0.5680743608000001,-0.46455162549999995,-0.4776085026666666,4577.16806640625,4537.80908203125,57.271432772473226,53.97282025422737,32.29708896975031,41.14381445500661,1919.0999755859375,99.2699966430664,98.62999725341797,2.377000093460083,19.6299991607666,89048800.0
2022-04-04,8.43003056009052,-0.491977973,-0.31887665466666665,-0.5871961428000001,-0.4839965035,-0.3420531575,-0.26340662780790003,-0.4760535698458333,-0.4254648051837831,4578.59208984375,4549.955078125,59.6108040905264,55.86123993271485,37.00991916234322,41.195698054778866,1929.199951171875,103.27999877929688,98.98999786376953,2.4119999408721924,18.56999969482422,59601000.0
2022-04-05,8.417399401016514,-0.82909657,-0.491977973,-0.31887665466666665,-0.5871961428000001,-0.4839965035,-0.3420531575,-0.26340662780790003,-0.4760535698458333,4557.29609375,4551.306103515625,54.578242148022795,52.11568410644122,40.031072151162824,33.80143440838588,1922.9000244140625,101.95999908447266,99.47000122070312,2.555999994277954,21.030000686645508,74214500.0
2022-04-06,8.407634967104036,-0.493200111,-0.82909657,-0.491977973,-0.31887665466666665,-0.5871961428000001,-0.4839965035,-0.3420531575,-0.26340662780790003,4533.03603515625,4553.7970703125,51.031522043460676,45.079625404800026,41.04078280189027,36.697224810458984,1918.4000244140625,96.2300033569336,99.5999984741211,2.6089999675750732,22.100000381469727,106898000.0
2022-04-07,8.411879332656072,-0.6589259373333333,-0.493200111,-0.82909657,-0.491977973,-0.31887665466666665,-0.5871961428000001,-0.4839965035,-0.3420531575,4526.99599609375,4551.80205078125,52.473290266191704,40.57377639071092,40.94738151965441,39.60741971007276,1933.800048828125,96.02999877929688,99.75,2.6519999504089355,21.549999237060547,78097200.0
2022-04-08,8.40922478598052,-0.3119988546666667,-0.6589259373333333,-0.493200111,-0.82909657,-0.491977973,-0.31887665466666665,-0.5871961428000001,-0.4839965035,4515.47998046875,4546.3240234375,51.452140170075864,35.629478651930185,39.88380094610956,41.09439502253496,1941.5999755859375,98.26000213623047,99.80000305175781,2.7130000591278076,21.15999984741211,79272700.0
2022-04-11,8.392203451395824,-0.6468091449617,-0.6199552258181819,-0.6559959023333334,-0.3119988546666667,-0.6589259373333333,-0.493200111,-0.82909657,-0.491977973,4481.45791015625,4530.025,45.40960130603082,25.30697211981351,36.96843518085035,41.999247001245834,1944.300048828125,94.29000091552734,99.93000030517578,2.7799999713897705,24.3700008392334,89770500.0
2022-04-12,8.38878015086537,-0.6351522084425499,-0.6468091449617,-0.6199552258181819,-0.6559959023333334,-0.3119988546666667,-0.6589259373333333,-0.493200111,-0.82909657,4455.92392578125,4506.610009765625,44.29439214136536,15.72820944050818,32.72039003278192,47.293585809288075,1972.0999755859375,100.5999984741211,100.29000091552734,2.7249999046325684,24.260000228881836,84363600.0
2022-04-13,8.399892754134273,-0.5643327628,-0.6351522084425499,-0.6468091449617,-0.6199552258181819,-0.6559959023333334,-0.3119988546666667,-0.6589259373333333,-0.493200111,4449.0119140625,4491.023974609375,48.71447720377162,11.964213946715972,28.569154815568734,45.1625638627713,1981.0,104.25,99.87999725341797,2.687000036239624,21.81999969482422,74070400.0
2022-04-14,8.387674273750765,-0.6395909753333333,-0.5643327628,-0.6351522084425499,-0.6468091449617,-0.6199552258181819,-0.6559959023333334,-0.3119988546666667,-0.6589259373333333,4427.487890625,4477.241943359375,44.53273306167461,4.5711780020446895,23.769559452863923,40.013812579156124,1970.9000244140625,106.94999694824219,100.31999969482422,2.828000068664551,22.700000762939453,97869500.0
2022-04-18,8.387469384478358,-0.6427665333333333,-0.38565892,-0.6457954244444445,-0.6369430856666667,-0.6395909753333333,-0.5643327628,-0.6351522084425499,-0.6468091449617,4408.169921875,4461.824951171875,44.46423212434197,-1.3449669051287856,18.74665418126538,23.045281148854535,1982.9000244140625,108.20999908447266,100.77999877929688,2.861999988555908,22.170000076293945,66002500.0
2022-04-19,8.403399429227745,-0.8022669333333333,-0.6427665333333333,-0.38565892,-0.6457954244444445,-0.6369430856666667,-0.6395909753333333,-0.5643327628,-0.6351522084425499,4418.10595703125,4449.78193359375,50.84517742786763,-0.33926728967981035,14.929469887076342,33.660189296233746,1955.699951171875,102.55999755859375,100.95999908447266,2.9130001068115234,21.3700008392334,77821000.0
2022-04-20,8.402780762821562,-0.8516723875,-0.8022669333333333,-0.6427665333333333,-0.38565892,-0.6457954244444445,-0.6369430856666667,-0.6395909753333333,-0.5643327628,4430.50595703125,4443.21494140625,50.600153478709714,0.23238805478558788,11.990053520618192,35.51731592022463,1952.300048828125,102.75,100.38999938964844,2.8399999141693115,20.31999969482422,65224400.0
2022-04-21,8.387917907270252,-0.624240088,-0.8516723875,-0.8022669333333333,-0.6427665333333333,-0.38565892,-0.6457954244444445,-0.6369430856666667,-0.6395909753333333,4419.92001953125,4434.465966796875,45.02924458449325,-4.57059036755345,8.677924742983864,37.36485708579854,1944.9000244140625,103.79000091552734,100.58000183105469,2.9170000553131104,22.68000030517578,85417300.0
2022-04-22,8.359785830892884,-0.3258067966666667,-0.624240088,-0.8516723875,-0.8022669333333333,-0.6427665333333333,-0.38565892,-0.6457954244444445,-0.6369430856666667,4395.7580078125,4411.62294921875,36.919788390733125,-18.00417183563968,3.3415054272591553,77.24005868254096,1931.0,102.06999969482422,101.22000122070312,2.9059998989105225,28.209999084472656,132471800.0
2022-04-25,8.365467596036996,-0.38379091355555556,-0.5448002714285715,-0.932516925,-0.3258067966666667,-0.624240088,-0.8516723875,-0.8022669333333333,-0.6427665333333333,4376.64404296875,4392.406982421875,39.271932601916546,-26.382202945344034,-2.6032362472614827,89.3707844947144,1893.199951171875,98.54000091552734,101.75,2.8259999752044678,27.020000457763672,119647700.0
2022-04-26,8.336917587108399,-0.4768678738319125,-0.38379091355555556,-0.5448002714285715,-0.932516925,-0.3258067966666667,-0.624240088,-0.8516723875,-0.8022669333333333,4319.24208984375,4368.6740234375,32.74045355496446,-42.29156920143305,-10.540902838095796,110.37631631457324,1901.4000244140625,101.69999694824219,102.30000305175781,2.7720000743865967,33.52000045776367,103996300.0
2022-04-27,8.339013436133364,-0.732073575,-0.4768678738319125,-0.38379091355555556,-0.5448002714285715,-0.932516925,-0.3258067966666667,-0.624240088,-0.8516723875,4264.14404296875,4347.325,33.601970388568716,-53.57543246672776,-19.14780876382219,89.71579087286085,1885.9000244140625,102.0199966430664,102.94999694824219,2.818000078201294,31.600000381469727,122030000.0
2022-04-28,8.363459091474196,-0.60172460875,-0.732073575,-0.4768678738319125,-0.38379091355555556,-0.5448002714285715,-0.932516925,-0.3258067966666667,-0.624240088,4242.91201171875,4331.416015625,42.91023296212413,-53.545915584503746,-26.027430127958503,58.55077689947999,1888.699951171875,105.36000061035156,103.62000274658203,2.86299991607666,29.989999771118164,105449100.0
2022-04-29,8.3264999316895,-0.6018672625,-0.60172460875,-0.732073575,-0.4768678738319125,-0.38379091355555556,-0.5448002714285715,-0.932516925,-0.3258067966666667,4214.94208984375,4305.350048828125,34.97629266501302,-65.3227083855727,-33.88648577948135,72.94657431723931,1909.300048828125,104.69000244140625,102.95999908447266,2.88700008392334,33.400001525878906,145491100.0
2022-05-02,8.33215913098332,-0.366313422,-0.13782780314285714,-0.29665530878581026,-0.6018672625,-0.60172460875,-0.732073575,-0.4768678738319125,-0.38379091355555556,4186.79404296875,4281.71904296875,36.87104901855296,-71.93449012311339,-41.49608664820776,59.751636979891515,1861.800048828125,105.16999816894531,103.73999786376953,2.996000051498413,32.34000015258789,158312500.0
2022-05-03,8.336984596058679,0.010820238000000005,-0.366313422,-0.13782780314285714,-0.29665530878581026,-0.6018672625,-0.60172460875,-0.732073575,-0.4768678738319125,4186.85,4253.046044921875,38.52464022254451,-74.69146813723364,-48.13516294601294,59.73819451979154,1868.800048828125,102.41000366210938,103.47000122070312,2.9600000381469727,29.25,100028200.0
2022-05-04,8.366409817616006,-0.762182732,0.010820238000000005,-0.366313422,-0.13782780314285714,-0.29665530878581026,-0.6018672625,-0.60172460875,-0.732073575,4210.0919921875,4237.118017578125,47.68017650005838,-66.05353287215985,-51.71883693124232,78.11323335660235,1867.0,107.80999755859375,102.58999633789062,2.9170000553131104,25.420000076293945,144247900.0
2022-05-05,8.330109140051906,0.005086006333333336,-0.762182732,0.010820238000000005,-0.366313422,-0.13782780314285714,-0.29665530878581026,-0.6018672625,-0.60172460875,4181.966015625,4212.439013671875,39.8268518479549,-70.76221720796093,-55.527512986586046,67.92709680005497,1874.0,108.26000213623047,103.75,3.065999984741211,31.200000762939453,172929100.0
2022-05-06,8.324418755637954,-0.2614612728571429,0.005086006333333336,-0.762182732,0.010820238000000005,-0.366313422,-0.13782780314285714,-0.29665530878581026,-0.6018672625,4180.24794921875,4197.59501953125,38.771260851331306,-75.52200917309892,-59.52641222388863,69.59713700595445,1881.199951171875,109.7699966430664,103.66000366210938,3.122999906539917,30.190000534057617,151770800.0
2022-05-09,8.29185723609835,0.496152043,-0.06265142400000001,-0.3954302752,-0.2614612728571429,0.005086006333333336,-0.762182732,0.010820238000000005,-0.366313422,4147.419970703125,4167.107006835938,33.41649335667144,-88.92842128750908,-65.40681403661272,110.7838581238758,1857.0999755859375,103.08999633789062,103.6500015258789,3.0789999961853027,34.75,155586100.0
2022-05-10,8.294312117858759,-0.7372332375,0.496152043,-0.06265142400000001,-0.3954302752,-0.2614612728571429,0.005086006333333336,-0.762182732,0.010820238000000005,4112.533984375,4149.6919921875,34.1439056119725,-97.63602244331469,-71.85265571795311,126.13869603977615,1839.9000244140625,99.76000213623047,103.91999816894531,2.993000030517578,32.9900016784668,132497200.0
2022-05-11,8.277711885763061,0.2766541965,-0.7372332375,0.496152043,-0.06265142400000001,-0.3954302752,-0.2614612728571429,0.005086006333333336,-0.762182732,4039.535986328125,4124.813989257813,31.64408944987173,-108.60015209950689,-79.20215499426388,91.16956583751765,1852.5999755859375,105.70999908447266,103.8499984741211,2.9210000038146973,32.560001373291016,142361000.0
2022-05-12,8.276415080768949,-0.474471775,0.2766541965,-0.7372332375,0.496152043,-0.06265142400000001,-0.3954302752,-0.2614612728571429,0.005086006333333336,3996.177978515625,4089.0719970703126,31.452090725462583,-116.35949952256215,-86.63362389992353,77.95504301502133,1823.800048828125,106.12999725341797,104.8499984741211,2.816999912261963,31.770000457763672,125090800.0
2022-05-13,8.300004348725817,-0.13859610166666667,-0.474471775,0.2766541965,-0.7372332375,0.496152043,-0.06265142400000001,-0.3954302752,-0.2614612728571429,3976.28798828125,4078.26796875,38.80708199378505,-113.629322139549,-92.03276354784863,41.61642277815238,1807.4000244140625,110.48999786376953,104.55999755859375,2.934999942779541,28.8700008392334,104174400.0
2022-05-16,8.296050140208095,-0.15761360166666666,-0.7663104620000001,0.03307193000000001,-0.13859610166666667,-0.474471775,0.2766541965,-0.7372332375,0.496152043,3979.6419921875,4063.5309814453126,38.06257326525354,-111.46214450383195,-95.9186397390453,43.74409718188523,1813.5,114.19999694824219,104.19000244140625,2.877000093460083,27.469999313354492,78622400.0
2022-05-17,8.316019059789557,0.17566228166666667,-0.15761360166666666,-0.7663104620000001,0.03307193000000001,-0.13859610166666667,-0.474471775,0.2766541965,-0.7372332375,3997.202001953125,4054.8679931640627,43.95703406583194,-102.04520749877429,-97.1439532909911,66.29577635327543,1818.199951171875,112.4000015258789,103.36000061035156,2.9679999351501465,26.100000381469727,83029700.0
2022-05-18,8.27478525049831,-0.23097219525,0.17566228166666667,-0.15761360166666666,-0.7663104620000001,0.03307193000000001,-0.13859610166666667,-0.474471775,0.2766541965,3994.902001953125,4017.218994140625,36.34609572591664,-106.68032471259676,-99.05122757531225,69.12457498299996,1815.9000244140625,109.58999633789062,103.80999755859375,2.885999917984009,30.959999084472656,117674500.0
2022-05-19,8.26893438572096,-0.13859610166666667,-0.23097219525,0.17566228166666667,-0.15761360166666666,-0.7663104620000001,0.03307193000000001,-0.13859610166666667,-0.474471775,3989.043994140625,3992.610986328125,35.430540733274526,-110.92207094375999,-101.4253962490018,76.80564096961254,1841.199951171875,112.20999908447266,102.72000122070312,2.8550000190734863,29.350000381469727,98510700.0
2022-05-20,8.269080516812952,-0.789357018,-0.13859610166666667,-0.23097219525,0.17566228166666667,-0.15761360166666666,-0.7663104620000001,0.03307193000000001,-0.13859610166666667,3964.538037109375,3970.4130126953123,35.4741348989937,-112.93583167234192,-103.72748333366982,82.26169163273201,1841.800048828125,113.2300033569336,103.1500015258789,2.7869999408721924,29.43000030517578,131432200.0
2022-05-23,8.287465512225012,-0.23189455775,0.010820238000000005,-0.6490025300000001,-0.789357018,-0.13859610166666667,-0.23097219525,0.17566228166666667,-0.15761360166666666,3957.68603515625,3968.664013671875,40.92816306144047,-107.4518541267098,-104.47235749227784,79.10158317151298,1847.800048828125,110.29000091552734,102.08000183105469,2.8589999675750732,28.479999542236328,76414900.0
2022-05-24,8.279311561321455,0.02627887266666668,-0.23189455775,0.010820238000000005,-0.6490025300000001,-0.789357018,-0.13859610166666667,-0.23097219525,0.17566228166666667,3928.21201171875,3962.7070068359376,39.33214729726906,-104.50501454072491,-104.47888890196727,30.591160774061752,1865.0999755859375,109.7699966430664,101.86000061035156,2.759999990463257,29.450000762939453,91448800.0
2022-05-25,8.288717946970387,-0.09570485022222221,0.02627887266666668,-0.23189455775,0.010820238000000005,-0.6490025300000001,-0.789357018,-0.13859610166666667,-0.23097219525,3939.222021484375,3967.06201171875,42.13710806505626,-98.0337867791618,-103.18986847740618,37.64538587799846,1846.199951171875,110.33000183105469,102.05999755859375,2.749000072479248,28.3700008392334,91472900.0
2022-05-26,8.308406112978107,-0.13859610166666667,-0.09570485022222221,0.02627887266666668,-0.23189455775,0.010820238000000005,-0.6490025300000001,-0.789357018,-0.13859610166666667,3970.63203125,3979.8380126953125,47.67065786880641,-85.53576458725547,-99.65904769937603,57.72561205676501,1847.4000244140625,114.08999633789062,101.83000183105469,2.75600004196167,27.5,82168300.0
2022-05-27,8.332847243173928,-0.15635571125,-0.13859610166666667,-0.09570485022222221,0.02627887266666668,-0.23189455775,0.010820238000000005,-0.6490025300000001,-0.789357018,4022.008056640625,3993.273046875,53.719703687103866,-66.75997181607136,-93.0792325227151,87.36381355224184,1851.300048828125,115.06999969482422,101.66999816894531,2.743000030517578,25.719999313354492,84768700.0
2022-05-31,8.326553107980262,0.10548269166666667,0.02023629491808751,-0.23189455775,-0.324176234,-0.15635571125,-0.13859610166666667,-0.09570485022222221,0.02627887266666668,4053.688037109375,4005.6870361328124,52.036338759997705,-53.37007551275201,-85.13740112072249,93.96012984934465,1842.699951171875,114.66999816894531,101.75,2.8440001010894775,26.190000534057617,95937000.0
2022-06-01,8.319042202939107,-0.4930717005,0.10548269166666667,0.02023629491808751,-0.23189455775,-0.324176234,-0.15635571125,-0.13859610166666667,-0.09570485022222221,4085.638037109375,4006.9250244140626,50.03525951368835,-44.737756501459444,-77.05747219686988,70.49751752463197,1843.300048828125,115.26000213623047,102.55000305175781,2.930999994277954,25.690000534057617,86585800.0
2022-06-02,8.337305428354652,-0.39565583120000003,-0.4930717005,0.10548269166666667,0.02023629491808751,-0.23189455775,-0.324176234,-0.15635571125,-0.13859610166666667,4125.256005859375,4032.239013671875,54.62880015307422,-31.43475257236696,-67.9329282719693,47.21352665007019,1866.5,116.87000274658203,101.7699966430664,2.9130001068115234,24.719999313354492,79609600.0
2022-06-03,8.320823022744834,-0.46455162549999995,-0.39565583120000003,-0.4930717005,0.10548269166666667,0.02023629491808751,-0.23189455775,-0.324176234,-0.15635571125,4135.39599609375,4053.014013671875,50.14425413935549,-26.100760816199454,-59.56649478081533,32.15932576861034,1845.4000244140625,118.87000274658203,102.13999938964844,2.9570000171661377,24.790000915527344,71874300.0
2022-06-06,8.323955512151871,-0.37317858319999997,-0.32400221733333334,-0.785271668,-0.46455162549999995,-0.39565583120000003,-0.4930717005,0.10548269166666667,0.02023629491808751,4128.033984375,4075.0210205078124,50.96266937340041,-20.59598986367564,-51.7723937973874,29.74507424424196,1839.199951171875,118.5,102.44000244140625,3.0380001068115234,25.06999969482422,57508900.0
2022-06-07,8.33343384368359,-0.502311337,-0.37317858319999997,-0.32400221733333334,-0.785271668,-0.46455162549999995,-0.39565583120000003,-0.4930717005,0.10548269166666667,4133.7400390625,4093.7140380859373,53.467518219167836,-12.91736886253966,-44.00138881041785,33.26077080926643,1847.5,119.41000366210938,102.31999969482422,2.9719998836517334,24.020000457763672,59272400.0
2022-06-08,8.322581220643436,-0.324176234,-0.502311337,-0.37317858319999997,-0.32400221733333334,-0.785271668,-0.46455162549999995,-0.39565583120000003,-0.4930717005,4136.648046875,4111.143041992187,50.30141895281626,-10.33672534184825,-37.26845611670393,30.202858491800242,1851.9000244140625,122.11000061035156,102.54000091552734,3.0290000438690186,23.959999084472656,64350000.0
2022-06-09,8.29849476297828,-0.245053779,-0.324176234,-0.502311337,-0.37317858319999997,-0.32400221733333334,-0.785271668,-0.46455162549999995,-0.39565583120000003,4104.848095703125,4115.05205078125,44.15951355404208,-16.010727516364113,-33.01691039663597,52.67585536749422,1848.800048828125,121.51000213623047,103.22000122070312,3.0439999103546143,26.09000015258789,86289800.0
2022-06-10,8.26895234816687,-0.5684131727999999,-0.245053779,-0.324176234,-0.502311337,-0.37317858319999997,-0.32400221733333334,-0.785271668,-0.46455162549999995,4063.312109375,4099.354052734375,38.16676671915209,-29.60385171629696,-32.334298660568166,104.9645905422399,1871.5,120.66999816894531,104.1500015258789,3.1559998989105225,27.75,132893900.0
2022-06-13,8.22941241617683,-0.44283889014324096,-0.4959328037326987,-0.4830674383319125,-0.5684131727999999,-0.245053779,-0.324176234,-0.502311337,-0.37317858319999997,3988.95205078125,4058.493017578125,32.10075830728415,-51.9803190586872,-36.263502740191974,166.91464818798627,1828.0,120.93000030517578,105.08000183105469,3.365999937057495,34.02000045776367,170004900.0
2022-06-14,8.22563159813734,-0.4645516255,-0.44283889014324096,-0.4959328037326987,-0.4830674383319125,-0.5684131727999999,-0.245053779,-0.324176234,-0.502311337,3903.91201171875,4018.826025390625,31.59477930697325,-70.04813817135846,-43.02042982642527,165.86176428927837,1809.5,118.93000030517578,105.5199966430664,3.4830000400543213,32.689998626708984,104011800.0
2022-06-16,8.207066449860035,-0.4645516255,-0.4645516255,-0.44283889014324096,-0.4959328037326987,-0.4830674383319125,-0.5684131727999999,-0.245053779,-0.324176234,3768.54599609375,3936.6970458984374,31.14042009008375,-95.0441418357077,-59.19105396454749,86.2791966198796,1845.699951171875,117.58999633789062,103.62999725341797,3.306999921798706,32.95000076293945,134473300.0
2022-06-17,8.209264897201047,-0.1945278304,-0.4645516255,-0.4645516255,-0.44283889014324096,-0.4959328037326987,-0.4830674383319125,-0.5684131727999999,-0.245053779,3723.3419921875,3893.32705078125,31.766036236747198,-105.84264065890056,-68.5213713034181,52.04123943404669,1835.5999755859375,109.55999755859375,104.69999694824219,3.239000082015991,31.1299991607666,111113900.0
2022-06-21,8.23344737216172,-0.5713717604,-0.5716378904,-0.7083184124999999,-0.630100158,-0.1945278304,-0.4645516255,-0.4645516255,-0.44283889014324096,3726.3740234375,3857.663037109375,38.47567082757677,-105.92132436525435,-76.00136191578537,54.34630561515305,1834.5999755859375,110.6500015258789,104.44000244140625,3.306999921798706,30.190000534057617,76811900.0
2022-06-22,8.232144952066362,-0.61154045,-0.5713717604,-0.5716378904,-0.7083184124999999,-0.630100158,-0.1945278304,-0.4645516255,-0.4645516255,3731.256005859375,3817.5840087890624,38.25498263793227,-105.1667854004354,-81.83444661271538,56.42541538398612,1834.300048828125,106.19000244140625,104.19999694824219,3.1559998989105225,28.950000762939453,90059400.0
2022-06-23,8.241632024551919,-0.460576941,-0.61154045,-0.5713717604,-0.5716378904,-0.7083184124999999,-0.630100158,-0.1945278304,-0.4645516255,3732.40400390625,3785.5800048828123,40.923983893945994,-100.5181021586568,-85.57117772190367,57.95673599507423,1825.699951171875,104.2699966430664,104.43000030517578,3.068000078201294,29.049999237060547,79292100.0
2022-06-24,8.27173756428182,-0.446682107,-0.460576941,-0.61154045,-0.5713717604,-0.5716378904,-0.7083184124999999,-0.630100158,-0.1945278304,3781.397998046875,3774.9719970703127,48.659944903973134,-86.47610622258435,-85.7521634220398,85.56788499036402,1826.5,107.62000274658203,104.19000244140625,3.125,27.229999542236328,98050300.0
2022-06-27,8.26876006439148,-0.450778086,-0.46057694099999996,-0.23350252653488487,-0.446682107,-0.460576941,-0.61154045,-0.5713717604,-0.5716378904,3826.452001953125,3774.8969970703124,47.98161264503436,-75.41679970246969,-83.68509067812577,73.9528770947575,1820.9000244140625,109.56999969482422,103.94000244140625,3.194000005722046,26.950000762939453,66009600.0
2022-06-28,8.248411391241984,-0.4645516255,-0.450778086,-0.46057694099999996,-0.23350252653488487,-0.446682107,-0.460576941,-0.61154045,-0.5713717604,3837.80400390625,3782.089013671875,43.56379572226222,-72.15954941410428,-81.37998242532149,66.05604411703243,1817.5,111.76000213623047,104.51000213623047,3.2060000896453857,28.360000610351562,86548900.0
2022-06-30,8.238901526175443,-0.12082604784882599,-0.4645516255,-0.450778086,-0.46057694099999996,-0.23350252653488487,-0.446682107,-0.460576941,-0.61154045,3847.522021484375,3789.9630126953125,41.53282630927134,-68.41056930154264,-76.8056577108989,55.33730809556831,1804.0999755859375,105.76000213623047,104.69000244140625,2.9719998836517334,28.709999084472656,112508300.0
2022-07-01,8.249400037472084,-0.3178589246666667,-0.12082604784882599,-0.4645516255,-0.450778086,-0.46057694099999996,-0.23350252653488487,-0.446682107,-0.460576941,3830.2400390625,3805.8190185546873,44.62041540922789,-63.98050800985993,-74.2406277706911,42.2021057726837,1798.9000244140625,108.43000030517578,105.13999938964844,2.8889999389648438,26.700000762939453,74839700.0
2022-07-05,8.250982912578277,-0.3761375160572964,-0.6613262413333333,-0.3956558312,-0.32409911733333335,-0.3178589246666667,-0.12082604784882599,-0.4645516255,-0.450778086,3816.49599609375,3821.4739990234375,45.0940591901081,-59.29713566815144,-71.25192935018318,18.0213279999321,1761.800048828125,99.5,106.5,2.809000015258789,27.540000915527344,81438000.0
2022-07-06,8.254549708283342,-0.488391556,-0.3761375160572964,-0.6613262413333333,-0.3956558312,-0.32409911733333335,-0.3178589246666667,-0.12082604784882599,-0.4645516255,3821.202001953125,3829.5030029296877,46.213270207735555,-53.859981446057645,-67.77353976935808,22.24773523479171,1734.9000244140625,98.52999877929688,107.0999984741211,2.9130001068115234,26.729999542236328,70426200.0
2022-07-07,8.269403431464273,-0.37317858319999997,-0.488391556,-0.3761375160572964,-0.6613262413333333,-0.3956558312,-0.32409911733333335,-0.3178589246666667,-0.12082604784882599,3837.960009765625,3843.776025390625,50.75671406349739,-44.39622523349317,-63.0980768621851,42.42339044902608,1737.9000244140625,102.7300033569336,107.12999725341797,3.007999897003174,26.079999923706055,64525900.0
2022-07-08,8.268572815068145,-0.488391556,-0.37317858319999997,-0.488391556,-0.3761375160572964,-0.6613262413333333,-0.3956558312,-0.32409911733333335,-0.3178589246666667,3860.760009765625,3854.141015625,50.498026596499564,-36.73414176657252,-57.82528984306259,37.44164554159439,1740.5999755859375,104.79000091552734,107.01000213623047,3.1010000705718994,24.639999389648438,72397800.0
2022-07-11,8.25697839740762,-0.3578535957791201,-0.5678488048,-0.4253138504392857,-0.488391556,-0.37317858319999997,-0.488391556,-0.3761375160572964,-0.6613262413333333,3866.57998046875,3848.410009765625,46.92509629059557,-33.898213311709696,-53.03987453679202,32.49206372921184,1730.0,104.08999633789062,108.0199966430664,2.990999937057495,26.170000076293945,58366900.0
2022-07-12,8.247691528910126,-0.63859198344255,-0.3578535957791201,-0.5678488048,-0.4253138504392857,-0.488391556,-0.37317858319999997,-0.488391556,-0.3761375160572964,3864.06201171875,3840.27900390625,44.25235815808701,-34.132297472438495,-49.258359123921316,36.1794678313393,1723.300048828125,95.83999633789062,108.06999969482422,2.9579999446868896,27.290000915527344,62219200.0
2022-07-13,8.24322466479831,-0.6396493873333333,-0.63859198344255,-0.3578535957791201,-0.5678488048,-0.4253138504392857,-0.488391556,-0.37317858319999997,-0.488391556,3855.402001953125,3838.302001953125,42.99263350269963,-35.28444704846606,-46.46357670883027,45.76999086730646,1734.199951171875,96.30000305175781,107.95999908447266,2.9040000438690186,26.81999969482422,84224600.0
2022-07-14,8.240221525985545,-0.3954302752,-0.6396493873333333,-0.63859198344255,-0.3578535957791201,-0.5678488048,-0.4253138504392857,-0.488391556,-0.37317858319999997,3832.953955078125,3835.456982421875,42.12758426503477,-36.694439774324564,-44.50974932192913,44.32358228052308,1704.5,95.77999877929688,108.54000091552734,2.9600000381469727,26.399999618530273,89704800.0
2022-07-15,8.259240757644179,-0.7075225462857143,-0.3954302752,-0.6396493873333333,-0.63859198344255,-0.3578535957791201,-0.5678488048,-0.4253138504392857,-0.488391556,3825.7099609375,3843.2349853515625,49.16048739042056,-31.575150373188535,-41.92282953218101,31.99975974115848,1702.4000244140625,97.58999633789062,108.05999755859375,2.930000066757202,24.229999542236328,79060400.0
2022-07-18,8.250842015158343,-0.6393633806666666,-0.23650182749999998,-0.7663104620000001,-0.7075225462857143,-0.3954302752,-0.6396493873333333,-0.63859198344255,-0.3578535957791201,3820.993994140625,3843.7869873046875,46.46113396317614,-29.781901421286875,-39.49464391000219,28.22375359568786,1709.199951171875,102.5999984741211,107.37000274658203,2.9600000381469727,25.299999237060547,63203600.0
2022-07-19,8.278095532802073,-0.6393633806666666,-0.6393633806666666,-0.23650182749999998,-0.7663104620000001,-0.7075225462857143,-0.3954302752,-0.6396493873333333,-0.63859198344255,3844.57197265625,3854.3169921875,55.14903343219425,-19.594474947046365,-35.514610117411024,58.70999602146142,1710.0,104.22000122070312,106.68000030517578,3.0190000534057617,24.5,78506000.0
2022-07-20,8.283974026743131,4.2233905e-10,-0.6393633806666666,-0.6393633806666666,-0.23650182749999998,-0.7663104620000001,-0.7075225462857143,-0.3954302752,-0.6396493873333333,3876.195947265625,3865.798974609375,56.8044031286786,-9.538067293330641,-30.319301552594947,71.16258959316524,1699.5,102.26000213623047,107.08000183105469,3.0360000133514404,23.8799991607666,71843800.0
2022-07-21,8.293787093432636,-0.6496460833333333,4.2233905e-10,-0.6393633806666666,-0.6393633806666666,-0.23650182749999998,-0.7663104620000001,-0.7075225462857143,-0.3954302752,3917.9099609375,3875.4319580078127,59.51198462908607,1.5646841059074177,-23.942504420894476,69.39076037940312,1712.699951171875,96.3499984741211,106.91000366210938,2.9100000858306885,23.110000610351562,64903900.0
2022-07-22,8.284410806138823,-0.788562154,-0.6496460833333333,4.2233905e-10,-0.6393633806666666,-0.6393633806666666,-0.23650182749999998,-0.7663104620000001,-0.7075225462857143,3937.603955078125,3881.6569580078126,55.905359253110774,7.268490328997359,-17.70030547091611,63.70813762806551,1727.0999755859375,94.69999694824219,106.7300033569336,2.7829999923706055,23.030000686645508,72197300.0
2022-07-25,8.285725109112128,-0.4252727822253801,-0.37674151066666667,-0.46378832799999997,-0.788562154,-0.6496460833333333,4.2233905e-10,-0.6393633806666666,-0.6393633806666666,3964.801953125,3892.8979736328124,56.303503358260954,12.07008147492661,-11.746228081747567,22.33056816752073,1719.0,96.69999694824219,106.4800033569336,2.819999933242798,23.360000610351562,53631500.0
2022-07-26,8.274114766512865,-0.56631144013106,-0.4252727822253801,-0.37674151066666667,-0.46378832799999997,-0.788562154,-0.6496460833333333,4.2233905e-10,-0.6393633806666666,3961.673974609375,3903.1229736328123,51.870709368861164,12.041694425014157,-6.988643580395222,27.70216497628779,1717.699951171875,94.9800033569336,107.19000244140625,2.7869999408721924,24.690000534057617,52946400.0
2022-07-27,8.299934815291493,-0.37674151066666667,-0.56631144013106,-0.4252727822253801,-0.37674151066666667,-0.46378832799999997,-0.788562154,-0.6496460833333333,4.2233905e-10,3974.416015625,3925.3059814453127,59.55195412982864,20.06365574751908,-1.5781837148123623,39.021721344138875,1719.0999755859375,97.26000213623047,106.44999694824219,2.7339999675750732,23.239999771118164,82342100.0
2022-07-28,8.311995135083405,-0.5484626747968087,-0.37674151066666667,-0.56631144013106,-0.4252727822253801,-0.37674151066666667,-0.46378832799999997,-0.788562154,-0.6496460833333333,3989.11201171875,3953.510986328125,62.61088695923665,30.01448144217329,4.740349316584769,59.194026683443056,1750.300048828125,96.41999816894531,106.3499984741211,2.680999994277954,22.329999923706055,73966600.0
2022-07-29,8.32610291086516,-0.5484699430107143,-0.5484626747968087,-0.37674151066666667,-0.56631144013106,-0.4252727822253801,-0.37674151066666667,-0.46378832799999997,-0.788562154,4022.84404296875,3980.2239990234375,65.90218114503392,42.084288131842186,12.209137079636253,82.9193124582547,1762.9000244140625,98.62000274658203,105.9000015258789,2.6419999599456787,21.329999923706055,87003700.0
2022-08-01,8.323275834320244,-0.2527025608,-0.366313422,-0.4061019605714286,-0.5484699430107143,-0.5484626747968087,-0.37674151066666667,-0.56631144013106,-0.4252727822253801,4053.202001953125,4009.0019775390624,64.6667671752538,50.130941442758285,19.79349795226066,85.0483763453095,1769.0,93.88999938964844,105.44999694824219,2.6059999465942383,22.84000015258789,69997500.0
2022-08-02,8.316591145941372,-0.5909353908,-0.2527025608,-0.366313422,-0.4061019605714286,-0.5484699430107143,-0.5484626747968087,-0.37674151066666667,-0.56631144013106,4087.22998046875,4024.4519775390627,61.733851445202426,53.675065475111296,26.56981145683079,42.19695929725417,1771.0999755859375,94.41999816894531,106.23999786376953,2.740999937057495,23.93000030517578,63435400.0
2022-08-03,8.332108602211463,-0.31887665466666665,-0.5909353908,-0.2527025608,-0.366313422,-0.4061019605714286,-0.5484699430107143,-0.5484626747968087,-0.37674151066666667,4113.541943359375,4043.9789794921876,65.64621039145639,60.94393527602733,33.444636220670105,32.51570363583013,1758.0,90.66000366210938,106.51000213623047,2.747999906539917,21.950000762939453,67820600.0
2022-08-04,8.331330959761878,-0.4839965035,-0.31887665466666665,-0.5909353908,-0.2527025608,-0.366313422,-0.4061019605714286,-0.5484699430107143,-0.5484626747968087,4129.4439453125,4059.277978515625,65.28332732939809,65.68673869774466,39.89305671608501,26.215092731057474,1788.5,88.54000091552734,105.69000244140625,2.6760001182556152,21.440000534057617,45656600.0
2022-08-05,8.32970389074296,-0.2364723275,-0.4839965035,-0.31887665466666665,-0.5909353908,-0.2527025608,-0.366313422,-0.4061019605714286,-0.5484699430107143,4132.42392578125,4077.633984375,64.48113542759577,68.11558196321857,45.537561765511725,27.164974912429603,1772.9000244140625,89.01000213623047,106.62000274658203,2.8399999141693115,21.149999618530273,56814900.0
2022-08-08,8.32846557362084,-0.1913244828,-0.474471775,-0.245053779,-0.2364723275,-0.4839965035,-0.31887665466666665,-0.5909353908,-0.2527025608,4136.7099609375,4094.9559814453123,63.83911154863161,68.83305447433668,50.196660307276716,26.114784433702916,1786.800048828125,90.76000213623047,106.44000244140625,2.765000104904175,21.290000915527344,53886100.0
2022-08-09,8.324207829384912,-0.0755670007155322,-0.1913244828,-0.474471775,-0.245053779,-0.2364723275,-0.4839965035,-0.31887665466666665,-0.5909353908,4142.966015625,4115.097998046875,61.5751793747357,67.2075761200922,53.598843469839814,12.873761624902277,1794.0,90.5,106.37000274658203,2.796999931335449,21.770000457763672,44931800.0
2022-08-10,8.34527498784532,-0.3757003117144137,-0.0755670007155322,-0.1913244828,-0.474471775,-0.245053779,-0.2364723275,-0.4839965035,-0.31887665466666665,4153.980078125,4133.761010742188,67.72558611968029,72.1697518892579,57.31302515372344,33.29141131881384,1795.5999755859375,91.93000030517578,105.19999694824219,2.7860000133514404,19.739999771118164,68665700.0
2022-08-11,8.344569264923118,-0.007686414,-0.3757003117144137,-0.0755670007155322,-0.1913244828,-0.474471775,-0.245053779,-0.2364723275,-0.4839965035,4165.04609375,4147.24501953125,67.33280999498007,74.9981089073176,60.85004190444228,40.79413088478667,1789.699951171875,94.33999633789062,105.08999633789062,2.888000011444092,20.200000762939453,59489700.0
2022-08-12,8.36174331187461,-0.2815881975819125,-0.007686414,-0.3757003117144137,-0.0755670007155322,-0.1913244828,-0.474471775,-0.245053779,-0.2364723275,4192.0380859375,4162.231005859375,71.67376814622614,82.17315865970204,65.11466525549423,62.9849708545986,1798.5999755859375,92.08999633789062,105.62999725341797,2.8489999771118164,19.530000686645508,61694500.0
2022-08-15,8.365704995930844,-0.25588230840000004,-0.3772411073333333,-0.61154045,-0.2815881975819125,-0.007686414,-0.3757003117144137,-0.0755670007155322,-0.1913244828,4223.4541015625,4180.08203125,72.58827420466707,88.21353646530633,69.73443949745665,69.42319817133202,1781.4000244140625,89.41000366210938,106.55000305175781,2.7909998893737793,19.950000762939453,54048300.0
2022-08-16,8.367578918756791,0.1574604775,-0.25588230840000004,-0.3772411073333333,-0.61154045,-0.2815881975819125,-0.007686414,-0.3757003117144137,-0.0755670007155322,4260.00009765625,4201.483056640625,73.03306206902187,92.58371136930782,74.30429387182689,47.65750489555836,1773.199951171875,86.52999877929688,106.5,2.8239998817443848,19.690000534057617,59289000.0
2022-08-17,8.360314803889144,-0.23720728749999997,0.1574604775,-0.25588230840000004,-0.3772411073333333,-0.61154045,-0.2815881975819125,-0.007686414,-0.3757003117144137,4272.76005859375,4213.370068359375,68.41147025008502,92.46684207621183,77.93680351270388,38.70382421922384,1760.300048828125,88.11000061035156,106.56999969482422,2.8929998874664307,19.899999618530273,63563400.0
2022-08-18,8.36258179349553,-0.09253714257162049,-0.23720728749999997,0.1574604775,-0.25588230840000004,-0.3772411073333333,-0.61154045,-0.2815881975819125,-0.007686414,4288.0541015625,4226.55009765625,69.06769098904259,92.0953293834591,80.76850868685493,12.786949684149118,1755.300048828125,90.5,107.4800033569336,2.880000114440918,19.559999465942383,49023200.0
2022-08-19,8.34959786478249,-0.12338286333333333,-0.09253714257162049,-0.23720728749999997,0.1574604775,-0.25588230840000004,-0.3772411073333333,-0.61154045,-0.2815881975819125,4277.7201171875,4234.8791015625,61.2601276377795,86.34651337942614,81.88410962536918,30.02776924110932,1747.5999755859375,90.7699966430664,108.16999816894531,2.989000082015991,20.600000381469727,68016900.0
2022-08-22,8.327965498315995,-0.051167177999999994,-0.3139565975,-0.99806404,-0.12338286333333333,-0.09253714257162049,-0.23720728749999997,0.1574604775,-0.25588230840000004,4245.89013671875,4234.672119140625,51.07786113902792,73.63989416218374,80.2352665327321,66.49855714860487,1734.0,90.2300033569336,109.05000305175781,3.0369999408721924,23.799999237060547,77695600.0
2022-08-23,8.325725127881558,-0.25116519613106,-0.051167177999999994,-0.3139565975,-0.99806404,-0.12338286333333333,-0.09253714257162049,-0.23720728749999997,0.1574604775,4210.59609375,4235.298095703125,50.15905452592045,62.10665492923454,76.60954421203259,73.60146776409354,1746.800048828125,93.73999786376953,108.62000274658203,3.053999900817871,24.110000610351562,49105200.0
2022-08-24,8.328637044580281,-0.446682107,-0.25116519613106,-0.051167177999999994,-0.3139565975,-0.99806404,-0.12338286333333333,-0.09253714257162049,-0.23720728749999997,4183.94208984375,4228.35107421875,51.383569672156604,53.32333209439639,71.95230178850535,68.86049493528671,1747.800048828125,94.88999938964844,108.68000030517578,3.1059999465942383,22.81999969482422,49177800.0
2022-08-25,8.342630286416389,-0.245053779,-0.446682107,-0.25116519613106,-0.051167177999999994,-0.3139565975,-0.99806404,-0.12338286333333333,-0.09253714257162049,4167.01806640625,4227.536083984375,56.908963118678805,50.488846699573514,67.65961077071898,44.174826164153494,1757.699951171875,92.5199966430664,108.47000122070312,3.0260000228881836,21.780000686645508,50942300.0
2022-08-26,8.30836171009935,-0.458655235163825,-0.245053779,-0.446682107,-0.25116519613106,-0.051167177999999994,-0.3139565975,-0.99806404,-0.12338286333333333,4132.854052734375,4205.287084960937,43.886607968343455,36.40814979768675,61.40931857611254,50.377080469855976,1736.0999755859375,93.05999755859375,108.80000305175781,3.0350000858306885,25.559999465942383,103087000.0
2022-08-29,8.301673034902024,-0.21059394684583332,-0.31887665466666665,-0.460576941,-0.458655235163825,-0.245053779,-0.446682107,-0.25116519613106,-0.051167177999999994,4111.37802734375,4178.63408203125,41.911648707292805,22.80353789324363,53.68816243953876,67.58836180325628,1736.5999755859375,97.01000213623047,108.83999633789062,3.109999895095825,26.209999084472656,65370800.0
2022-08-30,8.290583618409908,0.035542095333333336,-0.21059394684583332,-0.31887665466666665,-0.460576941,-0.458655235163825,-0.245053779,-0.446682107,-0.25116519613106,4082.864013671875,4146.730053710938,38.82009402442252,8.338900018471577,44.61830995532533,86.00288924243931,1723.199951171875,91.63999938964844,108.7699966430664,3.109999895095825,26.209999084472656,85652400.0
2022-08-31,8.282735880201754,-0.3420531575,0.035542095333333336,-0.21059394684583332,-0.31887665466666665,-0.460576941,-0.458655235163825,-0.245053779,-0.446682107,4045.710009765625,4114.8260498046875,36.77237171130279,-5.574514667278891,34.57974503080448,94.44573611147882,1712.800048828125,89.55000305175781,108.69999694824219,3.132999897003174,25.8700008392334,76029700.0
2022-09-01,8.28572763246895,-0.007686414,-0.3420531575,0.035542095333333336,-0.21059394684583332,-0.31887665466666665,-0.460576941,-0.458655235163825,-0.245053779,3999.256005859375,4083.1370361328127,38.10942701734121,-15.466503970803842,24.57049523048282,43.5153437383126,1696.5999755859375,86.61000061035156,109.69000244140625,3.265000104904175,25.559999465942383,78740100.0
2022-09-02,8.274933079898226,-0.4967007526666667,-0.007686414,-0.3420531575,0.035542095333333336,-0.21059394684583332,-0.31887665466666665,-0.460576941,-0.458655235163825,3972.576025390625,4052.7150390625,35.226195530599696,-26.43788147372061,14.368819889642134,39.46079363882769,1709.800048828125,86.87000274658203,109.52999877929688,3.193000078201294,25.469999313354492,99632100.0
2022-09-06,8.27082961520733,-0.46455162549999995,-0.5945036204,-0.6559959023333334,-0.39565583120000003,-0.4967007526666667,-0.007686414,-0.3420531575,0.035542095333333336,3948.0919921875,4029.735009765625,34.175549391163045,-36.01434643517268,4.292186624679171,31.657900524983845,1700.4000244140625,86.87999725341797,110.20999908447266,3.3399999141693115,26.90999984741211,76637400.0
2022-09-07,8.2890044638735,-0.6589259373333333,-0.46455162549999995,-0.5945036204,-0.6559959023333334,-0.39565583120000003,-0.4967007526666667,-0.007686414,-0.3420531575,3946.834033203125,4014.8490234375,42.4244296155319,-37.38877822088125,-4.044006344432914,29.839826825505348,1715.300048828125,81.94000244140625,109.83999633789062,3.265000104904175,24.639999389648438,70964200.0
2022-09-08,8.295593430753941,-0.09445875100000001,-0.6589259373333333,-0.46455162549999995,-0.5945036204,-0.6559959023333334,-0.39565583120000003,-0.4967007526666667,-0.007686414,3957.07001953125,4001.3900146484375,45.14182311429842,-35.94074068099144,-10.423353211744619,40.28969045234516,1708.0,83.54000091552734,109.70999908447266,3.2920000553131104,23.610000610351562,80821700.0
2022-09-09,8.310749445735153,-0.5684615427999999,-0.09445875100000001,-0.6589259373333333,-0.46455162549999995,-0.5945036204,-0.6559959023333334,-0.39565583120000003,-0.4967007526666667,3977.172021484375,3988.214013671875,50.940334141702856,-29.516187381650525,-14.2419200457258,64.30559418347028,1716.199951171875,86.79000091552734,109.0,3.321000099182129,22.790000915527344,76706900.0
2022-09-12,8.32127809721915,-0.6899451343793286,-0.5380297779700334,-0.94202665,-0.5684615427999999,-0.09445875100000001,-0.6589259373333333,-0.46455162549999995,-0.5945036204,4014.40205078125,3993.4890380859374,54.578513235519615,-20.712146714890423,-15.535965379558727,78.3632278840393,1728.0999755859375,87.77999877929688,108.33000183105469,3.361999988555908,23.8700008392334,69256300.0
2022-09-13,8.277078934187175,-0.458655235163825,-0.6899451343793286,-0.5380297779700334,-0.94202665,-0.5684615427999999,-0.09445875100000001,-0.6589259373333333,-0.46455162549999995,4019.30205078125,3983.697021484375,41.046006260145866,-27.755469351376178,-17.97986617392222,70.42547227077796,1705.0,87.30999755859375,109.81999969482422,3.421999931335449,27.270000457763672,122947100.0
2022-09-14,8.28046022326602,-0.46455162549999995,-0.458655235163825,-0.6899451343793286,-0.5380297779700334,-0.94202665,-0.5684615427999999,-0.09445875100000001,-0.6589259373333333,4012.530029296875,3979.68203125,42.202700083083265,-31.894870871505645,-20.762867113438904,76.5286434817357,1696.5,88.4800033569336,109.66000366210938,3.4119999408721924,26.15999984741211,85023700.0
2022-09-15,8.26907795109787,-0.5685477165714286,-0.46455162549999995,-0.458655235163825,-0.6899451343793286,-0.5380297779700334,-0.94202665,-0.5684615427999999,-0.09445875100000001,3991.5640625,3974.317041015625,39.41069999422009,-38.33713148008701,-24.277719986768528,91.58237785369828,1665.4000244140625,85.0999984741211,109.73999786376953,3.4590001106262207,26.270000457763672,87633800.0
2022-09-16,8.261869901322207,-0.6430326503333333,-0.5685477165714286,-0.46455162549999995,-0.458655235163825,-0.6899451343793286,-0.5380297779700334,-0.94202665,-0.5684615427999999,3952.758056640625,3964.9650390625,37.72440763473153,-45.18281150377561,-28.458738290169947,92.53922400116326,1671.699951171875,85.11000061035156,109.76000213623047,3.447999954223633,26.299999237060547,103084800.0
2022-09-19,8.268703599046912,-0.376929474,-0.6275378835517667,0.006835949500000021,-0.6430326503333333,-0.5685477165714286,-0.46455162549999995,-0.458655235163825,-0.6899451343793286,3910.65400390625,3962.52802734375,40.33062997214274,-47.91260055167231,-32.34951074247042,28.857988026497317,1666.199951171875,85.7300033569336,109.73999786376953,3.490000009536743,25.760000228881836,73278500.0
2022-09-20,8.257367484310313,-0.7669197999999999,-0.376929474,-0.6275378835517667,0.006835949500000021,-0.6430326503333333,-0.5685477165714286,-0.46455162549999995,-0.458655235163825,3895.302001953125,3957.3020263671874,37.53099974900701,-53.01208913348091,-36.482026420672526,34.138891369432045,1659.699951171875,84.44999694824219,110.22000122070312,3.571000099182129,27.15999984741211,77274900.0
2022-09-21,8.240102810211805,-0.4645516255,-0.7669197999999999,-0.376929474,-0.6275378835517667,0.006835949500000021,-0.6430326503333333,-0.5685477165714286,-0.46455162549999995,3864.085986328125,3938.3080078125,33.74369991598874,-61.6682458385053,-41.519270304239086,45.61148047329798,1664.5999755859375,82.94000244140625,110.63999938964844,3.509999990463257,27.989999771118164,106746600.0
2022-09-22,8.231639516381351,-0.4872345575716205,-0.4645516255,-0.7669197999999999,-0.376929474,-0.6275378835517667,0.006835949500000021,-0.6430326503333333,-0.5685477165714286,3835.41396484375,3913.489013671875,32.05773972093333,-70.29527851629064,-47.2744719466494,59.32737757121911,1670.800048828125,83.48999786376953,111.3499984741211,3.7079999446868896,27.350000381469727,89472600.0
2022-09-23,8.214256687614022,-0.62228143825,-0.4872345575716205,-0.4645516255,-0.7669197999999999,-0.376929474,-0.6275378835517667,0.006835949500000021,-0.6430326503333333,3799.3939453125,3876.0760009765627,28.904365382790772,-81.41930457259605,-54.10343847183873,81.19482072328792,1645.300048828125,78.73999786376953,113.19000244140625,3.697000026702881,29.920000076293945,122346900.0
2022-09-26,8.20386232672374,-0.8856778,-0.6079277395,-0.3233586206123546,-0.62228143825,-0.4872345575716205,-0.4645516255,-0.7669197999999999,-0.376929474,3750.423974609375,3830.5389892578123,27.204884488292194,-92.25334533205114,-61.733419843881215,79.24443249945283,1623.300048828125,76.70999908447266,114.0999984741211,3.878000020980835,32.2599983215332,92581200.0
2022-09-27,8.201739715768916,-0.474471775,-0.8856778,-0.6079277395,-0.3233586206123546,-0.62228143825,-0.4872345575716205,-0.4645516255,-0.7669197999999999,3708.69599609375,3801.9989990234376,26.859746980176027,-100.30846734778333,-69.44842934466165,63.08268594857473,1626.699951171875,78.5,114.11000061035156,3.9639999866485596,32.599998474121094,108294100.0
2022-09-28,8.22122085995007,-0.2665567308571429,-0.474471775,-0.8856778,-0.6079277395,-0.3233586206123546,-0.62228143825,-0.4872345575716205,-0.4645516255,3694.518017578125,3779.302001953125,35.07233343176081,-99.75269721939367,-75.50928291960805,45.8821115264542,1660.4000244140625,82.1500015258789,112.5999984741211,3.7049999237060547,30.18000030517578,110802200.0
2022-09-29,8.19986806512697,-0.6285705423583333,-0.2665567308571429,-0.474471775,-0.8856778,-0.6079277395,-0.3233586206123546,-0.62228143825,-0.4872345575716205,3671.014013671875,3753.2139892578125,30.971220529362512,-104.448179669188,-81.29706226952405,33.730482106343054,1658.5,81.2300033569336,112.25,3.746999979019165,31.84000015258789,112952300.0
2022-09-30,8.184686713580762,-0.9990308,-0.6285705423583333,-0.2665567308571429,-0.474471775,-0.8856778,-0.6079277395,-0.3233586206123546,-0.62228143825,3649.492041015625,3724.4429931640625,28.468540695059787,-111.31217070466937,-87.30008395655312,47.52255657445147,1662.4000244140625,79.48999786376953,112.12000274658203,3.803999900817871,31.6200008392334,153711200.0
2022-10-03,8.210241291111691,-0.473637426,-0.4733952973810804,-0.47371716710911,-0.9990308,-0.6285705423583333,-0.2665567308571429,-0.474471775,-0.8856778,3654.17001953125,3702.2969970703125,37.64953625507139,-108.01779477091213,-91.44362611942493,49.32235129741092,1692.9000244140625,83.62999725341797,111.75,3.6510000228881836,30.100000381469727,89756500.0
2022-10-04,8.240366632528492,-0.7818401483999999,-0.473637426,-0.4733952973810804,-0.47371716710911,-0.9990308,-0.6285705423583333,-0.2665567308571429,-0.474471775,3682.897998046875,3695.7969970703125,46.59703001972536,-95.23140001060801,-92.20118089766156,77.87848392040546,1721.0999755859375,86.5199966430664,110.06999969482422,3.617000102996826,29.06999969482422,103602800.0
2022-10-05,8.238346644969553,-0.6495754499999999,-0.7818401483999999,-0.473637426,-0.4733952973810804,-0.47371716710911,-0.9990308,-0.6285705423583333,-0.2665567308571429,3695.74599609375,3695.1320068359373,46.11244728091706,-84.73855985818273,-90.7086566897658,89.72901263109073,1711.4000244140625,87.76000213623047,111.06999969482422,3.759000062942505,28.549999237060547,88065700.0
2022-10-06,8.228048722058158,-0.3139565975,-0.6495754499999999,-0.7818401483999999,-0.473637426,-0.4733952973810804,-0.47371716710911,-0.9990308,-0.6285705423583333,3716.556005859375,3693.785009765625,43.636333345892545,-78.64395869604004,-88.29571709102065,85.67871188059421,1711.699951171875,88.44999694824219,112.26000213623047,3.8259999752044678,30.520000457763672,82333500.0
2022-10-07,8.19964552552668,0.0510459,-0.3139565975,-0.6495754499999999,-0.7818401483999999,-0.473637426,-0.4733952973810804,-0.47371716710911,-0.9990308,3727.36396484375,3688.4280029296874,37.73314592907221,-81.33766768019723,-86.90410720885598,66.23463799770288,1700.5,92.63999938964844,112.80000305175781,3.882999897003174,31.360000610351562,107789500.0
2022-10-10,8.192124852393027,-0.815277159,-0.9609018666666667,-0.3067821273333333,0.0510459,-0.3139565975,-0.6495754499999999,-0.7818401483999999,-0.473637426,3714.15595703125,3684.16298828125,36.35571189923881,-84.69658462264033,-86.46260269161286,82.91614652570438,1667.300048828125,91.12999725341797,113.13999938964844,3.888000011444092,32.45000076293945,76042800.0
2022-10-11,8.185584333980703,-0.7783447727999999,-0.815277159,-0.9609018666666667,-0.3067821273333333,0.0510459,-0.3139565975,-0.6495754499999999,-0.7818401483999999,3673.73798828125,3678.3179931640625,35.161977713351476,-88.24162836033611,-86.81840782535753,85.35530491782241,1678.699951171875,89.3499984741211,113.22000122070312,3.938999891281128,33.630001068115234,92482800.0
2022-10-12,8.182288134330538,-0.8453633500000001,-0.7783447727999999,-0.815277159,-0.9609018666666667,-0.3067821273333333,0.0510459,-0.3139565975,-0.6495754499999999,3632.48798828125,3664.1169921875,34.54931167979102,-90.95559461403946,-87.64584518309391,67.05831490485069,1670.300048828125,87.2699966430664,113.31999969482422,3.9019999504089355,33.56999969482422,76991800.0
2022-10-13,8.207922393638169,-0.6491063499999999,-0.8453633500000001,-0.7783447727999999,-0.815277159,-0.9609018666666667,-0.3067821273333333,0.0510459,-0.3139565975,3617.565966796875,3667.060986328125,42.965955843461806,-84.63616903729371,-87.04390995393388,37.825788566164704,1670.0,89.11000061035156,112.36000061035156,3.9519999027252197,31.940000534057617,147254500.0
2022-10-14,8.18397527289364,-0.9710023725,-0.6491063499999999,-0.8453633500000001,-0.7783447727999999,-0.815277159,-0.9609018666666667,-0.3067821273333333,0.0510459,3606.247998046875,3666.8059814453127,38.040433798661795,-85.64793232859256,-86.76471442886562,38.02796217593535,1641.699951171875,85.61000061035156,113.30999755859375,4.010000228881836,32.02000045776367,123737000.0
2022-10-17,8.210110797451202,0.008648399469068013,-0.7711073197309319,-0.8096511467758832,-0.9710023725,-0.6491063499999999,-0.8453633500000001,-0.7783447727999999,-0.815277159,3619.360009765625,3666.7579833984373,45.40460074322703,-77.89581397258917,-84.99093433761033,50.0707663860885,1657.0,85.45999908447266,112.04000091552734,4.014999866485596,31.3700008392334,93168200.0
2022-10-18,8.22147356565829,-0.708651075,0.008648399469068013,-0.7711073197309319,-0.8096511467758832,-0.9710023725,-0.6491063499999999,-0.8453633500000001,-0.7783447727999999,3645.58798828125,3659.66298828125,48.334075105996874,-67.58169253639608,-81.50908597736748,62.8126284554352,1649.0,82.81999969482422,112.12999725341797,3.997999906539917,30.5,97162900.0
2022-10-19,8.214779110418604,-0.3139565975,-0.708651075,0.008648399469068013,-0.7711073197309319,-0.8096511467758832,-0.9710023725,-0.6491063499999999,-0.8453633500000001,3669.21396484375,3650.8509765625,46.73914241849139,-60.71061489811609,-77.34939176151721,51.8361679312364,1627.5,85.55000305175781,112.9800033569336,4.126999855041504,30.760000228881836,79746900.0
2022-10-20,8.206796423679839,-0.5863180486699889,-0.3139565975,-0.708651075,0.008648399469068013,-0.7711073197309319,-0.8096511467758832,-0.9710023725,-0.6491063499999999,3668.38798828125,3642.9769775390623,44.85242589541483,-56.97912745831718,-73.27533890087722,51.855206121265994,1630.800048828125,85.9800033569336,112.87999725341797,4.22599983215332,29.979999542236328,88283100.0
2022-10-21,8.230244183540286,-0.09445875100000001,-0.5863180486699889,-0.3139565975,-0.708651075,0.008648399469068013,-0.7711073197309319,-0.8096511467758832,-0.9710023725,3702.323974609375,3654.285986328125,51.140002657910514,-46.468487186336006,-67.91396855796897,34.768503450111105,1651.0,85.05000305175781,112.01000213623047,4.2129998207092285,29.690000534057617,131038400.0
2022-10-24,8.242056123745398,-0.624240088,-0.61154045,-0.433937426865466,-0.09445875100000001,-0.5863180486699889,-0.3139565975,-0.708651075,0.008648399469068013,3726.202001953125,3672.781005859375,54.03368130169463,-34.147055606626964,-61.16058596770057,51.03568149843968,1648.699951171875,84.58000183105469,111.98999786376953,4.234000205993652,29.850000381469727,85436900.0
2022-10-25,8.258191893761271,-0.6937732888571428,-0.624240088,-0.61154045,-0.433937426865466,-0.09445875100000001,-0.5863180486699889,-0.3139565975,-0.708651075,3754.02802734375,3699.8080078125,57.76524557988238,-19.176849185768788,-52.76383861131421,77.73830401864724,1652.800048828125,85.31999969482422,110.94999694824219,4.107999801635742,28.459999084472656,78846300.0
2022-10-26,8.250776753362283,-0.491116457,-0.6937732888571428,-0.624240088,-0.61154045,-0.433937426865466,-0.09445875100000001,-0.5863180486699889,-0.3139565975,3781.116064453125,3725.1650146484376,55.52475974763969,-9.503818162857442,-44.11183452162286,75.66702358901611,1664.0,87.91000366210938,109.69999694824219,4.014999866485596,27.280000686645508,104087300.0
2022-10-27,8.244675568309098,0.24915998428571431,-0.491116457,-0.6937732888571428,-0.624240088,-0.61154045,-0.433937426865466,-0.09445875100000001,-0.5863180486699889,3809.420068359375,3738.9040283203126,53.691902997465824,-3.6756203373179233,-36.02459168476188,39.62199730529843,1660.699951171875,89.08000183105469,110.58999633789062,3.937000036239624,27.389999389648438,81971800.0
2022-10-28,8.269003605079954,-0.09445875100000001,0.24915998428571431,-0.491116457,-0.6937732888571428,-0.624240088,-0.61154045,-0.433937426865466,-0.09445875100000001,3839.082080078125,3770.70302734375,59.487245452950354,8.411949910004296,-27.137283365808646,42.032211303142624,1639.5999755859375,87.9000015258789,110.66999816894531,4.010000228881836,25.75,100302000.0
2022-10-31,8.261521278049617,0.010820238000000008,-0.35454526124999997,-0.407941610134375,-0.09445875100000001,0.24915998428571431,-0.491116457,-0.6937732888571428,-0.624240088,3854.01005859375,3790.1060302734377,57.10040195589986,15.466627490840892,-18.616501194478737,36.37472465065372,1635.9000244140625,86.52999877929688,111.52999877929688,4.077000141143799,25.8799991607666,96631300.0
2022-11-01,8.257411614329259,-0.3960419632,0.010820238000000008,-0.35454526124999997,-0.407941610134375,-0.09445875100000001,0.24915998428571431,-0.491116457,-0.6937732888571428,3853.408056640625,3803.7180419921874,55.78412547661999,19.550767394021932,-10.983047476778605,36.29403569155401,1645.0,88.37000274658203,111.4800033569336,4.052000045776367,25.809999465942383,85407600.0
2022-11-02,8.232091770591776,-0.37317858319999997,-0.3960419632,0.010820238000000008,-0.35454526124999997,-0.407941610134375,-0.09445875100000001,0.24915998428571431,-0.491116457,3839.226025390625,3810.171044921875,48.4776242651239,14.836952661255054,-5.819047449171872,55.96038818952647,1645.699951171875,90.0,111.3499984741211,4.059000015258789,25.860000610351562,126990400.0
2022-11-03,8.221449348059819,-0.5680743608000001,-0.37317858319999997,-0.3960419632,0.010820238000000008,-0.35454526124999997,-0.407941610134375,-0.09445875100000001,0.24915998428571431,3821.743994140625,3815.58203125,45.81011628516513,7.79977821868124,-3.09528231560125,77.81387684297293,1627.300048828125,88.16999816894531,112.93000030517578,4.124000072479248,25.299999237060547,87100100.0
2022-11-04,8.234976171345382,-0.6026609505819125,-0.5680743608000001,-0.37317858319999997,-0.3960419632,0.010820238000000008,-0.35454526124999997,-0.407941610134375,-0.09445875100000001,3795.6419921875,3817.3620361328126,49.6108629515602,6.238702123004714,-1.2284854278800574,65.46603536158216,1672.5,92.61000061035156,110.87999725341797,4.156000137329102,24.549999237060547,103505200.0
2022-11-07,8.244544233024742,-0.6398731206666667,-0.5684604928,-0.4045087715221857,-0.6026609505819125,-0.5680743608000001,-0.37317858319999997,-0.3960419632,0.010820238000000008,3782.606005859375,3818.3080322265623,52.19463114094416,7.836278377126746,0.5844673331213033,51.45516548240691,1676.5,91.79000091552734,110.12000274658203,4.214000225067139,24.350000381469727,68286900.0
2022-11-08,8.250126515853502,-0.32334946209361426,-0.6398731206666667,-0.5684604928,-0.4045087715221857,-0.6026609505819125,-0.5680743608000001,-0.37317858319999997,-0.3960419632,3777.0080078125,3815.2080322265624,53.69770546383418,10.69858606088792,2.607291078674627,42.13991587137496,1712.0999755859375,88.91000366210938,109.62000274658203,4.125999927520752,25.540000915527344,84641100.0
2022-11-09,8.2291297311412,-0.6403809023333333,-0.32334946209361426,-0.6398731206666667,-0.5684604928,-0.4045087715221857,-0.6026609505819125,-0.5680743608000001,-0.37317858319999997,3774.784033203125,3807.005029296875,47.672676277532304,6.47413926613217,3.3806607161661355,43.55215465266566,1710.0999755859375,85.83000183105469,110.55000305175781,4.151000022888184,26.09000015258789,78495500.0
2022-11-10,8.283082246805996,-0.5684604928,-0.6403809023333333,-0.32334946209361426,-0.6398731206666667,-0.5684604928,-0.4045087715221857,-0.6026609505819125,-0.5680743608000001,3822.080078125,3821.9120361328123,60.22794443376278,19.667250210762177,6.637978615085344,81.18300406353838,1750.300048828125,86.47000122070312,108.20999908447266,3.8289999961853027,23.530000686645508,141455800.0
2022-11-11,8.292280559110766,-0.47371707648817396,-0.5684604928,-0.6403809023333333,-0.32334946209361426,-0.6398731206666667,-0.5684604928,-0.4045087715221857,-0.6026609505819125,3866.5560546875,3831.0990234375,61.95740484888333,32.69605737206621,11.849594366481519,103.69002684221304,1766.0,88.95999908447266,106.29000091552734,3.812999963760376,22.520000457763672,93839900.0
2022-11-14,8.283304618565849,-0.4268102505714286,-0.40941245809361426,-0.6398731206666667,-0.47371707648817396,-0.5684604928,-0.6403809023333333,-0.32334946209361426,-0.6398731206666667,3896.646044921875,3839.626025390625,59.2495680186119,39.684945275008886,17.416664548186993,103.84370537581061,1773.5999755859375,85.87000274658203,106.66000366210938,3.865000009536743,23.729999542236328,71903500.0
2022-11-15,8.291979994980517,-0.723337091,-0.4268102505714286,-0.40941245809361426,-0.6398731206666667,-0.47371707648817396,-0.5684604928,-0.6403809023333333,-0.32334946209361426,3929.37001953125,3853.189013671875,61.02241745321199,47.458859364280215,23.425103511405638,102.62011021677954,1773.800048828125,86.91999816894531,106.4000015258789,3.7990000247955322,24.540000915527344,93194500.0
2022-11-16,8.283693711868644,-0.460576941,-0.723337091,-0.4268102505714286,-0.40941245809361426,-0.6398731206666667,-0.47371707648817396,-0.5684604928,-0.6403809023333333,3971.414013671875,3873.0990234375,58.40812945676284,50.38100346034162,28.816283501192835,19.117897848600794,1773.0,85.58999633789062,106.27999877929688,3.691999912261963,24.110000610351562,68508500.0
2022-11-17,8.280599607224413,0.010810634000000013,-0.460576941,-0.723337091,-0.4268102505714286,-0.40941245809361426,-0.6398731206666667,-0.47371707648817396,-0.5684604928,3969.452001953125,3895.7660400390623,57.42446138487703,51.12067912829116,33.2771626266125,21.413365477362742,1760.800048828125,81.63999938964844,106.69000244140625,3.7750000953674316,23.93000030517578,74496300.0
2022-11-18,8.285346902872572,-0.6403809023333333,0.010810634000000013,-0.460576941,-0.723337091,-0.4268102505714286,-0.40941245809361426,-0.6398731206666667,-0.47371707648817396,3963.934033203125,3915.2450439453123,58.5780759496872,52.61574725503078,37.14487955229616,16.93800197399883,1751.9000244140625,80.08000183105469,106.93000030517578,3.818000078201294,23.1200008392334,92922500.0
2022-11-21,8.281455653072296,-0.36846147093105996,-0.7786662628000001,-0.2873510594285714,-0.6403809023333333,0.010810634000000013,-0.460576941,-0.723337091,-0.4268102505714286,3962.472021484375,3929.559033203125,57.2091518825843,51.958985557796495,40.10770075339623,17.94473848733124,1737.4000244140625,79.7300033569336,107.83999633789062,3.825000047683716,22.360000610351562,51243200.0
2022-11-22,8.294944259342126,-0.474471775,-0.36846147093105996,-0.7786662628000001,-0.2873510594285714,-0.6403809023333333,0.010810634000000013,-0.460576941,-0.723337091,3964.842041015625,3947.1060302734377,60.65782717536282,55.13128874627,43.11241835197099,22.8791048309356,1738.300048828125,80.94999694824219,107.22000122070312,3.757999897003174,21.290000915527344,60429000.0
2022-11-23,8.300841525383863,-0.47371700910921666,-0.474471775,-0.36846147093105996,-0.7786662628000001,-0.2873510594285714,-0.6403809023333333,0.010810634000000013,-0.460576941,3978.53603515625,3974.9750244140623,62.10962314905946,58.877432073285945,46.26542109623398,35.41031794928477,1744.9000244140625,77.94000244140625,106.08000183105469,3.7060000896453857,20.350000381469727,68261600.0
2022-11-25,8.30055844112166,-0.446682107,-0.31957589717613727,-0.47371700910921666,-0.474471775,-0.36846147093105996,-0.7786662628000001,-0.2873510594285714,-0.6403809023333333,3994.448046875,3981.9500244140627,61.991034180318586,61.050545162883736,49.22244590956393,35.324862597116926,1753.300048828125,76.27999877929688,105.95999908447266,3.690999984741211,20.5,30545400.0
2022-11-28,8.284993744327595,-0.47371700910921666,-0.47371505077588333,-0.5680743608000001,-0.446682107,-0.31957589717613727,-0.47371700910921666,-0.474471775,-0.36846147093105996,3994.168017578125,3979.051025390625,55.73905267775129,57.097151992265026,50.797387126104155,35.61763190837347,1740.0999755859375,77.23999786376953,106.68000030517578,3.703000068664551,22.209999084472656,67881600.0
2022-11-29,8.283400610625971,-0.405130766163825,-0.47371700910921666,-0.47371505077588333,-0.5680743608000001,-0.446682107,-0.31957589717613727,-0.47371700910921666,-0.474471775,3995.706005859375,3979.089013671875,55.1314020236699,52.84571788823632,51.207053278530594,33.3224711777242,1748.4000244140625,78.19999694824219,106.81999969482422,3.747999906539917,21.889999389648438,52310000.0
2022-11-30,8.313879254147267,-0.42675308432544934,-0.405130766163825,-0.47371700910921666,-0.47371505077588333,-0.5680743608000001,-0.446682107,-0.31957589717613727,-0.47371700910921666,4011.01201171875,3987.9270263671874,63.45856789787079,58.68309406744356,52.70226143631319,50.823790224789114,1746.0,80.55000305175781,105.94999694824219,3.703000068664551,20.579999923706055,144566700.0
2022-12-01,8.31301124431766,-0.16157900877588333,-0.42675308432544934,-0.405130766163825,-0.47371700910921666,-0.47371505077588333,-0.5680743608000001,-0.446682107,-0.31957589717613727,4020.8740234375,3999.705029296875,63.094090864968265,62.305387455654454,54.62288664018145,58.90627213105962,1801.0999755859375,81.22000122070312,104.7300033569336,3.5290000438690186,19.84000015258789,76398200.0
2022-12-02,8.311815869653898,-0.5710285524,-0.16157900877588333,-0.42675308432544934,-0.405130766163825,-0.47371700910921666,-0.47371505077588333,-0.5680743608000001,-0.446682107,4029.989990234375,4012.2190185546874,62.561731740160155,64.04483432370444,56.50727617688605,63.28515774399889,1795.9000244140625,79.9800033569336,104.55000305175781,3.50600004196167,19.059999465942383,85342700.0
2022-12-05,8.293759620022927,-0.1351275858079,-0.453427731125,-0.5710285524,-0.5710285524,-0.16157900877588333,-0.42675308432544934,-0.405130766163825,-0.47371700910921666,4036.97001953125,4015.5690185546873,55.07481981407984,58.86561033380076,56.978943008269,55.64204386889598,1767.4000244140625,76.93000030517578,105.29000091552734,3.5989999771118164,20.75,77289800.0
2022-12-06,8.27925575059994,-0.30526111677588336,-0.1351275858079,-0.453427731125,-0.5710285524,-0.5710285524,-0.16157900877588333,-0.42675308432544934,-0.405130766163825,4033.696044921875,4014.701025390625,49.98393802149617,49.543698008847514,55.491894008384705,61.636235912214275,1769.300048828125,74.25,105.58000183105469,3.513000011444092,22.170000076293945,77972200.0
2022-12-07,8.277391643346558,-0.6422011336666666,-0.30526111677588336,-0.1351275858079,-0.453427731125,-0.5710285524,-0.5710285524,-0.16157900877588333,-0.42675308432544934,4004.4580078125,4007.735009765625,49.3576015951735,41.09007082270773,52.61152937124932,68.41563741603562,1785.5,72.01000213623047,105.0999984741211,3.4079999923706055,22.68000030517578,65927900.0
2022-12-08,8.284885277760491,-0.2814947800819125,-0.6422011336666666,-0.30526111677588336,-0.1351275858079,-0.453427731125,-0.5710285524,-0.5710285524,-0.16157900877588333,3981.84599609375,4001.360009765625,51.97045675323496,36.35905857614944,49.361035212229346,56.22026251729906,1788.699951171875,71.45999908447266,104.7699966430664,3.490999937057495,22.290000915527344,60737900.0
2022-12-09,8.27750855829628,-0.5941174884,-0.2814947800819125,-0.6422011336666666,-0.30526111677588336,-0.1351275858079,-0.453427731125,-0.5710285524,-0.5710285524,3954.381982421875,3992.185986328125,49.27514040163927,29.914305992686423,45.47168936832077,27.617069459204625,1798.0999755859375,71.0199966430664,104.80999755859375,3.566999912261963,22.829999923706055,81447700.0
2022-12-12,8.29168686559593,-0.5862342328000001,-0.6913190605714286,-0.60378793125,-0.5941174884,-0.2814947800819125,-0.6422011336666666,-0.30526111677588336,-0.1351275858079,3952.7259765625,3994.847998046875,54.20768695754599,29.005704105085442,42.17849231567371,24.338387265050038,1780.5,73.16999816894531,105.12999725341797,3.6110000610351562,25.0,75405800.0
2022-12-13,8.298950088851386,-0.7078894025,-0.5862342328000001,-0.6913190605714286,-0.60378793125,-0.5941174884,-0.2814947800819125,-0.6422011336666666,-0.30526111677588336,3968.403955078125,4001.05,56.56302316750231,30.283844530980787,39.79956275873512,37.039765031515216,1813.9000244140625,75.38999938964844,103.9800033569336,3.500999927520752,22.549999237060547,123782500.0
2022-12-14,8.29287897222755,-0.61154045,-0.7078894025,-0.5862342328000001,-0.6913190605714286,-0.60378793125,-0.5941174884,-0.2814947800819125,-0.6422011336666666,3980.683984375,3992.57099609375,54.058600828033356,28.999280107717823,37.63950622853166,32.66921251313593,1807.5,77.27999877929688,103.7699966430664,3.503000020980835,21.139999389648438,108111300.0
2022-12-15,8.267641494325725,-0.36761821,-0.61154045,-0.7078894025,-0.5862342328000001,-0.6913190605714286,-0.60378793125,-0.5941174884,-0.2814947800819125,3967.131982421875,3974.4889892578126,45.23197273592267,19.71946742711816,34.055498468248956,50.66967115088549,1777.199951171875,76.11000061035156,104.55999755859375,3.450000047683716,22.829999923706055,117705900.0
2022-12-16,8.256441254379713,-0.5597849357142858,-0.36761821,-0.61154045,-0.7078894025,-0.5862342328000001,-0.6913190605714286,-0.60378793125,-0.5941174884,3950.72802734375,3952.5550048828127,42.012718578763376,8.762933669109316,28.99698550842103,72.49844282693768,1790.0,74.29000091552734,104.69999694824219,3.4820001125335693,22.6200008392334,119858000.0
2022-12-19,8.247392925438609,-0.324176234,-0.7078894025,-0.23650182749999998,-0.5597849357142858,-0.36761821,-0.61154045,-0.7078894025,-0.5862342328000001,3916.147998046875,3934.4369873046876,39.58621075467023,-2.6892144416569863,22.65974551840543,88.26910175280368,1787.699951171875,75.19000244140625,104.72000122070312,3.5810000896453857,22.420000076293945,79878100.0
2022-12-20,8.248429726136498,-0.13859610166666667,-0.324176234,-0.7078894025,-0.23650182749999998,-0.5597849357142858,-0.36761821,-0.61154045,-0.7078894025,3876.542041015625,3922.472998046875,40.01203996090505,-11.315135041390022,15.864769406446339,73.39184934627589,1815.9000244140625,76.08999633789062,103.97000122070312,3.684000015258789,21.479999542236328,74427200.0
2022-12-21,8.263188274805554,-0.8049360583333334,-0.13859610166666667,-0.324176234,-0.7078894025,-0.23650182749999998,-0.5597849357142858,-0.36761821,-0.61154045,3853.166015625,3916.925,45.903652830933126,-13.411751983373051,10.00946512848246,34.30977860891186,1815.9000244140625,78.29000091552734,104.16000366210938,3.684000015258789,20.06999969482422,78167400.0
2022-12-22,8.248631132307407,-0.4931308505,-0.8049360583333334,-0.13859610166666667,-0.324176234,-0.7078894025,-0.23650182749999998,-0.5597849357142858,-0.36761821,3838.493994140625,3902.81298828125,41.56677460365632,-19.372789072544947,4.13301428827698,26.296751629842635,1787.0,77.48999786376953,104.43000030517578,3.6689999103546143,21.969999313354492,100120900.0
2022-12-23,8.254482084579323,-0.1678528148,-0.4931308505,-0.8049360583333334,-0.13859610166666667,-0.324176234,-0.7078894025,-0.23650182749999998,-0.5597849357142858,3836.985986328125,3893.8570068359377,43.85289306283404,-22.03304297954537,-1.10019716528749,25.507137554057287,1795.9000244140625,79.55999755859375,104.30999755859375,3.750999927520752,20.8700008392334,59857300.0
2022-12-27,8.250424240544664,-0.766148822,-0.5710285524,-0.5710285524,-0.3422308725,-0.1678528148,-0.4931308505,-0.8049360583333334,-0.13859610166666667,3839.30400390625,3877.7260009765623,42.60677257947301,-25.108255419914258,-5.901808816212844,23.77992103174556,1814.800048828125,79.52999877929688,104.18000030517578,3.859999895095825,21.649999618530273,51638200.0
2022-12-28,8.238330770101715,-0.76592433,-0.766148822,-0.5710285524,-0.5710285524,-0.3422308725,-0.1678528148,-0.4931308505,-0.8049360583333334,3831.623974609375,3854.0830078125,39.07198980999406,-30.903387100068812,-10.902124472984038,34.64001753011821,1807.9000244140625,78.95999908447266,104.45999908447266,3.88700008392334,22.139999389648438,70911500.0
2022-12-29,8.255641404416709,-0.72870730775,-0.76592433,-0.766148822,-0.5710285524,-0.5710285524,-0.3422308725,-0.1678528148,-0.4931308505,3825.7919921875,3839.47900390625,45.99649048630992,-29.821808818066984,-14.686061342000627,26.218622594942854,1819.5,78.4000015258789,103.83999633789062,3.8350000381469727,21.440000534057617,66970900.0
2022-12-30,8.253097428770598,-0.31576977488888885,-0.72870730775,-0.76592433,-0.766148822,-0.5710285524,-0.5710285524,-0.3422308725,-0.1678528148,3829.214013671875,3833.85400390625,45.17786908516579,-29.41474203028838,-17.63179747965818,26.774282083475292,1819.699951171875,80.26000213623047,103.5199966430664,3.878999948501587,21.670000076293945,84022200.0
2023-01-03,8.249088856289324,-0.99477378,-0.665744658,-0.16620726721832665,-0.47337353000000004,-0.31576977488888885,-0.72870730775,-0.76592433,-0.766148822,3825.077978515625,3831.031982421875,43.85766024294964,-29.98591203898377,-20.1026203915233,25.318533489511893,1839.699951171875,76.93000030517578,104.5199966430664,3.7929999828338623,22.899999618530273,74850700.0
2023-01-04,8.256599550851464,-0.744147506,-0.99477378,-0.665744658,-0.16620726721832665,-0.47337353000000004,-0.31576977488888885,-0.72870730775,-0.76592433,3829.82197265625,3834.56298828125,46.98892476530369,-27.791854821705783,-21.640467277559797,28.337883720949367,1852.800048828125,72.83999633789062,104.25,3.7090001106262207,22.010000228881836,85934100.0
2023-01-05,8.244885681715006,-0.197300564,-0.744147506,-0.99477378,-0.665744658,-0.16620726721832665,-0.47337353000000004,-0.31576977488888885,-0.72870730775,3834.797998046875,3833.210986328125,42.971874611659295,-29.335510922202047,-23.179476006488247,18.63083290652897,1834.800048828125,73.66999816894531,105.04000091552734,3.7200000286102295,22.459999084472656,76970500.0
2023-01-06,8.267469517304038,-0.99477378,-0.197300564,-0.744147506,-0.99477378,-0.665744658,-0.16620726721832665,-0.47337353000000004,-0.31576977488888885,3843.9580078125,3834.875,51.6082620130929,-23.272046337650863,-23.19799007272077,33.14024288554544,1864.199951171875,73.7699966430664,103.87999725341797,3.569000005722046,21.1299991607666,104189600.0
2023-01-09,8.266701589978046,-0.4993084885716205,-0.19944861293106,-0.8322981773333334,-0.99477378,-0.197300564,-0.744147506,-0.99477378,-0.665744658,3854.476025390625,3841.84501953125,51.32054244155461,-18.49477790591436,-22.25734763935949,39.16880973483163,1872.699951171875,74.62999725341797,103.0,3.5169999599456787,21.969999313354492,73978100.0
2023-01-10,8.27365558794864,-0.25180342582749,-0.4993084885716205,-0.19944861293106,-0.8322981773333334,-0.99477378,-0.197300564,-0.744147506,-0.99477378,3873.498046875,3849.2880126953123,53.83808742344108,-12.374534403311372,-20.28078499214987,43.59754279226054,1871.5999755859375,75.12000274658203,103.23999786376953,3.621000051498413,20.579999923706055,65358100.0
2023-01-11,8.286423159140934,-0.6661421307144136,-0.25180342582749,-0.4993084885716205,-0.19944861293106,-0.8322981773333334,-0.99477378,-0.197300564,-0.744147506,3896.82607421875,3863.3240234375,58.159009522328034,-3.4211209883778793,-16.90885219139547,58.51949444968337,1874.5999755859375,77.41000366210938,103.19000244140625,3.553999900817871,21.09000015258789,68881100.0
2023-01-12,8.289833244052977,-0.39729858213106,-0.6661421307144136,-0.25180342582749,-0.4993084885716205,-0.19944861293106,-0.8322981773333334,-0.99477378,-0.197300564,3931.8400390625,3883.3190185546873,59.26465482586462,4.714343335689591,-12.584213085978458,42.2823762438492,1895.5,78.38999938964844,102.25,3.4489998817443848,18.829999923706055,90157700.0
2023-01-13,8.293822136197633,-0.498853407,-0.39729858213106,-0.6661421307144136,-0.25180342582749,-0.4993084885716205,-0.19944861293106,-0.8322981773333334,-0.99477378,3952.642041015625,3898.3000244140626,60.581669529575876,12.304542663932807,-7.606461935996206,45.16319097527118,1918.4000244140625,79.86000061035156,102.19999694824219,3.510999917984009,18.350000381469727,63903900.0
2023-01-17,8.291789580766636,-0.19947240253093199,-0.7472988396636651,-0.6648089003633666,-0.99477378,-0.498853407,-0.39729858213106,-0.6661421307144136,-0.25180342582749,3972.418017578125,3913.447021484375,59.524572395874834,17.463298684904657,-2.592509811816034,31.646090588531838,1907.199951171875,80.18000030517578,102.38999938964844,3.5350000858306885,19.360000610351562,62677300.0
2023-01-18,8.276104613788892,-0.6661421307144136,-0.19947240253093199,-0.7472988396636651,-0.6648089003633666,-0.99477378,-0.498853407,-0.39729858213106,-0.6661421307144136,3974.3400390625,3923.91904296875,52.04411362340514,16.351414181066048,1.1962749867603821,27.649063316911924,1904.4000244140625,79.4800033569336,102.36000061035156,3.375,20.34000015258789,99632300.0
2023-01-19,8.26843694188708,-0.665744658,-0.6661421307144136,-0.19947240253093199,-0.7472988396636651,-0.6648089003633666,-0.99477378,-0.498853407,-0.39729858213106,3960.188037109375,3928.5070556640626,48.849748686900874,12.899977802953345,3.537015549998975,43.96830111852801,1922.0999755859375,80.33000183105469,102.05999755859375,3.3970000743865967,20.520000457763672,86958900.0
2023-01-20,8.287178615439432,-0.16503473566666668,-0.665744658,-0.6661421307144136,-0.19947240253093199,-0.7472988396636651,-0.6648089003633666,-0.99477378,-0.498853407,3958.07607421875,3944.958056640625,55.99835441182526,15.93284207145689,6.016180854290559,42.82722522009086,1926.4000244140625,81.30999755859375,102.01000213623047,3.4839999675750732,19.850000381469727,91806400.0
2023-01-23,8.29898993139076,-0.4993084885716205,-0.39729877173093203,-0.4993084885716205,-0.16503473566666668,-0.665744658,-0.6661421307144136,-0.19947240253093199,-0.7472988396636651,3962.220068359375,3957.4310546875,59.86392606586217,21.892685200703,9.191481723573048,48.42457266811411,1927.0999755859375,81.62000274658203,102.13999938964844,3.5250000953674316,19.809999465942383,84178800.0
2023-01-24,8.298278175026468,-0.499308628163665,-0.4993084885716205,-0.39729877173093203,-0.4993084885716205,-0.16503473566666668,-0.665744658,-0.6661421307144136,-0.19947240253093199,3967.416064453125,3969.917041015625,59.522691631274334,26.084431958330697,12.570071770524578,53.41715141979532,1933.9000244140625,80.12999725341797,101.91999816894531,3.4690001010894775,19.200000762939453,59524900.0
2023-01-25,8.298096433453003,-0.665744658,-0.499308628163665,-0.4993084885716205,-0.39729877173093203,-0.4993084885716205,-0.16503473566666668,-0.665744658,-0.6661421307144136,3984.888037109375,3979.6140380859374,59.42958000883262,29.013073489354156,15.858672114290494,51.91935709198647,1941.199951171875,80.1500015258789,101.63999938964844,3.4619998931884766,19.079999923706055,84800300.0
2023-01-26,8.309044141482117,-0.665744658,-0.665744658,-0.499308628163665,-0.4993084885716205,-0.39729877173093203,-0.4993084885716205,-0.16503473566666668,-0.665744658,4017.20400390625,3988.6960205078126,63.1856371842743,34.50368042190121,19.58767377581264,31.08424366671995,1929.0999755859375,81.01000213623047,101.83999633789062,3.493000030517578,18.729999542236328,72287400.0
2023-01-27,8.311535875503822,-0.749301386,-0.665744658,-0.665744658,-0.499308628163665,-0.4993084885716205,-0.39729877173093203,-0.4993084885716205,-0.16503473566666668,4036.793994140625,3997.4350341796876,64.00789753243191,39.22033495025016,23.514206010700143,26.477987076862018,1928.5999755859375,79.68000030517578,101.93000030517578,3.5179998874664307,18.510000228881836,68346200.0
2023-01-30,8.298482306188529,-0.49930839116382497,-0.665744658,-0.665744658,-0.749301386,-0.665744658,-0.665744658,-0.499308628163665,-0.4993084885716205,4036.385986328125,3999.30302734375,56.878366646110315,38.25759296091883,26.46288340074388,26.81865204466999,1922.9000244140625,77.9000015258789,102.27999877929688,3.5510001182556152,19.940000534057617,74202000.0
2023-01-31,8.313018610604948,-0.99477378,-0.49930839116382497,-0.665744658,-0.665744658,-0.749301386,-0.665744658,-0.665744658,-0.499308628163665,4048.316015625,4007.8660400390627,61.96306333070783,41.76032164636126,29.52237104986736,29.175107892545533,1929.5,78.87000274658203,102.0999984741211,3.5290000438690186,19.399999618530273,86811800.0
2023-02-01,8.323416666901833,-0.665744658,-0.99477378,-0.49930839116382497,-0.665744658,-0.665744658,-0.749301386,-0.665744658,-0.665744658,4068.914013671875,4026.901025390625,65.16681221965652,47.42780105885731,33.10345705166535,36.328898437800405,1927.800048828125,76.41000366210938,101.22000122070312,3.3970000743865967,17.8700008392334,101459200.0
2023-02-02,8.338009051528687,-0.7919590848,-0.665744658,-0.99477378,-0.49930839116382497,-0.665744658,-0.665744658,-0.749301386,-0.665744658,4092.77998046875,4054.9919921875,69.14403045178963,56.15783002025637,37.71433164538355,60.510401314999314,1916.300048828125,75.87999725341797,101.75,3.3959999084472656,18.729999542236328,101654500.0
2023-02-03,8.327600458891402,-0.668756158,-0.7919590848,-0.665744658,-0.99477378,-0.49930839116382497,-0.665744658,-0.665744658,-0.749301386,4105.96396484375,4071.3789794921877,63.55787990602123,58.90510255566642,41.95248582744013,61.629766592687915,1862.9000244140625,73.38999938964844,102.91999816894531,3.5320000648498535,18.329999923706055,94736800.0
2023-02-06,8.321441065697462,-0.668756158,-0.779409849,-0.5953101994074,-0.668756158,-0.7919590848,-0.665744658,-0.99477378,-0.49930839116382497,4124.6259765625,4080.5059814453125,60.4702087128718,58.360037801791805,45.233996222310466,37.74772092274359,1866.199951171875,74.11000061035156,103.62000274658203,3.634000062942505,19.43000030517578,60295300.0
2023-02-07,8.33423142973486,-0.7485425585,-0.668756158,-0.779409849,-0.5953101994074,-0.668756158,-0.7919590848,-0.665744658,-0.99477378,4142.10595703125,4095.210986328125,64.35551950344095,61.4894533401889,48.48508764588615,29.221746313511705,1871.699951171875,77.13999938964844,103.43000030517578,3.6740000247955322,18.65999984741211,90990700.0
2023-02-08,8.323088856722448,-0.665744658,-0.7485425585,-0.668756158,-0.779409849,-0.5953101994074,-0.668756158,-0.7919590848,-0.665744658,4141.8359375,4105.374975585937,58.91808278880338,59.55984545293359,50.70003920729564,29.491200817860197,1877.4000244140625,78.47000122070312,103.41000366210938,3.6530001163482666,19.6299991607666,76227500.0
2023-02-09,8.31421984689141,-0.668756158,-0.665744658,-0.7485425585,-0.668756158,-0.779409849,-0.5953101994074,-0.668756158,-0.7919590848,4122.183984375,4107.481982421875,54.976136700238634,54.468797809965054,51.45379092782953,30.619177033890168,1866.199951171875,78.05999755859375,103.22000122070312,3.683000087738037,20.709999084472656,78694900.0
2023-02-10,8.316412702600628,-0.665744658,-0.668756158,-0.665744658,-0.7485425585,-0.668756158,-0.779409849,-0.5953101994074,-0.668756158,4112.97998046875,4109.47197265625,55.761607366998184,50.574112947269896,51.2778553317176,32.127113658676386,1862.800048828125,79.72000122070312,103.62999725341797,3.74399995803833,20.530000686645508,70769700.0
2023-02-13,8.327796272551783,-0.665744658,-0.99477378,-0.7901300168000001,-0.665744658,-0.668756158,-0.665744658,-0.7485425585,-0.668756158,4118.22197265625,4121.423974609375,59.71718966614398,50.682111233508294,51.15870651207574,33.832612364391714,1851.9000244140625,80.13999938964844,103.3499984741211,3.7170000076293945,20.34000015258789,64913500.0
2023-02-14,8.32751581869629,-0.665744658,-0.665744658,-0.99477378,-0.7901300168000001,-0.665744658,-0.668756158,-0.665744658,-0.7485425585,4112.64794921875,4127.376953125,59.57507073332184,50.09660328131895,50.94628586592438,25.730815231289103,1854.0,79.05999755859375,103.2300033569336,3.760999917984009,18.90999984741211,88389300.0
2023-02-15,8.330285156229365,-0.665744658,-0.665744658,-0.665744658,-0.99477378,-0.7901300168000001,-0.665744658,-0.668756158,-0.665744658,4118.59599609375,4130.215966796875,60.57409042749279,49.98197341136893,50.7534233750133,30.27330397368747,1834.199951171875,78.58999633789062,103.91999816894531,3.809000015258789,18.229999542236328,61555700.0
2023-02-16,8.316400467024485,-0.9954946066666667,-0.665744658,-0.665744658,-0.665744658,-0.99477378,-0.7901300168000001,-0.665744658,-0.668756158,4120.377978515625,4121.280981445312,53.47777736958437,44.760388501983925,49.554816400407425,27.69637535563316,1842.0,78.48999786376953,103.86000061035156,3.8429999351501465,20.170000076293945,76431500.0
2023-02-17,8.313629224852201,-0.2493403685,-0.9954946066666667,-0.665744658,-0.665744658,-0.665744658,-0.99477378,-0.7901300168000001,-0.665744658,4118.10400390625,4115.5419921875,52.17488006686958,39.25630735607592,47.495114591541125,31.032660880099606,1840.4000244140625,76.33999633789062,103.86000061035156,3.828000068664551,20.020000457763672,89257800.0
2023-02-21,8.29338444087873,-0.7492203085,-0.665744658,-0.665744658,-0.7267288848,-0.2493403685,-0.9954946066666667,-0.665744658,-0.665744658,4090.114013671875,4104.167993164063,43.86350421770172,27.97526022060765,43.591143717354434,59.47841176638606,1833.0,76.16000366210938,104.18000030517578,3.9549999237060547,22.8700008392334,82655900.0
2023-02-22,8.291809645393087,-0.99477378,-0.7492203085,-0.665744658,-0.665744658,-0.7267288848,-0.2493403685,-0.9954946066666667,-0.665744658,4061.098046875,4086.872998046875,43.29206501766719,18.316257095576475,38.536166392998844,66.40275434237823,1832.0,73.94999694824219,104.58999633789062,3.9230000972747803,22.290000915527344,83742300.0
2023-02-23,8.297124923656325,-0.665744658,-0.99477378,-0.7492203085,-0.665744658,-0.665744658,-0.7267288848,-0.2493403685,-0.9954946066666667,4034.042041015625,4076.3190185546873,45.860565489154595,12.236683474804522,33.27626980935998,47.10056334698413,1818.0,75.38999938964844,104.5999984741211,3.878999948501587,21.139999389648438,96242400.0
2023-02-24,8.28653145903655,-0.665744658,-0.665744658,-0.99477378,-0.7492203085,-0.665744658,-0.665744658,-0.7267288848,-0.2493403685,4009.96806640625,4065.1730224609373,41.80700253682073,3.961269514907144,27.413269750469414,41.518039348321466,1808.800048828125,76.31999969482422,105.20999908447266,3.9489998817443848,21.670000076293945,108194400.0
2023-02-28,8.286559131745154,-0.665744658,-0.665744658,-0.6631825134288273,-0.665744658,-0.665744658,-0.99477378,-0.7492203085,-0.665744658,3985.160009765625,4037.63701171875,42.15984173083726,-6.893137940975066,15.910785993650038,17.56989396607699,1828.9000244140625,77.05000305175781,104.87000274658203,3.9159998893737793,20.700000762939453,96438600.0
2023-03-01,8.281822667541661,-0.665744658,-0.665744658,-0.665744658,-0.6631825134288273,-0.665744658,-0.665744658,-0.99477378,-0.7492203085,3977.227978515625,4019.1630126953123,40.29223159293297,-12.462663649583646,10.236096065003302,22.505262450489134,1837.699951171875,77.69000244140625,104.4800033569336,3.99399995803833,20.579999923706055,99706800.0
2023-03-02,8.289376261272858,-0.665744658,-0.665744658,-0.665744658,-0.665744658,-0.6631825134288273,-0.665744658,-0.665744658,-0.99477378,3971.033984375,4002.5380126953123,44.51917620347165,-14.294239641269087,5.330028923748824,12.446451616814292,1833.5,78.16000366210938,105.02999877929688,4.072999954223633,19.59000015258789,85127800.0
2023-03-03,8.305395010449342,-0.746406131,-0.665744658,-0.665744658,-0.665744658,-0.665744658,-0.6631825134288273,-0.665744658,-0.665744658,3986.153955078125,3998.0610107421876,52.31958998038742,-10.437807109462483,2.1764617171065628,35.50226285960828,1847.699951171875,79.68000030517578,104.5199966430664,3.9639999866485596,18.489999771118164,90120000.0
2023-03-06,8.30608194122819,-0.668756158,-0.7492837685,-0.5971170994074,-0.746406131,-0.665744658,-0.665744658,-0.665744658,-0.665744658,3999.38994140625,3994.993994140625,52.62974050431633,-7.075667522576168,0.3260358691700165,44.797928251680254,1847.9000244140625,80.45999908447266,104.3499984741211,3.9830000400543213,18.610000610351562,72795900.0
2023-03-07,8.290636350748926,-0.7508011835,-0.668756158,-0.7492837685,-0.5971170994074,-0.746406131,-0.665744658,-0.665744658,-0.665744658,4002.633984375,3993.8969970703124,45.51352998261896,-9.310720157236574,-1.6013153361113015,42.68879937104673,1813.9000244140625,77.58000183105469,105.62000274658203,3.9749999046325684,19.59000015258789,108310600.0
2023-03-08,8.292050144884529,-0.665744658,-0.7508011835,-0.668756158,-0.7492837685,-0.5971170994074,-0.746406131,-0.665744658,-0.665744658,4010.7580078125,3993.9929931640627,46.22525303235777,-10.505818737621667,-3.3822160164133743,33.34009401349506,1812.699951171875,76.66000366210938,105.66000366210938,3.9760000705718994,19.110000610351562,74746600.0
2023-03-09,8.273418286939048,-0.7514789335,-0.665744658,-0.7508011835,-0.668756158,-0.7492837685,-0.5971170994074,-0.746406131,-0.665744658,3998.152001953125,3984.5929931640626,39.048209984535184,-17.200824988421118,-6.145937810814924,53.22508343643833,1829.300048828125,75.72000122070312,105.30999755859375,3.924999952316284,22.610000610351562,111945300.0
2023-03-10,8.25883431750298,-0.744147506,-0.7514789335,-0.665744658,-0.7508011835,-0.668756158,-0.7492837685,-0.5971170994074,-0.746406131,3961.342041015625,3973.747998046875,34.5950406889572,-26.775647985974047,-10.27187984584675,72.37200515835453,1862.0,76.68000030517578,104.58000183105469,3.694999933242798,24.799999237060547,189253000.0
2023-03-13,8.257323415662242,-0.99477378,-0.9954946066666667,-0.665744658,-0.744147506,-0.7514789335,-0.665744658,-0.7508011835,-0.668756158,3922.81005859375,3961.1,34.16383830092717,-34.43723180330471,-15.104950237338343,65.36870077430335,1911.699951171875,74.80000305175781,103.5999984741211,3.515000104904175,26.520000457763672,157790000.0
2023-03-14,8.273665803897606,-0.665744658,-0.99477378,-0.9954946066666667,-0.665744658,-0.744147506,-0.7514789335,-0.665744658,-0.7508011835,3909.39404296875,3956.014013671875,42.56489803200162,-34.97952753618347,-19.07986569710737,55.14714470507484,1906.199951171875,71.33000183105469,103.5999984741211,3.638000011444092,23.729999542236328,149752400.0
2023-03-15,8.266660439968252,-0.99477378,-0.665744658,-0.99477378,-0.9954946066666667,-0.665744658,-0.744147506,-0.7514789335,-0.665744658,3889.37802734375,3950.068017578125,40.186558726181545,-37.18834868777685,-22.701562295241267,30.171273936011655,1926.5999755859375,67.61000061035156,104.6500015258789,3.492000102996826,26.139999389648438,172996900.0
2023-03-16,8.284070016217283,-0.9896345366666667,-0.99477378,-0.665744658,-0.99477378,-0.9954946066666667,-0.665744658,-0.744147506,-0.7514789335,3897.77001953125,3947.9610107421877,48.00296023940592,-33.04267828197089,-24.769785492587193,43.23929798841254,1919.0,68.3499984741211,104.41999816894531,3.5850000381469727,22.989999771118164,143254200.0
2023-03-17,8.27298939494333,-0.2493403685,-0.9896345366666667,-0.99477378,-0.665744658,-0.99477378,-0.9954946066666667,-0.665744658,-0.744147506,3908.77998046875,3935.0610107421876,44.045293464508816,-32.89935564208645,-26.395699522487043,38.46926051466757,1969.800048828125,66.73999786376953,103.70999908447266,3.3949999809265137,25.510000228881836,140553400.0
2023-03-20,8.281868264579272,-0.8269617586284742,-0.665744658,-0.828198129,-0.2493403685,-0.9896345366666667,-0.99477378,-0.665744658,-0.99477378,3927.9419921875,3925.376025390625,47.75799783785342,-29.625691623819876,-27.04169794275361,27.854518847760808,1979.199951171875,67.63999938964844,103.27999877929688,3.4809999465942383,24.149999618530273,93055800.0
2023-03-21,8.29476691209783,-0.7492203085,-0.8269617586284742,-0.665744658,-0.828198129,-0.2493403685,-0.9896345366666667,-0.99477378,-0.665744658,3944.6580078125,3927.026025390625,52.719751391609556,-22.630928835483246,-26.15954412129954,42.560952210398405,1938.0,69.33000183105469,103.26000213623047,3.6059999465942383,21.3799991607666,91524200.0
2023-03-22,8.278166663457988,-0.9954946066666667,-0.7492203085,-0.8269617586284742,-0.665744658,-0.828198129,-0.2493403685,-0.9896345366666667,-0.99477378,3953.666015625,3921.522021484375,46.59724930337386,-22.14979099909533,-25.357593496858698,32.08922516313322,1946.800048828125,70.9000015258789,102.3499984741211,3.5,22.260000228881836,111746600.0
2023-03-23,8.28114674732717,-0.665744658,-0.9954946066666667,-0.7492203085,-0.8269617586284742,-0.665744658,-0.828198129,-0.2493403685,-0.9896345366666667,3951.35400390625,3924.56201171875,47.762118901743534,-20.583089947804638,-24.40269278704789,31.909499678231867,1993.800048828125,69.95999908447266,102.52999877929688,3.4059998989105225,22.610000610351562,119351300.0
2023-03-24,8.286770710411473,-0.744147506,-0.665744658,-0.9954946066666667,-0.7492203085,-0.8269617586284742,-0.665744658,-0.828198129,-0.2493403685,3962.2240234375,3935.502001953125,49.98875263751029,-17.3445267119896,-22.991059572036235,25.800099271070607,1982.0999755859375,69.26000213623047,103.12000274658203,3.380000114440918,21.739999771118164,107682400.0
2023-03-27,8.28841630997524,-0.7491915685,-0.665744658,-0.665744658,-0.744147506,-0.665744658,-0.9954946066666667,-0.7492203085,-0.8269617586284742,3967.416015625,3947.67900390625,50.653964411746344,-14.087819901599232,-21.210411637948834,25.732098786212546,1952.4000244140625,72.80999755859375,102.86000061035156,3.5280001163482666,20.600000381469727,74010400.0
2023-03-28,8.286841226686851,-0.665744658,-0.7491915685,-0.665744658,-0.665744658,-0.744147506,-0.665744658,-0.9954946066666667,-0.7492203085,3961.09599609375,3952.877001953125,49.96883779302788,-11.875098024031558,-19.34334891516538,17.368868888776444,1972.4000244140625,73.19999694824219,102.43000030517578,3.563999891281128,19.969999313354492,62871700.0
2023-03-29,8.300978097461899,-0.665744658,-0.665744658,-0.7491915685,-0.665744658,-0.665744658,-0.744147506,-0.665744658,-0.9954946066666667,3979.264013671875,3966.4650146484373,55.7856663211194,-5.49583875856888,-16.57384688384608,29.261865740292237,1966.0999755859375,72.97000122070312,102.63999938964844,3.565999984741211,19.1200008392334,77497900.0
2023-03-30,8.306677096661382,-0.7724535647999999,-0.665744658,-0.665744658,-0.7491915685,-0.665744658,-0.665744658,-0.744147506,-0.665744658,3999.68603515625,3975.52001953125,57.930282287541914,1.401141867959268,-12.978849133485012,37.17692617505573,1980.300048828125,74.37000274658203,102.13999938964844,3.5510001182556152,19.020000457763672,69840000.0
2023-03-31,8.321010424443418,-0.6661940134288273,-0.7724535647999999,-0.665744658,-0.665744658,-0.7491915685,-0.665744658,-0.665744658,-0.744147506,4027.350048828125,3994.7870361328123,62.85892297870733,11.453861406273973,-8.092307025533216,56.78021358180374,1969.0,75.66999816894531,102.51000213623047,3.49399995803833,18.700000762939453,112062600.0
2023-04-03,8.324702447009221,-0.746406131,-0.9128863025,-0.746406131,-0.6661940134288273,-0.7724535647999999,-0.665744658,-0.665744658,-0.7491915685,4056.74599609375,4012.081005859375,64.03818902898959,20.411907629311827,-2.391464094564207,62.31640687114187,1983.9000244140625,80.41999816894531,102.08999633789062,3.430000066757202,18.549999237060547,67391100.0
2023-04-04,8.318888607264059,-0.593750396,-0.746406131,-0.9128863025,-0.746406131,-0.6661940134288273,-0.7724535647999999,-0.665744658,-0.665744658,4082.61201171875,4021.85400390625,60.76955448338768,25.290381639833868,3.1449050523154076,41.2465880234235,2022.199951171875,80.70999908447266,101.58999633789062,3.3369998931884766,19.0,66601500.0
2023-04-05,8.316393125606938,-0.74221614575925,-0.593750396,-0.746406131,-0.9128863025,-0.746406131,-0.6661940134288273,-0.7724535647999999,-0.665744658,4095.1259765625,4037.1949951171873,59.374477137634365,28.0090506162137,8.117734165095065,27.74532964643529,2020.9000244140625,80.61000061035156,101.8499984741211,3.2869999408721924,19.079999923706055,65200200.0
2023-04-06,8.31996589873974,-0.5058976823394999,-0.74221614575925,-0.593750396,-0.746406131,-0.9128863025,-0.746406131,-0.6661940134288273,-0.7724535647999999,4105.96396484375,4052.825,60.764003255251254,30.98774461668245,12.691736255412543,12.5266594381447,2011.9000244140625,80.69999694824219,101.81999969482422,3.2880001068115234,18.399999618530273,63743300.0
2023-04-10,8.32096170575675,-0.9942766949999999,-0.746406131,-0.744147506,-0.746406131,-0.5058976823394999,-0.74221614575925,-0.593750396,-0.746406131,4105.92392578125,4066.6369873046874,61.163628271859785,33.294597883526876,16.81230858103541,12.513603644431178,1989.0999755859375,79.73999786376953,102.58000183105469,3.4149999618530273,18.969999313354492,63681000.0
2023-04-11,8.320920352423768,-0.6724879408,-0.9942766949999999,-0.746406131,-0.744147506,-0.746406131,-0.5058976823394999,-0.74221614575925,-0.593750396,4102.8099609375,4079.777978515625,61.13576766281698,34.708980915856955,20.39164304799972,7.770780639547068,2004.800048828125,81.52999877929688,102.19999694824219,3.434000015258789,19.100000381469727,59297900.0
2023-04-12,8.316776896100306,-0.9896345366666667,-0.6724879408,-0.9942766949999999,-0.746406131,-0.744147506,-0.746406131,-0.5058976823394999,-0.74221614575925,4101.079931640625,4091.8459716796874,58.27735002994439,34.06624497188204,23.126563432776187,9.214546062330706,2010.9000244140625,83.26000213623047,101.5,3.4210000038146973,19.09000015258789,86420400.0
2023-04-13,8.329952406598137,-0.7709162748724833,-0.9896345366666667,-0.6724879408,-0.9942766949999999,-0.746406131,-0.744147506,-0.746406131,-0.5058976823394999,4112.247998046875,4103.686987304687,64.05810738481816,37.503709411574164,26.001992628535785,20.243252104104194,2041.300048828125,82.16000366210938,101.01000213623047,3.4519999027252197,17.799999237060547,85814800.0
2023-04-14,8.327880889013558,-0.744147506,-0.7709162748724833,-0.9896345366666667,-0.6724879408,-0.9942766949999999,-0.746406131,-0.744147506,-0.746406131,4118.772021484375,4112.367993164063,62.58180628259612,39.0850361801472,28.61860133885807,22.465861027598212,2002.199951171875,82.5199966430664,101.55000305175781,3.5220000743865967,17.06999969482422,78161500.0
2023-04-17,8.331181592596174,-0.162786304,-0.8307442463833333,-0.49608969285533333,-0.744147506,-0.7709162748724833,-0.9896345366666667,-0.6724879408,-0.9942766949999999,4127.214013671875,4116.5689697265625,64.00609938638837,40.96981101387064,31.08884327386059,25.63457454332885,1994.199951171875,80.83000183105469,102.0999984741211,3.5910000801086426,16.950000762939453,66436400.0
2023-04-18,8.33203644739964,-0.7952876188,-0.162786304,-0.8307442463833333,-0.49608969285533333,-0.744147506,-0.7709162748724833,-0.9896345366666667,-0.6724879408,4136.400048828125,4119.605004882813,64.38499731682731,42.262808274108465,33.32363627391017,25.678433475916577,2007.4000244140625,80.86000061035156,101.75,3.572000026702881,16.829999923706055,63560000.0
2023-04-19,8.3319521818517,-0.59531804156334,-0.7952876188,-0.162786304,-0.8307442463833333,-0.49608969285533333,-0.744147506,-0.7709162748724833,-0.9896345366666667,4148.9140625,4124.996997070312,64.31310169080649,42.76628485272386,35.212165989672904,7.194568243488396,1995.199951171875,79.16000366210938,101.97000122070312,3.6019999980926514,16.459999084472656,55227300.0
2023-04-20,8.325981846663389,-0.744147506,-0.59531804156334,-0.7952876188,-0.162786304,-0.8307442463833333,-0.49608969285533333,-0.744147506,-0.7709162748724833,4145.62802734375,4128.938012695313,59.27776129663934,40.70061951535445,36.30985669480921,11.30849869393867,2007.5999755859375,77.29000091552734,101.83999633789062,3.5450000762939453,17.170000076293945,75840400.0
2023-04-21,8.32688462792069,-0.744147506,-0.744147506,-0.59531804156334,-0.7952876188,-0.162786304,-0.8307442463833333,-0.49608969285533333,-0.744147506,4144.80400390625,4131.788012695312,59.78913717586533,38.91594432243937,36.831074220335246,12.154535719908258,1979.5,77.87000274658203,101.81999969482422,3.569999933242798,16.770000457763672,73457400.0
2023-04-24,8.327735844698962,-0.8536731562857144,-0.744147506,-0.9914599675,-0.744147506,-0.744147506,-0.59531804156334,-0.7952876188,-0.162786304,4141.948046875,4134.581030273437,60.29585668183615,37.355007261282026,36.9358608285246,11.916078813881764,1989.0999755859375,78.76000213623047,101.3499984741211,3.515000104904175,16.889999389648438,64332100.0
2023-04-25,8.311798660880385,-0.4964501240604027,-0.8536731562857144,-0.744147506,-0.9914599675,-0.744147506,-0.744147506,-0.59531804156334,-0.7952876188,4125.3,4130.850024414062,48.15274304498585,30.488448583608715,35.64637837954143,31.463664397972874,1994.0,77.06999969482422,101.86000061035156,3.3959999084472656,18.760000228881836,97766700.0
2023-04-26,8.30795007737704,-0.9896345366666667,-0.4964501240604027,-0.8536731562857144,-0.744147506,-0.9914599675,-0.744147506,-0.744147506,-0.59531804156334,4105.593994140625,4127.2540283203125,45.77874823542455,23.513592677961697,33.21982123922548,38.627332573738705,1985.699951171875,74.30000305175781,101.47000122070312,3.431999921798706,18.84000015258789,80447000.0
2023-04-27,8.327327270779737,-0.744147506,-0.9896345366666667,-0.4964501240604027,-0.8536731562857144,-0.744147506,-0.9914599675,-0.744147506,-0.744147506,4106.706005859375,4126.167016601563,57.28621971213053,24.111721632512854,31.398201317882958,39.566644864414734,1989.9000244140625,74.76000213623047,101.5,3.5280001163482666,17.030000686645508,92968400.0
2023-04-28,8.33554660209298,-0.74221614575925,-0.744147506,-0.9896345366666667,-0.4964501240604027,-0.8536731562857144,-0.744147506,-0.9914599675,-0.744147506,4113.897998046875,4129.351000976562,61.10897894853792,27.02817546362894,30.524196147032157,48.02352117516097,1990.0999755859375,76.77999877929688,101.66999816894531,3.4519999027252197,15.779999732971191,89335600.0
2023-05-01,8.33516042104447,-0.9964828866666666,-0.2823644125274714,-0.7952876188,-0.74221614575925,-0.744147506,-0.9896345366666667,-0.4964501240604027,-0.8536731562857144,4120.064013671875,4131.006030273437,60.832423045130746,28.876710876243123,30.19469909287435,53.41435009191531,1983.4000244140625,75.66000366210938,102.1500015258789,3.5739998817443848,16.079999923706055,62122300.0
2023-05-02,8.323506514363897,-0.6722275185,-0.9964828866666666,-0.2823644125274714,-0.7952876188,-0.74221614575925,-0.744147506,-0.9896345366666667,-0.4964501240604027,4129.654052734375,4127.477026367187,53.07338410119882,26.143717432407357,29.384502760780954,46.38667938744881,2014.300048828125,71.66000366210938,101.95999908447266,3.438999891281128,17.780000686645508,103998500.0
2023-05-03,8.316483606309005,-0.9963982733333333,-0.6722275185,-0.9964828866666666,-0.2823644125274714,-0.7952876188,-0.74221614575925,-0.744147506,-0.9896345366666667,4136.6060546875,4121.100024414062,49.050913642134056,21.404713858947616,27.788544980414287,33.36306212621118,2028.5999755859375,68.5999984741211,101.33999633789062,3.4030001163482666,18.34000015258789,91531800.0
2023-05-04,8.309238692853942,-0.7765215040000001,-0.9963982733333333,-0.6722275185,-0.9964828866666666,-0.2823644125274714,-0.7952876188,-0.74221614575925,-0.744147506,4121.780029296875,4114.243017578125,45.26652298440065,15.092219105528784,25.24927980543719,47.525794953286464,2048.0,68.55999755859375,101.4000015258789,3.3510000705718994,20.09000015258789,94901900.0
2023-05-05,8.327544859235822,-0.32985235333333335,-0.7765215040000001,-0.9963982733333333,-0.6722275185,-0.9964828866666666,-0.2823644125274714,-0.7952876188,-0.74221614575925,4115.134033203125,4114.516015625,54.807106367885915,15.959842714361912,23.391392387222133,41.073267260246816,2017.4000244140625,71.33999633789062,101.20999908447266,3.446000099182129,17.190000534057617,87844000.0
2023-05-08,8.327996885720705,-0.25156949349999996,-0.7508011835,-0.99929103,-0.32985235333333335,-0.7765215040000001,-0.9963982733333333,-0.6722275185,-0.9964828866666666,4109.184033203125,4114.6240234375,55.01757295886731,16.60690938906737,22.034495787591183,32.85690999111272,2026.300048828125,73.16000366210938,101.37000274658203,3.5209999084472656,16.979999542236328,50046800.0
2023-05-09,8.323406946771644,-0.668756158,-0.25156949349999996,-0.7508011835,-0.99929103,-0.32985235333333335,-0.7765215040000001,-0.9963982733333333,-0.6722275185,4109.102001953125,4119.37802734375,52.35675425369706,15.412921438178273,20.710180917708602,32.824962732560294,2036.199951171875,73.70999908447266,101.61000061035156,3.5209999084472656,17.709999084472656,49220100.0
2023-05-10,8.327880889013558,0.33348461333333335,-0.668756158,-0.25156949349999996,-0.7508011835,-0.99929103,-0.32985235333333335,-0.7765215040000001,-0.9963982733333333,4118.480029296875,4127.543041992188,54.65847645104936,15.775222416462384,19.72318921745936,32.968943300812455,2030.5,72.55999755859375,101.4800033569336,3.438999891281128,16.940000534057617,96142900.0
2023-05-11,8.326182824123853,-0.6661303857144137,0.33348461333333335,-0.668756158,-0.25156949349999996,-0.7508011835,-0.99929103,-0.32985235333333335,-0.7765215040000001,4132.36005859375,4127.070043945312,53.59859802508928,15.319300286795624,18.842411431326614,7.95607074677309,2014.699951171875,70.87000274658203,102.05999755859375,3.3970000743865967,16.93000030517578,70157100.0
2023-05-12,8.324598262534414,-0.49730108,-0.6661303857144137,0.33348461333333335,-0.668756158,-0.25156949349999996,-0.7508011835,-0.99929103,-0.32985235333333335,4129.92607421875,4122.530053710938,52.57575092175137,14.265804900598596,17.92709012518101,8.321677710064481,2014.5,70.04000091552734,102.68000030517578,3.4630000591278076,17.030000686645508,70439400.0
2023-05-15,8.32755206021473,-0.665744658,-0.665744658,-0.665744658,-0.49730108,-0.6661303857144137,0.33348461333333335,-0.668756158,-0.25156949349999996,4129.5580078125,4119.371020507812,54.32669964149725,14.251039504782057,17.19188000110122,7.898595092598241,2018.0,71.11000061035156,102.43000030517578,3.507999897003174,17.1200008392334,54289400.0
2023-05-16,8.321153952532812,-0.49911053,-0.665744658,-0.665744658,-0.665744658,-0.49730108,-0.6661303857144137,0.33348461333333335,-0.668756158,4127.70400390625,4118.403002929687,50.02565553435558,11.9726880500275,16.14804161088648,11.301474975649567,1988.4000244140625,70.86000061035156,102.55999755859375,3.5490000247955322,17.989999771118164,57705500.0
2023-05-17,8.332974641154884,-0.2493403685,-0.49911053,-0.665744658,-0.665744658,-0.665744658,-0.49730108,-0.6661303857144137,0.33348461333333335,4131.92998046875,4125.205004882812,56.84234641764522,13.949684856273961,15.708370259963978,17.944146319287892,1980.699951171875,72.83000183105469,102.87999725341797,3.5810000896453857,16.8700008392334,87287000.0
2023-05-18,8.342375364218611,-0.7491775185,-0.2493403685,-0.49911053,-0.665744658,-0.665744658,-0.665744658,-0.49730108,-0.6661303857144137,4145.41591796875,4138.88798828125,61.39983943869609,18.47307336529866,16.261310881030916,34.45552354175354,1956.5,71.86000061035156,103.58000183105469,3.6480000019073486,16.049999237060547,97177200.0
2023-05-19,8.340928450337936,-0.3988359468,-0.7491775185,-0.2493403685,-0.49911053,-0.665744658,-0.665744658,-0.665744658,-0.49730108,4158.9958984375,4144.460986328125,60.33945999367789,21.322316865001085,17.27351207782495,37.21440217561249,1978.699951171875,71.55000305175781,103.19999694824219,3.691999912261963,16.809999465942383,103679700.0
2023-05-22,8.341083473017738,-0.197300564,-0.3978408639155322,-0.1965044,-0.3988359468,-0.7491775185,-0.2493403685,-0.49911053,-0.665744658,4170.26591796875,4149.911962890625,60.41828161829554,23.363484843870538,18.491506631034067,37.1476894244794,1974.800048828125,71.98999786376953,103.19999694824219,3.7190001010894775,17.209999084472656,60745400.0
2023-05-23,8.329798004249454,-0.6690609246666667,-0.197300564,-0.3978408639155322,-0.1965044,-0.3988359468,-0.7491775185,-0.2493403685,-0.49911053,4177.401953125,4152.552978515625,52.31263347768293,20.943179212997165,18.981841147426685,23.614207460275185,1972.4000244140625,72.91000366210938,103.48999786376953,3.697999954223633,18.530000686645508,86383500.0
2023-05-24,8.322452491571148,0.0005494052000000032,-0.6690609246666667,-0.197300564,-0.3978408639155322,-0.1965044,-0.3988359468,-0.7491775185,-0.2493403685,4168.69599609375,4150.31298828125,47.8542249255027,16.387987217720365,18.46307036148542,36.63497326759643,1962.800048828125,74.33999633789062,103.88999938964844,3.7190001010894775,20.030000686645508,89213700.0
2023-05-25,8.33117194765016,-0.99477378,0.0005494052000000032,-0.6690609246666667,-0.197300564,-0.3978408639155322,-0.1965044,-0.3988359468,-0.7491775185,4159.3419921875,4152.378955078125,52.98050098133401,15.507296831119675,17.871915655412273,33.06310800703827,1943.0999755859375,71.83000183105469,104.20999908447266,3.813999891281128,19.139999389648438,90961600.0
2023-05-26,8.3441366285818,-0.665744658,-0.99477378,0.0005494052000000032,-0.6690609246666667,-0.197300564,-0.3978408639155322,-0.1965044,-0.3988359468,4162.03603515625,4160.515966796875,59.43550317465761,18.961862189339627,18.089904962197743,36.73253062042619,1944.0999755859375,72.66999816894531,104.20999908447266,3.809999942779541,17.950000762939453,93830000.0
2023-05-30,8.344153231712466,-0.1458739917758833,-0.665744658,-0.665744658,-0.99477378,-0.665744658,-0.99477378,0.0005494052000000032,-0.6690609246666667,4164.6140625,4167.439990234375,59.44323194460387,21.457910915487446,18.763506152855683,39.74530626661471,1958.0,69.45999908447266,104.16999816894531,3.700000047683716,17.459999084472656,72216000.0
2023-05-31,8.338025873526252,-0.49662333000000003,-0.1458739917758833,-0.665744658,-0.665744658,-0.99477378,-0.665744658,-0.99477378,0.0005494052000000032,4171.4640625,4174.4330078125,55.27068844327108,21.119629994273964,19.23473092113934,38.57907318489038,1963.9000244140625,68.08999633789062,104.31999969482422,3.63700008392334,17.940000534057617,110811800.0
2023-06-01,8.347832088612106,-0.996095884,-0.49662333000000003,-0.1458739917758833,-0.665744658,-0.665744658,-0.99477378,-0.665744658,-0.99477378,4192.62001953125,4180.6580078125,60.10594363387127,23.899722832063162,20.16772930332411,27.432558165132725,1978.0,70.0999984741211,103.55999755859375,3.6080000400543213,15.649999618530273,88865000.0
2023-06-02,8.362261901002213,-0.668756158,-0.996095884,-0.49662333000000003,-0.1458739917758833,-0.665744658,-0.665744658,-0.99477378,-0.665744658,4218.8380859375,4189.0900390625,66.00116351706984,30.699521616789752,22.27408776601724,38.468529380024826,1952.4000244140625,71.73999786376953,104.0199966430664,3.690999984741211,14.600000381469727,91366700.0
2023-06-05,8.360256309511556,-0.8937412199999999,-0.8291905706666666,-0.665744658,-0.668756158,-0.996095884,-0.49662333000000003,-0.1458739917758833,-0.665744658,4232.5060546875,4197.271044921875,64.56420482015173,34.99269652229577,24.817809517272945,44.23156593078543,1958.0,72.1500015258789,104.0,3.693000078201294,14.729999542236328,65460200.0
2023-06-06,8.362607439745407,-0.665744658,-0.8937412199999999,-0.8291905706666666,-0.665744658,-0.668756158,-0.996095884,-0.49662333000000003,-0.1458739917758833,4248.1720703125,4206.39306640625,65.51229774421068,38.760029723292064,27.606253558476773,46.1155346002473,1965.5,71.73999786376953,104.12999725341797,3.6989998817443848,13.960000038146973,64022200.0
2023-06-07,8.358788145818986,-0.7508011835,-0.665744658,-0.8937412199999999,-0.8291905706666666,-0.665744658,-0.668756158,-0.996095884,-0.49662333000000003,4265.71005859375,4218.587060546875,62.58509969856974,39.96725001925006,30.078452850631432,25.84753471762401,1942.699951171875,72.52999877929688,104.0999984741211,3.7839999198913574,13.9399995803833,85373300.0
2023-06-08,8.36495771742651,-0.665744658,-0.7508011835,-0.665744658,-0.8937412199999999,-0.8291905706666666,-0.665744658,-0.668756158,-0.996095884,4280.29208984375,4236.4560546875,65.2865353534694,42.56440374093472,32.57564302869209,10.104175494612546,1963.5999755859375,71.29000091552734,103.33999633789062,3.7139999866485596,13.649999618530273,61952800.0
2023-06-09,8.36610511844956,-0.665744658,-0.665744658,-0.7508011835,-0.665744658,-0.8937412199999999,-0.8291905706666666,-0.665744658,-0.668756158,4283.5900390625,4251.2140625,65.783154102383,44.50739778224397,34.961993979402465,13.176106378985786,1962.199951171875,70.16999816894531,103.55999755859375,3.744999885559082,13.829999923706055,85742800.0
2023-06-12,8.375383093431315,-0.99477378,-0.7489715685,-0.49863224195,-0.665744658,-0.665744658,-0.7508011835,-0.665744658,-0.8937412199999999,4296.61806640625,4264.562060546875,69.59128011759014,48.71897191395601,37.713389566313175,26.51547834258243,1955.300048828125,67.12000274658203,103.62999725341797,3.765000104904175,15.010000228881836,76104300.0
2023-06-13,8.382291664157224,-0.665744658,-0.99477378,-0.7489715685,-0.49863224195,-0.665744658,-0.665744658,-0.7508011835,-0.665744658,4313.65,4280.91103515625,72.10136366548056,53.86294773785994,40.94330120062253,40.12289136830525,1944.5999755859375,69.41999816894531,103.33999633789062,3.8389999866485596,14.609999656677246,95899700.0
2023-06-14,8.38311075413735,-0.665744658,-0.665744658,-0.99477378,-0.7489715685,-0.49863224195,-0.665744658,-0.665744658,-0.7508011835,4334.66396484375,4300.18701171875,72.39344748032592,57.56489573820727,44.267620108139475,37.34093644368956,1955.300048828125,68.2699966430664,103.01000213623047,3.7960000038146973,13.880000114440918,100612100.0
2023-06-15,8.39521533463094,-0.007686414,-0.665744658,-0.665744658,-0.99477378,-0.7489715685,-0.49863224195,-0.665744658,-0.665744658,4361.0458984375,4320.668994140625,76.35820596666957,64.05713538818691,48.22552316414897,46.77378902809879,1957.800048828125,70.62000274658203,102.12000274658203,3.7279999256134033,14.5,110303100.0
2023-06-16,8.391536958163188,-0.99477378,-0.007686414,-0.665744658,-0.665744658,-0.99477378,-0.7489715685,-0.49863224195,-0.665744658,4383.19189453125,4333.390966796875,72.91668882419893,67.1173557932907,52.00388968997731,34.598899199638765,1958.4000244140625,71.77999877929688,102.30000305175781,3.7690000534057617,13.539999961853027,114121300.0
2023-06-20,8.386790604327953,-0.7475294935,-0.7489715685,-0.498853407,-0.2493403685,-0.99477378,-0.007686414,-0.665744658,-0.665744658,4393.1478515625,4344.882958984375,68.63607512614996,67.08446254394676,55.02000426077121,24.310898849210922,1935.5,70.5,102.54000091552734,3.7290000915527344,13.880000114440918,76160400.0
2023-06-21,8.381531517961028,-0.7492837685,-0.7475294935,-0.7489715685,-0.498853407,-0.2493403685,-0.99477378,-0.007686414,-0.665744658,4392.48388671875,4353.066943359375,64.16377135088136,64.45784134559835,56.90757167773664,25.16527668375678,1933.300048828125,72.52999877929688,102.06999969482422,3.7230000495910645,13.199999809265137,76982300.0
2023-06-22,8.385235448348363,-0.99477378,-0.7492837685,-0.7475294935,-0.7489715685,-0.498853407,-0.2493403685,-0.99477378,-0.007686414,4394.3439453125,4364.503955078125,65.85019368373318,62.95770822258328,58.11759898670597,23.62371745639986,1912.699951171875,69.51000213623047,102.38999938964844,3.7990000247955322,12.90999984741211,70637200.0
2023-06-23,8.37754716029186,-0.665744658,-0.99477378,-0.7492837685,-0.7475294935,-0.7489715685,-0.498853407,-0.2493403685,-0.99477378,4378.8419921875,4369.9439453125,59.59369310213021,58.38776781704382,58.17163275277355,23.216651931072814,1919.0999755859375,69.16000366210938,102.9000015258789,3.739000082015991,13.4399995803833,92074500.0
2023-06-26,8.373050225928727,-0.99477378,-0.99633832,-0.665744658,-0.665744658,-0.99477378,-0.7492837685,-0.7475294935,-0.7489715685,4362.68798828125,4372.93994140625,56.24785231171978,52.58556897896233,57.05441999801131,24.536092848714517,1923.699951171875,69.37000274658203,102.69000244140625,3.7190001010894775,14.25,72823600.0
2023-06-27,8.38444095945291,-0.665744658,-0.99477378,-0.99633832,-0.665744658,-0.665744658,-0.99477378,-0.7492837685,-0.7475294935,4360.62802734375,4376.887939453125,62.07608536903761,51.39634487778585,55.92280497396622,22.118463545858035,1914.0,67.69999694824219,102.48999786376953,3.7679998874664307,13.739999771118164,72813700.0
2023-06-28,8.38408682006452,-0.665744658,-0.665744658,-0.99477378,-0.99633832,-0.665744658,-0.665744658,-0.99477378,-0.7492837685,4362.86201171875,4377.67294921875,61.79893213618689,49.75523316707404,54.68929061258778,23.29056574830707,1912.300048828125,69.55999755859375,102.91000366210938,3.7100000381469727,13.430000305175781,75636000.0
2023-06-29,8.38855038817901,-0.99477378,-0.665744658,-0.665744658,-0.99477378,-0.99633832,-0.665744658,-0.665744658,-0.99477378,4365.77197265625,4380.057958984375,63.98595278297543,49.46439423370066,53.64431133681036,26.892704723117067,1909.199951171875,69.86000061035156,103.33999633789062,3.8540000915527344,13.539999961853027,67882300.0
2023-06-30,8.400744738440896,-0.99477378,-0.99477378,-0.665744658,-0.665744658,-0.99477378,-0.99633832,-0.665744658,-0.665744658,4386.18193359375,4382.511962890625,69.21473969384837,52.97573348088736,53.510595765625766,43.773041127263795,1921.0999755859375,70.63999938964844,102.91000366210938,3.819000005722046,13.59000015258789,104921500.0
2023-07-03,8.401914731533568,-0.7508011835,-0.6006409428572964,-0.665744658,-0.99477378,-0.99477378,-0.665744658,-0.665744658,-0.99477378,4411.5359375,4387.111962890625,69.67274529851038,55.53868010568203,53.916212633637016,38.656291040509956,1921.699951171875,69.79000091552734,102.98999786376953,3.8580000400543213,13.569999694824219,32793400.0
2023-07-05,8.399944473435955,-0.7508011835,-0.6637601273810804,-0.7508011835,-0.6006409428572964,-0.665744658,-0.99477378,-0.99477378,-0.665744658,4425.21787109375,4392.92294921875,67.84302812915644,56.21416459149623,54.37580302520887,36.01698936708295,1919.5999755859375,71.79000091552734,103.37000274658203,3.944999933242798,14.180000305175781,58418400.0
2023-07-06,8.39199041226006,-0.99929103,-0.7508011835,-0.6637601273810804,-0.7508011835,-0.6006409428572964,-0.665744658,-0.99477378,-0.99477378,4432.1638671875,4397.512939453125,60.92169799597208,53.29240425562057,54.15912327129121,26.43334065763595,1908.699951171875,71.80000305175781,103.16999816894531,4.040999889373779,15.4399995803833,80658300.0
2023-07-07,8.389121199464327,-0.7195124468,-0.99929103,-0.7508011835,-0.6637601273810804,-0.7508011835,-0.6006409428572964,-0.665744658,-0.99477378,4432.66591796875,4399.2189453125,58.6113707775918,49.38766389767716,53.204831396568395,25.595775259560323,1926.199951171875,73.86000061035156,102.2699966430664,4.050000190734863,14.829999923706055,86076100.0
2023-07-10,8.391523338074954,-0.6030089528,-0.7508011835,-0.99929103,-0.7195124468,-0.99929103,-0.7508011835,-0.6637601273810804,-0.7508011835,4424.4958984375,4405.338916015625,59.97942508642932,46.60952789083876,51.88577069542247,25.041589605487715,1925.0,72.98999786376953,101.97000122070312,4.00600004196167,15.069999694824219,62443500.0
2023-07-11,8.398242922073209,-0.6827942189999999,-0.6030089528,-0.7508011835,-0.99929103,-0.7195124468,-0.99929103,-0.7508011835,-0.6637601273810804,4421.2298828125,4416.38291015625,63.61867045337659,46.27338526884796,50.763293610107574,20.652656540977627,1931.300048828125,74.83000183105469,101.7300033569336,3.9800000190734863,14.84000015258789,64463800.0
2023-07-12,8.405626827308598,-0.6668225466666667,-0.6827942189999999,-0.6030089528,-0.7508011835,-0.99929103,-0.7195124468,-0.99929103,-0.7508011835,4426.29794921875,4425.75791015625,67.17590047693471,48.107226224337865,50.232080132953634,29.651096331125714,1956.199951171875,75.75,100.5199966430664,3.8610000610351562,13.539999961853027,91924500.0
2023-07-13,8.414061310298225,-0.5988340428572964,-0.6668225466666667,-0.6827942189999999,-0.6030089528,-0.7508011835,-0.99929103,-0.7195124468,-0.99929103,4445.98798828125,4439.075927734375,70.72503181156057,52.01752273890361,50.58916865414363,45.756614571162615,1959.199951171875,76.88999938964844,99.7699966430664,3.760999917984009,13.609999656677246,72425200.0
2023-07-14,8.413036378101317,-0.7485425585,-0.5988340428572964,-0.6668225466666667,-0.6827942189999999,-0.6030089528,-0.7508011835,-0.99929103,-0.7195124468,4467.28193359375,4449.97392578125,69.73464040454098,54.11979672551388,51.295294268417685,43.09034502216803,1960.0999755859375,75.41999816894531,99.91000366210938,3.819000005722046,13.34000015258789,69761800.0
2023-07-17,8.416884347675738,-0.39885954679999996,-0.9954946066666667,-0.7485425585,-0.7485425585,-0.5988340428572964,-0.6668225466666667,-0.6827942189999999,-0.6030089528,4489.933984375,4457.21494140625,71.35855461877495,56.53577803795088,52.343391022324326,33.93881788276918,1952.4000244140625,74.1500015258789,99.83999633789062,3.796999931335449,13.479999542236328,52680200.0
2023-07-18,8.423976414617167,-0.9954946066666667,-0.39885954679999996,-0.9954946066666667,-0.7485425585,-0.7485425585,-0.5988340428572964,-0.6668225466666667,-0.6827942189999999,4513.07802734375,4467.153955078125,74.12890198439149,60.35221709248981,53.94515623635742,29.967669972520415,1977.199951171875,75.75,99.94000244140625,3.7890000343322754,13.300000190734863,80744400.0
2023-07-19,8.4263315494444,-0.6010180627999999,-0.9954946066666667,-0.39885954679999996,-0.9954946066666667,-0.7485425585,-0.7485425585,-0.5988340428572964,-0.6668225466666667,4531.7900390625,4479.043994140625,74.99785215249462,63.51130095040662,55.858385179167264,27.103854852468938,1977.5,75.3499984741211,100.27999877929688,3.742000102996826,13.760000228881836,65891700.0
2023-07-20,8.419551722048142,-0.6645090357144137,-0.6010180627999999,-0.9954946066666667,-0.39885954679999996,-0.9954946066666667,-0.7485425585,-0.7485425585,-0.5988340428572964,4536.7560546875,4491.372021484375,67.93910980216,62.8016146904356,57.247031081420936,24.24661634523568,1968.300048828125,75.62999725341797,100.87999725341797,3.8540000915527344,13.989999771118164,70591600.0
2023-07-21,8.419875764062756,-0.6631825134288273,-0.6645090357144137,-0.6010180627999999,-0.9954946066666667,-0.39885954679999996,-0.9954946066666667,-0.7485425585,-0.7485425585,4542.9400390625,4505.110986328125,68.09318284910017,61.64714791976985,58.12705444909072,17.165410823242947,1964.300048828125,77.06999969482422,101.06999969482422,3.8369998931884766,13.600000381469727,71245400.0
2023-07-24,8.42390180255963,-0.7485425585,-0.7485425585,-0.6827942189999999,-0.6631825134288273,-0.6645090357144137,-0.6010180627999999,-0.9954946066666667,-0.39885954679999996,4549.31005859375,4519.622021484375,70.02479295338357,61.49997199245536,58.80163795776365,13.290874274724066,1960.300048828125,78.73999786376953,101.3499984741211,3.8570001125335693,13.90999984741211,54023400.0
2023-07-25,8.42671252213547,-0.7485425585,-0.7485425585,-0.7485425585,-0.6827942189999999,-0.6631825134288273,-0.6645090357144137,-0.6010180627999999,-0.9954946066666667,4551.8060546875,4532.442041015625,71.33400997105673,61.70647287605516,59.38260494142195,15.594152064676864,1962.0999755859375,79.62999725341797,101.3499984741211,3.9119999408721924,13.859999656677246,55191200.0
2023-07-26,8.426557071156793,-0.7485425585,-0.7485425585,-0.7485425585,-0.7485425585,-0.6827942189999999,-0.6631825134288273,-0.6645090357144137,-0.6010180627999999,4552.01201171875,4541.901025390625,71.14867671975759,61.108418588978566,59.727767670933275,15.828896610477004,1968.9000244140625,78.77999877929688,100.88999938964844,3.8510000705718994,13.1899995803833,71052900.0
2023-07-27,8.420111678101597,-0.7485425585,-0.7485425585,-0.7485425585,-0.7485425585,-0.7485425585,-0.6827942189999999,-0.6631825134288273,-0.6645090357144137,4552.52001953125,4544.638037109375,63.774526580474934,57.602964947092005,59.30280712616503,15.168183369661032,1945.4000244140625,80.08999633789062,101.7699966430664,4.01200008392334,14.40999984741211,92194400.0
2023-07-28,8.42994105391203,-0.7987634988,-0.7485425585,-0.7485425585,-0.7485425585,-0.7485425585,-0.7485425585,-0.6827942189999999,-0.6631825134288273,4561.698046875,4552.31904296875,69.05146763528522,57.77545345654471,58.99733639224097,16.733184902501108,1960.4000244140625,80.58000183105469,101.62000274658203,3.9690001010894775,13.329999923706055,80011800.0
2023-07-31,8.431408689348599,-0.7195124468,-0.7195124468,-0.99477378,-0.7987634988,-0.7485425585,-0.7485425585,-0.7485425585,-0.7485425585,4568.56201171875,4558.93603515625,69.76370553170631,57.78904883944597,58.75567888168197,19.860927115957,1970.5,81.80000305175781,101.86000061035156,3.9590001106262207,13.630000114440918,62040400.0
2023-08-01,8.428740044040916,-0.4993084885716205,-0.7195124468,-0.7195124468,-0.99477378,-0.7987634988,-0.7485425585,-0.7485425585,-0.7485425585,4570.416015625,4561.11103515625,66.75708229965,56.16552485601369,58.237648076548325,20.162714653389283,1940.699951171875,81.37000274658203,102.30000305175781,4.051000118255615,13.930000305175781,55291500.0
2023-08-02,8.41480384340258,-0.668756158,-0.4993084885716205,-0.7195124468,-0.7195124468,-0.99477378,-0.7987634988,-0.7485425585,-0.7485425585,4559.74404296875,4555.87802734375,53.82017462534961,49.20071910140359,56.430262281519376,32.7688741085379,1937.4000244140625,79.48999786376953,102.58999633789062,4.078000068664551,16.09000015258789,93933400.0
2023-08-03,8.412252617952289,-0.8113319666666666,-0.668756158,-0.4993084885716205,-0.7195124468,-0.7195124468,-0.99477378,-0.7987634988,-0.7485425585,4552.6400390625,4552.580029296875,51.85531318741295,42.26589158310344,53.59738814183619,41.50642738264337,1932.0,81.55000305175781,102.54000091552734,4.189000129699707,15.920000076293945,64276100.0
2023-08-04,8.40693844857835,-0.746406131,-0.8113319666666666,-0.668756158,-0.4993084885716205,-0.7195124468,-0.7195124468,-0.99477378,-0.7987634988,4531.8,4546.7490234375,47.9443149038243,34.447569709556774,49.76742445538031,48.50444121722198,1939.5999755859375,82.81999969482422,102.0199966430664,4.059999942779541,17.100000381469727,100052300.0
2023-08-07,8.415922067543207,-0.7508011835,-0.665744658,-0.6661940134288273,-0.746406131,-0.8113319666666666,-0.668756158,-0.4993084885716205,-0.7195124468,4517.69599609375,4543.12900390625,54.23918139253747,31.153141165215857,46.04456779734742,36.494310075318985,1933.5,81.94000244140625,102.05000305175781,4.078000068664551,15.770000457763672,58357500.0
2023-08-08,8.411694862443149,-0.665744658,-0.7508011835,-0.665744658,-0.6661940134288273,-0.746406131,-0.8113319666666666,-0.668756158,-0.4993084885716205,4502.2259765625,4536.32099609375,51.100400188971776,26.696554113991624,42.174965060676264,15.66205481850711,1924.0999755859375,82.91999816894531,102.52999877929688,4.026000022888184,15.989999771118164,71361300.0
2023-08-09,8.404631243341102,-0.668756158,-0.665744658,-0.7508011835,-0.665744658,-0.6661940134288273,-0.746406131,-0.8113319666666666,-0.668756158,4493.08994140625,4526.4169921875,46.3054162838885,20.37431631330128,37.81483531120127,20.19022669078622,1915.4000244140625,84.4000015258789,102.48999786376953,4.01200008392334,15.960000038146973,78789600.0
2023-08-10,8.404881925862183,-0.7489023685,-0.668756158,-0.665744658,-0.7508011835,-0.665744658,-0.6661940134288273,-0.746406131,-0.8113319666666666,4486.4779296875,4519.558984375,46.49664145127911,15.278164235827717,33.30750109612656,21.926496809475218,1914.4000244140625,82.81999969482422,102.5199966430664,4.079999923706055,15.850000381469727,93005500.0
2023-08-11,8.403811660962955,-0.665744658,-0.7489023685,-0.668756158,-0.665744658,-0.7508011835,-0.665744658,-0.6661940134288273,-0.746406131,4483.68193359375,4507.740966796875,45.74785281168385,10.730010006487646,28.792002878198776,24.06058355255078,1912.9000244140625,83.19000244140625,102.83999633789062,4.168000221252441,14.84000015258789,68664600.0
2023-08-14,8.409545665842373,-0.665744658,-0.665744658,-0.32985235333333335,-0.665744658,-0.7489023685,-0.668756158,-0.665744658,-0.7508011835,4477.93798828125,4497.8169921875,50.37002841517204,9.09214399873872,24.852031102306764,15.644678952861558,1910.5999755859375,82.51000213623047,103.19000244140625,4.184000015258789,14.819999694824219,47867400.0
2023-08-15,8.397927526446276,-0.665744658,-0.665744658,-0.665744658,-0.32985235333333335,-0.665744658,-0.7489023685,-0.668756158,-0.665744658,4465.633984375,4483.92998046875,42.493431131351365,3.5682933666139434,20.5952835551682,18.497179649569173,1902.5,80.98999786376953,103.20999908447266,4.2210001945495605,16.459999084472656,75707500.0
2023-08-16,8.390343444653652,-0.99477378,-0.665744658,-0.665744658,-0.665744658,-0.32985235333333335,-0.665744658,-0.7489023685,-0.668756158,4452.9580078125,4473.023974609375,38.32105112165074,-3.474914843287479,15.781243875477067,32.85970158761807,1896.0999755859375,79.37999725341797,103.41999816894531,4.257999897003174,16.780000686645508,80107200.0
2023-08-17,8.382600633276123,-0.2493403685,-0.99477378,-0.665744658,-0.665744658,-0.665744658,-0.32985235333333335,-0.665744658,-0.7489023685,4433.26396484375,4459.870947265625,34.61293990796072,-11.663372432960387,10.292320613789576,47.302997197415216,1884.0999755859375,80.38999938964844,103.44000244140625,4.308000087738037,17.889999389648438,95711300.0
2023-08-18,8.382451915392165,-0.749304231,-0.2493403685,-0.99477378,-0.665744658,-0.665744658,-0.665744658,-0.32985235333333335,-0.665744658,4414.39599609375,4449.03896484375,34.54407097592659,-17.99775879493427,4.634304732044807,50.64986779180774,1886.0999755859375,81.25,103.37999725341797,4.250999927520752,17.299999237060547,98758400.0
2023-08-21,8.389307550251965,-0.49930528352375,-0.4983517373333333,-0.665744658,-0.749304231,-0.2493403685,-0.99477378,-0.665744658,-0.665744658,4396.40595703125,4437.17197265625,40.44634889576876,-20.357541056297123,-0.364064425623579,28.21174472656725,1893.300048828125,80.72000122070312,103.33000183105469,4.3420000076293945,17.1299991607666,68719000.0
2023-08-22,8.38652621920542,-0.49662333000000003,-0.49930528352375,-0.4983517373333333,-0.665744658,-0.749304231,-0.2493403685,-0.99477378,-0.665744658,4386.3439453125,4425.98896484375,38.91028671406977,-22.949210495825355,-4.881093639663934,16.10430729555448,1896.4000244140625,80.3499984741211,103.55999755859375,4.328000068664551,16.969999313354492,65062900.0
2023-08-23,8.39751054991621,-0.7472987041175527,-0.49662333000000003,-0.49930528352375,-0.4983517373333333,-0.665744658,-0.749304231,-0.2493403685,-0.99477378,4392.6798828125,4422.8189453125,47.4355955913906,-20.852439406472513,-8.07536279302565,27.294079337943003,1918.5,78.88999938964844,103.36000061035156,4.197999954223633,15.979999542236328,68441000.0
2023-08-24,8.383961195932203,-0.002407691333333322,-0.7472987041175527,-0.49662333000000003,-0.49930528352375,-0.4983517373333333,-0.665744658,-0.749304231,-0.2493403685,4393.869921875,4413.566943359375,40.02508514449671,-23.73440518902771,-11.207171272226063,26.184795091091093,1918.199951171875,79.05000305175781,103.9800033569336,4.235000133514404,17.200000762939453,88517300.0
2023-08-25,8.3906566969925,-0.7491314185,-0.002407691333333322,-0.7472987041175527,-0.49662333000000003,-0.49930528352375,-0.4983517373333333,-0.665744658,-0.749304231,4401.069921875,4407.732958984375,44.61392329343074,-23.376586681397384,-13.641054354060328,22.58238687755194,1911.0999755859375,79.83000183105469,104.08000183105469,4.238999843597412,15.680000305175781,102325100.0
2023-08-28,8.396901775586695,-0.665744658,-0.665744658,-0.59937616493106,-0.7491314185,-0.002407691333333322,-0.7472987041175527,-0.49662333000000003,-0.49930528352375,4407.7779296875,4402.091943359375,48.59064049140673,-20.628127505617158,-15.038468984371695,26.704899427948295,1917.9000244140625,80.0999984741211,104.05999755859375,4.211999893188477,15.079999923706055,61595400.0
2023-08-29,8.411305844298752,-0.7492203085,-0.665744658,-0.665744658,-0.59937616493106,-0.7491314185,-0.002407691333333322,-0.7472987041175527,-0.49662333000000003,4429.7939453125,4408.0689453125,56.43994898187241,-13.1087717748851,-14.652529542474376,44.981324828165334,1936.5,81.16000366210938,103.55000305175781,4.122000217437744,14.449999809265137,83081900.0
2023-08-30,8.415131698479945,-0.37658425479999996,-0.7492203085,-0.665744658,-0.665744658,-0.59937616493106,-0.7491314185,-0.002407691333333322,-0.7472987041175527,4445.566015625,4419.12294921875,58.27872883586675,-5.692861588130654,-12.860595951605633,59.263829445587554,1944.300048828125,81.62999725341797,103.16000366210938,4.118000030517578,13.880000114440918,69053900.0
2023-08-31,8.413533485505605,-0.32985235333333335,-0.37658425479999996,-0.7492203085,-0.665744658,-0.665744658,-0.59937616493106,-0.7491314185,-0.002407691333333322,4471.83603515625,4432.852978515625,57.19143535766176,-0.3929532079027922,-10.367067402865064,49.1363689312826,1938.199951171875,83.62999725341797,103.62000274658203,4.0929999351501465,13.569999694824219,66084600.0
2023-09-01,8.415330998271124,-0.665744658,-0.32985235333333335,-0.37658425479999996,-0.7492203085,-0.665744658,-0.665744658,-0.59937616493106,-0.7491314185,4493.848046875,4447.458984375,58.137513560878084,4.410815422495034,-7.411490837793044,34.61367142817866,1939.800048828125,85.55000305175781,104.23999786376953,4.172999858856201,13.09000015258789,58875700.0
2023-09-05,8.411128000449741,-0.665744658,-0.9926460366666667,-0.665744658,-0.7993751868000001,-0.665744658,-0.32985235333333335,-0.37658425479999996,-0.7492203085,4506.55205078125,4457.164990234375,55.07618460618433,6.613307594273465,-4.606531151379743,9.076217658484687,1926.199951171875,86.69000244140625,104.80999755859375,4.26800012588501,14.010000228881836,55166200.0
2023-09-06,8.40413198595831,-0.665744658,-0.665744658,-0.9926460366666667,-0.665744658,-0.7993751868000001,-0.665744658,-0.32985235333333335,-0.37658425479999996,4500.1220703125,4464.9580078125,50.350126453175115,5.762679054349974,-2.5326891102337994,20.797220621314896,1918.0999755859375,87.54000091552734,104.86000061035156,4.289999961853027,14.449999809265137,70758500.0
2023-09-07,8.400915552842577,-0.8005344268,-0.665744658,-0.665744658,-0.9926460366666667,-0.665744658,-0.7993751868000001,-0.665744658,-0.32985235333333335,4487.37607421875,4466.471044921875,48.30817212606831,3.886641476868135,-1.2488229928134125,27.836668227952728,1917.5,86.87000274658203,105.05999755859375,4.260000228881836,14.399999618530273,70355400.0
2023-09-08,8.402341158904834,-0.665744658,-0.8005344268,-0.665744658,-0.665744658,-0.9926460366666667,-0.665744658,-0.7993751868000001,-0.665744658,4477.34208984375,4474.5890625,49.288945723927974,2.8790797522515277,-0.42324244380042453,27.739122279100293,1918.4000244140625,87.51000213623047,105.08999633789062,4.257999897003174,13.84000015258789,61659700.0
2023-09-11,8.40904211040297,-0.7667108640000001,-0.4026550916774614,-0.668756158,-0.665744658,-0.8005344268,-0.665744658,-0.665744658,-0.9926460366666667,4471.680078125,4482.7640625,53.749139746506756,4.4476169330819175,0.5509294315760439,19.641851180231736,1923.300048828125,87.29000091552734,104.56999969482422,4.288000106811523,13.800000190734863,60180100.0
2023-09-12,8.403329941379965,-0.5972966781883564,-0.7667108640000001,-0.4026550916774614,-0.668756158,-0.665744658,-0.8005344268,-0.665744658,-0.665744658,4464.69404296875,4485.623046875,49.73171033191685,3.586863703370909,1.1581162859350171,13.805027828981729,1911.300048828125,88.83999633789062,104.70999908447266,4.263999938964844,14.229999542236328,67565400.0
2023-09-13,8.4045708034975,-0.665744658,-0.5972966781883564,-0.7667108640000001,-0.4026550916774614,-0.668756158,-0.665744658,-0.8005344268,-0.665744658,4465.08603515625,4482.604052734375,50.59368570737015,3.313548890738275,1.5892028068956687,13.860638013234588,1909.0999755859375,88.5199966430664,104.7699966430664,4.249000072479248,13.479999542236328,60199300.0
2023-09-14,8.412965389031166,-0.665744658,-0.665744658,-0.5972966781883564,-0.7667108640000001,-0.4026550916774614,-0.668756158,-0.665744658,-0.8005344268,4475.87802734375,4481.62705078125,56.10403721134336,6.065881101458217,2.4845384658081784,19.954766236323408,1910.0,90.16000366210938,105.41000366210938,4.288000106811523,12.819999694824219,83430800.0
2023-09-15,8.400731243188673,-0.6631825101291023,-0.665744658,-0.665744658,-0.5972966781883564,-0.7667108640000001,-0.4026550916774614,-0.668756158,-0.665744658,4474.4439453125,4475.893017578125,47.759808738422166,3.7832035438868843,2.7442714814239197,21.780717633612447,1923.699951171875,90.7699966430664,105.31999969482422,4.322000026702881,13.789999961853027,111761400.0
2023-09-18,8.401452270882848,-0.499308427904145,-0.2493403685,-0.99477378,-0.6631825101291023,-0.665744658,-0.665744658,-0.5972966781883564,-0.7667108640000001,4467.65791015625,4469.668994140625,48.24554447008198,2.207732785317603,2.6369637422026564,21.996208247800052,1931.5,91.4800033569336,105.19999694824219,4.318999767303467,14.0,55752200.0
2023-09-19,8.399298943521314,-0.665744658,-0.499308427904145,-0.2493403685,-0.99477378,-0.6631825101291023,-0.665744658,-0.665744658,-0.5972966781883564,4464.06796875,4464.381005859375,46.8456465069639,0.18404644522433955,2.146380282806993,24.49385331958076,1932.0,91.19999694824219,105.19999694824219,4.364999771118164,14.109999656677246,66514600.0
2023-09-20,8.389859739315023,-0.8302576983978845,-0.665744658,-0.499308427904145,-0.2493403685,-0.99477378,-0.6631825101291023,-0.665744658,-0.665744658,4451.02001953125,4458.05302734375,41.230603241599496,-4.734044521461328,0.770295321953329,36.622403314803385,1945.5999755859375,90.27999877929688,105.16000366210938,4.348999977111816,15.140000343322754,82562600.0
2023-09-21,8.373322820996535,-0.99477378,-0.8302576983978845,-0.665744658,-0.499308427904145,-0.2493403685,-0.99477378,-0.6631825101291023,-0.665744658,4416.0,4445.939013671875,33.70636744894395,-14.292860209502578,-2.242335784337852,52.330639055196094,1919.199951171875,89.62999725341797,105.36000061035156,4.480000019073486,17.540000915527344,103976100.0
2023-09-22,8.371024583593774,-0.9954946066666667,-0.99477378,-0.8302576983978845,-0.665744658,-0.499308427904145,-0.2493403685,-0.99477378,-0.6631825101291023,4389.948046875,4432.19599609375,32.818413534024415,-22.41200902075161,-6.276270431620604,62.42412164018337,1925.4000244140625,90.02999877929688,105.58000183105469,4.438000202178955,17.200000762939453,100829700.0
2023-09-25,8.375039577797581,-0.665744658,-0.665744658,-0.7492203085,-0.9954946066666667,-0.99477378,-0.8302576983978845,-0.665744658,-0.499308427904145,4366.730078125,4417.193994140625,35.9934630924873,-27.131328588445285,-10.447282062985542,53.865984588759105,1916.5999755859375,89.68000030517578,106.0,4.541999816894531,16.899999618530273,70874500.0
2023-09-26,8.360195412315317,-0.665744658,-0.665744658,-0.665744658,-0.7492203085,-0.9954946066666667,-0.99477378,-0.8302576983978845,-0.665744658,4332.64599609375,4398.356982421875,30.319021247932298,-35.61785833705562,-15.481397317799559,46.15436613775126,1900.4000244140625,90.38999938964844,106.2300033569336,4.558000087738037,18.940000534057617,96168400.0
2023-09-27,8.360424700087611,-0.99477378,-0.665744658,-0.665744658,-0.665744658,-0.7492203085,-0.9954946066666667,-0.99477378,-0.8302576983978845,4307.10791015625,4379.06396484375,30.499953851472284,-41.78277228119896,-20.741672310479437,30.83004845807405,1871.5999755859375,93.68000030517578,106.66999816894531,4.625999927520752,18.219999313354492,104705800.0
2023-09-28,8.366300577230612,-0.7492203085,-0.99477378,-0.665744658,-0.665744658,-0.665744658,-0.7492203085,-0.9954946066666667,-0.99477378,4301.04794921875,4358.523974609375,35.160582833037054,-44.12718314804988,-25.41877447799353,28.058770378798847,1860.4000244140625,91.70999908447266,106.22000122070312,4.5970001220703125,17.34000015258789,92258300.0
2023-09-29,8.363587317582322,-0.99477378,-0.7492203085,-0.99477378,-0.665744658,-0.665744658,-0.665744658,-0.7492203085,-0.9954946066666667,4294.6458984375,4342.29697265625,34.024168876816674,-46.39047429702896,-29.61311444180062,26.228508192520287,1848.0999755859375,90.79000091552734,106.16999816894531,4.572999954223633,17.520000457763672,115078500.0
2023-10-02,8.363666681988475,-0.7489023685,-0.99952716,-0.99477378,-0.99477378,-0.7492203085,-0.99477378,-0.665744658,-0.665744658,4284.8359375,4325.7830078125,34.09118372330259,-47.60789273550836,-33.212070100542164,10.935793765367608,1830.0,88.81999969482422,106.9000015258789,4.683000087738037,17.610000610351562,83798600.0
2023-10-03,8.349827286125027,-0.5953180031541689,-0.7489023685,-0.99952716,-0.99477378,-0.99477378,-0.7492203085,-0.99477378,-0.665744658,4276.02001953125,4304.3330078125,28.6614779570356,-52.720932219880524,-37.11384252440983,27.5205180265384,1824.5999755859375,89.2300033569336,107.0,4.802000045776367,19.780000686645508,103760600.0
2023-10-04,8.357904333732856,-0.6231839626232023,-0.5953180031541689,-0.7489023685,-0.99952716,-0.99477378,-0.99477378,-0.7492203085,-0.99477378,4273.86806640625,4290.48798828125,35.1359574190175,-53.38989973575826,-40.36905396667952,28.08306273793437,1818.5,84.22000122070312,106.80000305175781,4.735000133514404,18.579999923706055,87453000.0
2023-10-05,8.35659945258586,0.002608360000000004,-0.6231839626232023,-0.5953180031541689,-0.7489023685,-0.99952716,-0.99477378,-0.99477378,-0.7492203085,4265.566015625,4283.306982421875,34.58796050970547,-53.74912511623825,-43.045068196591274,24.436234032606578,1816.5999755859375,82.30999755859375,106.33000183105469,4.7170000076293945,18.489999771118164,70142700.0
2023-10-06,8.368345094679821,-0.498853407,0.002608360000000004,-0.6231839626232023,-0.5953180031541689,-0.7489023685,-0.99952716,-0.99477378,-0.99477378,4269.6560546875,4282.1509765625,43.217730174721034,-49.40470585282401,-44.31699572783782,30.177318804141418,1830.199951171875,82.79000091552734,106.04000091552734,4.783999919891357,17.450000762939453,113202700.0
2023-10-09,8.37462916279921,-0.3357378481291023,-0.6682185620135714,-0.49866076357162054,-0.498853407,0.002608360000000004,-0.6231839626232023,-0.5953180031541689,-0.7489023685,4279.11005859375,4281.972998046875,47.262754008709614,-43.27131982476112,-44.10786054722249,42.43043402161175,1849.5,86.37999725341797,106.08000183105469,4.796999931335449,17.700000762939453,80374400.0
2023-10-10,8.379823638899195,-0.486947394590604,-0.3357378481291023,-0.6682185620135714,-0.49866076357162054,-0.498853407,0.002608360000000004,-0.6231839626232023,-0.5953180031541689,4304.86806640625,4290.44404296875,50.424680143387754,-36.17158015377481,-42.52060446853295,43.816306299037755,1861.0,85.97000122070312,105.83000183105469,4.65500020980835,17.030000686645508,78607300.0
2023-10-11,8.38410745839929,-0.665744658,-0.486947394590604,-0.3357378481291023,-0.6682185620135714,-0.49866076357162054,-0.498853407,0.002608360000000004,-0.6231839626232023,4327.50810546875,4300.6880859375,52.942338183271225,-28.704361816491655,-39.75735593812469,46.42670532590915,1872.800048828125,83.48999786376953,105.81999969482422,4.59499979019165,16.09000015258789,62451700.0
2023-10-12,8.377841433458634,-0.596973764,-0.665744658,-0.486947394590604,-0.3357378481291023,-0.6682185620135714,-0.49866076357162054,-0.498853407,0.002608360000000004,4345.79208984375,4305.679052734375,49.02438737172613,-24.707856992719826,-36.74745614904372,25.65986786772166,1869.300048828125,82.91000366210938,106.56999969482422,4.711999893188477,16.690000534057617,81154200.0
2023-10-13,8.372809937798415,-0.597132184510932,-0.596973764,-0.665744658,-0.486947394590604,-0.3357378481291023,-0.6682185620135714,-0.49866076357162054,-0.498853407,4349.648046875,4309.65205078125,46.091388844592466,-23.036551958509335,-34.005275310936845,19.320432241946126,1927.4000244140625,87.69000244140625,106.6500015258789,4.629000186920166,19.31999969482422,95143100.0
2023-10-16,8.383348580101005,-0.9914599675,-0.7489023685,-0.9959743533333333,-0.597132184510932,-0.596973764,-0.665744658,-0.486947394590604,-0.3357378481291023,4357.2419921875,4318.176025390625,52.51690926402714,-17.80704248096754,-30.765628744942987,19.90127980691528,1921.0999755859375,86.66000366210938,106.23999786376953,4.711999893188477,17.209999084472656,75433200.0
2023-10-17,8.38325033022156,-0.3894888548,-0.9914599675,-0.7489023685,-0.9959743533333333,-0.597132184510932,-0.596973764,-0.665744658,-0.486947394590604,4360.233984375,4332.551025390625,52.45380999303238,-13.54119625234216,-27.320742246422824,21.17280936175034,1922.699951171875,86.66000366210938,106.25,4.8470001220703125,17.8799991607666,75324700.0
2023-10-18,8.36975992197041,-0.8211092956666667,-0.3894888548,-0.9914599675,-0.7489023685,-0.9959743533333333,-0.597132184510932,-0.596973764,-0.665744658,4347.76396484375,4337.63603515625,44.58599792829514,-14.719345074260673,-24.800462811990393,26.54554764211885,1955.300048828125,88.31999969482422,106.56999969482422,4.9039998054504395,19.219999313354492,93559800.0
2023-10-19,8.361240889642351,-0.665744658,-0.8211092956666667,-0.3894888548,-0.9914599675,-0.7489023685,-0.9959743533333333,-0.597132184510932,-0.596973764,4333.4419921875,4339.617041015625,40.49997942327763,-18.394320231256643,-23.519234295843646,40.794219395419674,1968.4000244140625,89.37000274658203,106.25,4.98799991607666,21.399999618530273,121323000.0
2023-10-20,8.348575740446195,-0.4241280031654503,-0.665744658,-0.8211092956666667,-0.3894888548,-0.9914599675,-0.7489023685,-0.9959743533333333,-0.597132184510932,4312.71806640625,4331.183056640625,35.3655882415667,-25.358868699201594,-23.887161176515235,64.06974114743764,1982.5,88.75,106.16000366210938,4.923999786376953,21.709999084472656,123845800.0
2023-10-23,8.34688874838076,-0.7891384548,-0.5873152239999999,-0.7368291935,-0.4241280031654503,-0.665744658,-0.8211092956666667,-0.3894888548,-0.9914599675,4281.40009765625,4319.321044921875,34.73838001333111,-31.094420366262057,-25.3286130144646,65.11468081038147,1976.300048828125,85.48999786376953,105.54000091552734,4.8379998207092285,20.3700008392334,92035100.0
2023-10-24,8.35412827190039,-0.665744658,-0.7891384548,-0.5873152239999999,-0.7368291935,-0.4241280031654503,-0.665744658,-0.8211092956666667,-0.3894888548,4256.29609375,4308.2650390625,39.69486078760321,-32.78950640287712,-26.820791692147107,40.368325358768146,1975.0,83.73999786376953,106.2699966430664,4.840000152587891,18.969999313354492,78564200.0
2023-10-25,8.339684837243151,-0.746415095975,-0.665744658,-0.7891384548,-0.5873152239999999,-0.7368291935,-0.4241280031654503,-0.665744658,-0.8211092956666667,4230.730078125,4289.247021484375,34.143413596114925,-38.60282551813998,-29.177198457345686,34.222869251305646,1984.0999755859375,85.38999938964844,106.52999877929688,4.953000068664551,20.190000534057617,94223200.0
2023-10-26,8.327781756037567,-0.7979530468,-0.746415095975,-0.665744658,-0.7891384548,-0.5873152239999999,-0.7368291935,-0.4241280031654503,-0.665744658,4202.57607421875,4268.009033203125,30.41739313739879,-46.66941397504888,-32.675641560886326,42.512945637363906,1987.199951171875,83.20999908447266,106.5999984741211,4.84499979019165,20.68000030517578,115156800.0
2023-10-27,8.322969917458945,-0.665744658,-0.7979530468,-0.746415095975,-0.665744658,-0.7891384548,-0.5873152239999999,-0.7368291935,-0.4241280031654503,4181.21806640625,4246.96806640625,29.048809847494567,-54.041808110730926,-36.94887487085525,54.182013193834145,1988.5999755859375,85.54000091552734,106.55999755859375,4.84499979019165,21.270000457763672,107367700.0
2023-10-30,8.334908391759232,-0.4851180032213556,-0.665744658,-0.4983508497429027,-0.665744658,-0.7979530468,-0.746415095975,-0.665744658,-0.7891384548,4171.1740234375,4226.287060546875,36.68737385223898,-55.2573333471837,-40.610566566120944,50.4044736909869,1996.199951171875,82.30999755859375,106.12000274658203,4.875,19.75,86562700.0
2023-10-31,8.341362476580919,-0.8320321656666666,-0.4851180032213556,-0.665744658,-0.4983508497429027,-0.665744658,-0.7979530468,-0.746415095975,-0.665744658,4160.39794921875,4208.347021484375,40.454119948226975,-53.42770557940821,-43.173994368778395,32.559789715035414,1985.199951171875,81.0199966430664,106.66000366210938,4.875,18.139999389648438,79665200.0
2023-11-01,8.351813671571112,-0.665744658,-0.8320321656666666,-0.4851180032213556,-0.665744658,-0.4983508497429027,-0.665744658,-0.7979530468,-0.746415095975,4170.61591796875,4200.672998046875,46.09436893549021,-47.87061128003188,-44.11331775102909,47.49575569439889,1978.800048828125,80.44000244140625,106.87999725341797,4.789000034332275,16.8700008392334,98068100.0
2023-11-02,8.370496610505198,-0.7359045668,-0.665744658,-0.8320321656666666,-0.4851180032213556,-0.665744658,-0.4983508497429027,-0.665744658,-0.7979530468,4206.72587890625,4204.6509765625,54.51115243199212,-36.595850055106894,-42.60982421184465,75.90507859197477,1985.5999755859375,82.45999908447266,106.12000274658203,4.669000148773193,15.65999984741211,94938900.0
2023-11-03,8.37984649404975,-0.665744658,-0.7359045668,-0.665744658,-0.8320321656666666,-0.4851180032213556,-0.665744658,-0.4983508497429027,-0.665744658,4254.91982421875,4218.0689453125,58.08783443049566,-24.1097407169309,-38.9098075128619,81.29480946468549,1991.5,80.51000213623047,105.0199966430664,4.558000087738037,14.90999984741211,100110800.0
2023-11-06,8.38159795177385,-0.99974818,-0.32985235333333335,-0.6724879408,-0.665744658,-0.7359045668,-0.665744658,-0.8320321656666666,-0.4851180032213556,4294.75185546875,4232.962939453125,58.74584121312996,-13.442951944876768,-33.81643639926488,75.9525821193189,1981.5999755859375,80.81999969482422,105.22000122070312,4.6620001792907715,14.890000343322754,67831700.0
2023-11-07,8.384434045175562,-0.7485425585,-0.99974818,-0.32985235333333335,-0.6724879408,-0.665744658,-0.7359045668,-0.665744658,-0.8320321656666666,4331.66787109375,4246.03291015625,59.847642157674805,-3.9434192220287514,-27.841832963817655,57.147940196275144,1966.800048828125,77.37000274658203,105.54000091552734,4.571000099182129,14.8100004196167,64256100.0
2023-11-08,8.385438456207982,-0.49930839116382497,-0.7485425585,-0.99974818,-0.32985235333333335,-0.6724879408,-0.665744658,-0.7359045668,-0.665744658,4360.65185546875,4265.63388671875,60.25328711178339,3.8951632318066913,-21.49443372469279,25.863473050033427,1951.5,75.33000183105469,105.58999633789062,4.5229997634887695,14.449999809265137,61746000.0
2023-11-09,8.377321765508913,-0.665744658,-0.49930839116382497,-0.7485425585,-0.99974818,-0.32985235333333335,-0.6724879408,-0.665744658,-0.7359045668,4366.56591796875,4286.6458984375,55.39981737761952,7.165813579035785,-15.762384263947077,14.488949449426546,1964.199951171875,75.73999786376953,105.91000366210938,4.630000114440918,15.289999961853027,83174400.0
2023-11-10,8.392817524779685,-0.665744658,-0.665744658,-0.49930839116382497,-0.7485425585,-0.99974818,-0.32985235333333335,-0.6724879408,-0.665744658,4377.94599609375,4316.43291015625,61.756785269163544,15.062364631163291,-9.597434484925003,24.968522756162304,1932.5999755859375,77.16999816894531,105.86000061035156,4.627999782562256,14.170000076293945,89462200.0
2023-11-13,8.391981336338315,-0.7492203085,-0.99477378,-0.7208384535,-0.665744658,-0.665744658,-0.49930839116382497,-0.7485425585,-0.99974818,4387.0599609375,4340.905908203125,61.24575770255568,20.78307702307393,-3.5213321833252174,27.67858902067649,1945.5,78.26000213623047,105.66000366210938,4.631999969482422,14.760000228881836,52236100.0
2023-11-14,8.410876706812893,-0.7887773647999999,-0.7492203085,-0.99477378,-0.7208384535,-0.665744658,-0.665744658,-0.49930839116382497,-0.7485425585,4410.5240234375,4371.095947265625,67.79068742640243,31.741124137555744,3.5311590808509754,54.86110367209491,1961.800048828125,78.26000213623047,104.11000061035156,4.440999984741211,14.15999984741211,97176900.0
2023-11-15,8.41247244502074,-0.7979530468,-0.7887773647999999,-0.7492203085,-0.99477378,-0.7208384535,-0.665744658,-0.665744658,-0.49930839116382497,4434.54404296875,4397.59794921875,68.2828560233703,40.53750507753375,10.932428280187532,65.02695228934166,1960.0999755859375,76.66000366210938,104.38999938964844,4.534999847412109,14.180000305175781,77327600.0
2023-11-16,8.413662164417453,-0.99477378,-0.7979530468,-0.7887773647999999,-0.7492203085,-0.99477378,-0.7208384535,-0.665744658,-0.665744658,4466.7220703125,4416.643994140625,68.6677984425649,47.394897048854546,18.224922033920933,48.901010741376986,1983.9000244140625,72.9000015258789,104.37000274658203,4.445000171661377,14.319999694824219,66665800.0
2023-11-17,8.414943392354632,-0.3902260648,-0.99477378,-0.7979530468,-0.7887773647999999,-0.7492203085,-0.99477378,-0.7208384535,-0.665744658,4486.47802734375,4432.21201171875,69.10322800414332,52.68845029185468,25.117627685507685,42.42777033917129,1981.5999755859375,75.88999938964844,103.81999969482422,4.440999984741211,13.800000190734863,83133200.0
2023-11-20,8.422306496148426,-0.749304231,-0.7887773647999999,-0.737750706,-0.3902260648,-0.99477378,-0.7979530468,-0.7887773647999999,-0.7492203085,4513.64404296875,4450.352001953125,71.55994265851452,58.896568561178356,31.87341586064182,20.033086433679347,1977.699951171875,77.5999984741211,103.47000122070312,4.421999931335449,13.40999984741211,69936200.0
2023-11-21,8.42028352021667,-0.49930839116382497,-0.749304231,-0.7887773647999999,-0.737750706,-0.3902260648,-0.99477378,-0.7979530468,-0.7887773647999999,4522.1419921875,4466.3330078125,69.91079696466181,62.35619218067677,37.96997112464881,19.523972220120516,1999.300048828125,77.7699966430664,103.56999969482422,4.418000221252441,13.350000381469727,49244600.0
2023-11-22,8.424336425310983,-0.9963982733333333,-0.49930839116382497,-0.749304231,-0.7887773647999999,-0.737750706,-0.3902260648,-0.99477378,-0.7979530468,4532.8900390625,4483.717041015625,71.33740907077991,65.82632508242841,43.54124191620473,21.005068750264225,1991.4000244140625,77.0999984741211,103.91999816894531,4.415999889373779,12.850000381469727,59394900.0
2023-11-24,8.424933120920628,-0.7475294935,-0.5700446976821857,-0.9963982733333333,-0.49930839116382497,-0.749304231,-0.7887773647999999,-0.737750706,-0.3902260648,4543.1099609375,4504.916015625,71.55176279311937,68.0118908698978,48.43537170694335,18.26606781735457,2002.199951171875,75.54000091552734,103.4000015258789,4.4720001220703125,12.460000038146973,29737400.0
2023-11-27,8.422977051603729,-0.7207279435,-0.7475294935,-0.8316186773333333,-0.7475294935,-0.5700446976821857,-0.9963982733333333,-0.49930839116382497,-0.749304231,4550.3919921875,4518.435009765625,69.71248590332348,68.23842171020988,52.39598170759666,8.318922597646214,2011.800048828125,74.86000061035156,103.19999694824219,4.388999938964844,12.6899995803833,50506000.0
2023-11-28,8.42395669013178,-0.99477378,-0.7207279435,-0.7475294935,-0.8316186773333333,-0.7475294935,-0.5700446976821857,-0.9963982733333333,-0.49930839116382497,4551.89404296875,4532.76904296875,70.12645484505968,67.99403766603609,55.515592899284556,8.317115054697402,2039.699951171875,76.41000366210938,102.75,4.335999965667725,12.6899995803833,62115000.0
2023-11-29,8.423009993516677,-0.45384677693106,-0.99477378,-0.7207279435,-0.7475294935,-0.8316186773333333,-0.7475294935,-0.5700446976821857,-0.9963982733333333,4554.3720703125,4538.25703125,69.14292246041377,66.68388551949192,57.74925142332603,3.8703558533334275,2047.0999755859375,77.86000061035156,102.7699966430664,4.270999908447266,12.979999542236328,63146000.0
2023-11-30,8.426786924781672,-0.7475294935,-0.45384677693106,-0.99477378,-0.7207279435,-0.7475294935,-0.8316186773333333,-0.7475294935,-0.5700446976821857,4556.6080078125,4544.7490234375,70.89899528986774,66.2711361216925,59.453628362999325,7.248652821379337,2038.0999755859375,75.95999908447266,103.5,4.3520002365112305,12.920000076293945,79752700.0
2023-12-01,8.432643483735518,-0.9963982733333333,-0.7475294935,-0.45384677693106,-0.99477378,-0.7207279435,-0.7475294935,-0.8316186773333333,-0.7475294935,4563.666015625,4553.38798828125,73.43568167069296,67.33282147388218,61.0294669851759,18.70357285667109,2071.0,74.06999969482422,103.2699966430664,4.22599983215332,12.630000114440918,89097900.0
2023-12-04,8.427220295671692,-0.744147506,-0.99653277,-0.6096059794572964,-0.9963982733333333,-0.7475294935,-0.45384677693106,-0.99477378,-0.7207279435,4567.5359375,4558.96396484375,67.5614807210497,65.41495666357332,61.90656492085539,17.223557960958868,2024.0999755859375,73.04000091552734,103.63999938964844,4.288000106811523,13.079999923706055,72430900.0
2023-12-05,8.426651264077757,-0.4466758333333333,-0.744147506,-0.99653277,-0.6096059794572964,-0.9963982733333333,-0.7475294935,-0.45384677693106,-0.99477378,4569.9939453125,4560.943994140625,66.95807516160824,62.95951019066888,62.11715397481809,15.784526222759666,2018.5,72.31999969482422,104.05000305175781,4.171000003814697,12.850000381469727,69793500.0
2023-12-06,8.422737412132813,-0.99477378,-0.4466758333333333,-0.744147506,-0.99653277,-0.6096059794572964,-0.9963982733333333,-0.7475294935,-0.45384677693106,4569.7458984375,4562.058984375,62.812043695587604,58.89507965595021,61.47273911104452,16.170892896089097,2030.5,69.37999725341797,104.1500015258789,4.120999813079834,12.970000267028809,69124700.0
2023-12-07,8.430674022817636,-0.7987634988,-0.99477378,-0.4466758333333333,-0.744147506,-0.99653277,-0.6096059794572964,-0.9963982733333333,-0.7475294935,4573.30390625,4564.95595703125,67.24952915319318,57.93126565118837,60.76444441907329,17.535231196364247,2029.9000244140625,69.33999633789062,103.54000091552734,4.129000186920166,13.0600004196167,66995400.0
2023-12-08,8.43476115696414,-0.3972986600572964,-0.7987634988,-0.99477378,-0.4466758333333333,-0.744147506,-0.99653277,-0.6096059794572964,-0.9963982733333333,4575.251953125,4569.458984375,69.29380376705177,58.01409682593385,60.21437490044541,20.744126186542225,1998.300048828125,71.2300033569336,104.01000213623047,4.244999885559082,12.350000381469727,83080900.0
2023-12-11,8.43867797051192,-0.67077731,-0.5993762460940422,-0.9954946066666667,-0.3972986600572964,-0.7987634988,-0.99477378,-0.4466758333333333,-0.744147506,4585.783984375,4576.6599609375,71.15917819407773,58.85933119595211,59.94336615954675,28.99749251862584,1978.0,71.31999969482422,104.0999984741211,4.238999843597412,12.630000114440918,65002200.0
2023-12-12,8.443266783307612,-0.33181471263333334,-0.67077731,-0.5993762460940422,-0.9954946066666667,-0.3972986600572964,-0.7987634988,-0.99477378,-0.4466758333333333,4601.08798828125,4585.540966796875,73.2204817834014,60.546764917735345,60.06404591118447,36.05738969622802,1977.800048828125,68.61000061035156,103.87000274658203,4.205999851226807,12.069999694824219,68327600.0
2023-12-13,8.456825128482633,-0.7987634988,-0.33181471263333334,-0.67077731,-0.5993762460940422,-0.9954946066666667,-0.3972986600572964,-0.7987634988,-0.99477378,4632.63798828125,4601.191943359375,78.21905095993793,66.23556084385928,61.298348897719436,46.856301089643395,1982.300048828125,69.47000122070312,102.87000274658203,4.0329999923706055,12.1899995803833,93278000.0
2023-12-14,8.459468693667787,-0.665744658,-0.7987634988,-0.33181471263333334,-0.67077731,-0.5993762460940422,-0.9954946066666667,-0.3972986600572964,-0.7987634988,4659.42998046875,4616.366943359375,79.04694236875409,70.93173048077915,63.22502521433138,51.31552763915203,2030.199951171875,71.58000183105469,101.95999908447266,3.930000066757202,12.479999542236328,119026000.0
2023-12-15,8.459392441267338,-0.99477378,-0.665744658,-0.7987634988,-0.33181471263333334,-0.67077731,-0.5993762460940422,-0.9954946066666667,-0.3972986600572964,4682.3939453125,4628.82294921875,78.95360102306421,73.77401981512321,65.33482413448975,45.92406636915701,2021.0999755859375,71.43000030517578,102.55000305175781,3.927999973297119,12.279999732971191,141319300.0
2023-12-18,8.463910563530739,-0.736621568,-0.49665283,-0.9954946066666667,-0.99477378,-0.665744658,-0.7987634988,-0.33181471263333334,-0.67077731,4706.01796875,4645.9009765625,80.43136022523717,76.86489380069088,67.64083806772999,36.8592634913319,2026.300048828125,72.47000122070312,102.51000213623047,3.9539999961853027,12.5600004196167,70375300.0
2023-12-19,8.469759830981559,-0.5697258334023857,-0.736621568,-0.49665283,-0.9954946066666667,-0.99477378,-0.665744658,-0.7987634988,-0.33181471263333334,4730.951953125,4666.019970703125,82.18445233237513,80.62903172505958,70.23847679919591,24.13601492062455,2038.4000244140625,73.44000244140625,102.16999816894531,3.921999931335449,12.529999732971191,55761800.0
2023-12-20,8.454966683016252,-0.99477378,-0.5697258334023857,-0.736621568,-0.49665283,-0.9954946066666667,-0.99477378,-0.665744658,-0.7987634988,4729.20400390625,4680.92099609375,66.1224989472338,77.07365068638683,71.60551157663409,26.497136396309987,2034.5,74.22000122070312,102.41000366210938,3.877000093460083,13.670000076293945,102921000.0
2023-12-21,8.465215452323525,-0.9941438533333334,-0.99477378,-0.5697258334023857,-0.736621568,-0.49665283,-0.9954946066666667,-0.99477378,-0.665744658,4734.64404296875,4697.03701171875,70.42516783018709,77.2707244107296,72.7385541434532,26.809892018514194,2039.0999755859375,73.88999938964844,101.83999633789062,3.8940000534057617,13.649999618530273,86667500.0
2023-12-22,8.466874134476285,-0.197300564,-0.9941438533333334,-0.99477378,-0.5697258334023857,-0.736621568,-0.49665283,-0.9954946066666667,-0.99477378,4741.73203125,4712.06298828125,71.06940224660251,77.17314348566288,73.62547201189514,26.38412349291636,2057.10009765625,73.55999755859375,101.69999694824219,3.9010000228881836,13.029999732971191,67126600.0
2023-12-26,8.471096895523264,-0.9954946066666667,-0.99477378,-0.665744658,-0.995607515,-0.197300564,-0.9941438533333334,-0.99477378,-0.5697258334023857,4748.57001953125,4727.293994140625,72.70437353344816,77.82224876461987,74.46482736244009,30.164176649439046,2058.199951171875,75.56999969482422,101.47000122070312,3.885999917984009,12.989999771118164,55387000.0
2023-12-27,8.472526331139687,-0.9941438533333334,-0.9954946066666667,-0.99477378,-0.665744658,-0.995607515,-0.197300564,-0.9941438533333334,-0.99477378,4751.21201171875,4741.081982421875,73.25688907363204,77.98879333486093,75.16962055692426,32.795692168812316,2081.89990234375,74.11000061035156,100.98999786376953,3.7890000343322754,12.430000305175781,68000300.0
2023-12-28,8.472896437250014,-0.8311169156666667,-0.9941438533333334,-0.9954946066666667,-0.99477378,-0.665744658,-0.995607515,-0.197300564,-0.9941438533333334,4768.21201171875,4748.7080078125,73.4071181186344,77.37171393415429,75.61003923237027,16.55071228603939,2073.89990234375,71.7699966430664,101.2300033569336,3.8499999046325684,12.470000267028809,77158100.0
2023-12-29,8.47006596021328,-0.9954946066666667,-0.8311169156666667,-0.9941438533333334,-0.9954946066666667,-0.99477378,-0.665744658,-0.995607515,-0.197300564,4772.82802734375,4753.73603515625,70.16487426374944,74.92799815692979,75.47363101728217,11.523524844086154,2062.39990234375,71.6500015258789,101.33000183105469,3.865999937057495,12.449999809265137,122234100.0
2024-01-02,8.464389299413558,-0.4325045049114312,-0.15277201772969543,-0.99477378,-0.4799762556666667,-0.9954946066666667,-0.8311169156666667,-0.9941438533333334,-0.9954946066666667,4770.46806640625,4756.100048828125,64.07808643187488,70.00567954905364,74.38004072363647,16.370888141353838,2064.39990234375,70.37999725341797,102.19999694824219,3.946000099182129,13.199999809265137,123623700.0
2024-01-03,8.45634068108636,-0.320619973571494,-0.4325045049114312,-0.15277201772969543,-0.99477378,-0.4799762556666667,-0.9954946066666667,-0.8311169156666667,-0.9941438533333334,4756.480078125,4752.525048828125,56.62843084397233,62.3184405683196,71.9677206925731,33.114739422083424,2034.199951171875,72.69999694824219,102.45999908447266,3.9070000648498535,14.039999961853027,103585900.0
2024-01-04,8.452906409423042,-0.37494652445808996,-0.320619973571494,-0.4325045049114312,-0.15277201772969543,-0.99477378,-0.4799762556666667,-0.9954946066666667,-0.8311169156666667,4737.90009765625,4744.5560546875,53.772232964222546,54.2987790277939,68.43393235961726,40.70344658225002,2042.300048828125,72.19000244140625,102.41999816894531,3.990999937057495,14.130000114440918,84232200.0
2024-01-05,8.454730431062476,-0.18823838805152998,-0.37494652445808996,-0.320619973571494,-0.4325045049114312,-0.15277201772969543,-0.99477378,-0.4799762556666667,-0.9954946066666667,4720.678125,4744.445068359375,55.06745722302309,48.07963259152348,64.36307240599851,34.39339517219539,2042.4000244140625,73.80999755859375,102.41000366210938,4.041999816894531,13.350000381469727,86060800.0
2024-01-08,8.46874637649883,-0.48922715965417096,-0.4862296418356275,-0.0893375593717301,-0.18823838805152998,-0.37494652445808996,-0.320619973571494,-0.4325045049114312,-0.15277201772969543,4719.4201171875,4746.124072265625,63.57909259404013,47.948039232291194,61.080065771257054,32.19059951562166,2026.5999755859375,70.7699966430664,102.20999908447266,4.001999855041504,13.079999923706055,74879100.0
2024-01-09,8.467267382646511,-0.36254373379649873,-0.48922715965417096,-0.4862296418356275,-0.0893375593717301,-0.18823838805152998,-0.37494652445808996,-0.320619973571494,-0.4325045049114312,4722.1541015625,4746.311083984375,62.231040790125874,46.73692406286682,58.211437429579014,35.12284468184602,2026.4000244140625,72.23999786376953,102.56999969482422,4.019000053405762,12.760000228881836,65931400.0
2024-01-10,8.472917363297007,-0.48563540280698314,-0.36254373379649873,-0.48922715965417096,-0.4862296418356275,-0.0893375593717301,-0.18823838805152998,-0.37494652445808996,-0.320619973571494,4737.88212890625,4747.181103515625,65.26706526477116,47.40530326772932,56.05021059720908,42.290654807115885,2021.699951171875,71.37000274658203,102.36000061035156,4.03000020980835,12.6899995803833,67310600.0
2024-01-11,8.472246082460046,-0.169874851654171,-0.48563540280698314,-0.36254373379649873,-0.48922715965417096,-0.4862296418356275,-0.0893375593717301,-0.18823838805152998,-0.37494652445808996,4756.194140625,4747.047119140625,64.60097689559727,47.13266555267637,54.26670158830254,34.823576703533114,2014.300048828125,72.0199966430664,102.29000091552734,3.9769999980926514,12.4399995803833,77940700.0
2024-01-12,8.47299677621308,-0.2856919456008172,-0.169874851654171,-0.48563540280698314,-0.36254373379649873,-0.48922715965417096,-0.4862296418356275,-0.0893375593717301,-0.18823838805152998,4773.512109375,4747.0951171875,65.03079431740949,46.66830541350191,52.747022353342416,12.642663375923405,2046.699951171875,72.68000030517578,102.4000015258789,3.950000047683716,12.699999809265137,57944000.0
2024-01-16,8.469258457160723,-0.36061896408521377,-0.36069004678906935,-0.54348931181911,-0.277869969654171,-0.2856919456008172,-0.169874851654171,-0.48563540280698314,-0.36254373379649873,4774.00009765625,4746.710107421875,61.060670595204336,44.34871853514778,51.067361589703495,12.200900229874312,2026.0,72.4000015258789,103.36000061035156,4.065999984741211,13.84000015258789,85014900.0
2024-01-17,8.463625725889615,0.14167636211905002,-0.36061896408521377,-0.36069004678906935,-0.54348931181911,-0.277869969654171,-0.2856919456008172,-0.169874851654171,-0.48563540280698314,4770.54208984375,4746.348095703125,55.580429606709274,39.8904797529176,48.83198522234632,18.97207797298346,2002.5999755859375,72.55999755859375,103.44999694824219,4.105999946594238,14.789999961853027,68843900.0
2024-01-18,8.472392446615858,-0.375075240059965,0.14167636211905002,-0.36061896408521377,-0.36069004678906935,-0.54348931181911,-0.277869969654171,-0.2856919456008172,-0.169874851654171,4770.0400390625,4753.961083984375,61.396724527391974,39.27185259907128,46.919958697691314,18.574140800051104,2018.5999755859375,74.08000183105469,103.54000091552734,4.144000053405762,14.130000114440918,91856200.0
2024-01-19,8.484630754848407,-0.2704897995059586,-0.375075240059965,0.14167636211905002,-0.36061896408521377,-0.36069004678906935,-0.54348931181911,-0.277869969654171,-0.2856919456008172,4781.95400390625,4769.074072265625,67.80193297971687,43.03582240974265,46.143131440101584,36.8581526779618,2026.5,73.41000366210938,103.29000091552734,4.145999908447266,13.300000190734863,110733300.0
2024-01-22,8.486822676035638,-0.11668210086125923,-0.576831676005944,-0.19685562047917277,-0.2704897995059586,-0.375075240059965,0.14167636211905002,-0.36061896408521377,-0.36069004678906935,4795.2740234375,4784.39306640625,68.80742680289684,46.341553718990326,46.18281589587934,48.042807822669126,2019.800048828125,75.19000244140625,103.33000183105469,4.093999862670898,13.1899995803833,75844900.0
2024-01-23,8.489739791376403,-0.35365674604924635,-0.11668210086125923,-0.576831676005944,-0.19685562047917277,-0.2704897995059586,-0.375075240059965,0.14167636211905002,-0.36061896408521377,4814.998046875,4794.499072265625,70.14698219587984,49.53376941034912,46.85300659877329,52.9981689406745,2023.699951171875,74.37000274658203,103.62000274658203,4.142000198364258,12.550000190734863,49945300.0
2024-01-24,8.49055139035262,-0.3899319588784758,-0.35365674604924635,-0.11668210086125923,-0.576831676005944,-0.19685562047917277,-0.2704897995059586,-0.375075240059965,0.14167636211905002,4840.866015625,4805.704052734375,70.52692397265878,51.78538204384586,47.83948168778781,35.40275908294788,2013.9000244140625,75.08999633789062,103.23999786376953,4.177999973297119,13.140000343322754,81765000.0
2024-01-25,8.495797968487599,-0.385711858248998,-0.3899319588784758,-0.35365674604924635,-0.11668210086125923,-0.576831676005944,-0.19685562047917277,-0.2704897995059586,-0.375075240059965,4863.51005859375,4816.775048828125,72.93246545040529,55.002310219874744,49.272047394205195,20.60818433641217,2016.9000244140625,77.36000061035156,103.56999969482422,4.131999969482422,13.449999809265137,72525000.0
2024-01-26,8.495145970732173,-0.42475198790713725,-0.385711858248998,-0.3899319588784758,-0.35365674604924635,-0.11668210086125923,-0.576831676005944,-0.19685562047917277,-0.2704897995059586,4873.74208984375,4827.848046875,72.14263974561982,56.641420328573986,50.74592198107896,18.4911256441009,2016.800048828125,78.01000213623047,103.47000122070312,4.159999847412109,13.260000228881836,76641600.0
2024-01-29,8.502674336237419,-0.31815045958521376,-0.4131009651959986,-0.14768689524802434,-0.42475198790713725,-0.385711858248998,-0.3899319588784758,-0.35365674604924635,-0.11668210086125923,4889.24208984375,4842.258056640625,75.45882781368466,60.22851008591897,52.64243960204696,25.294961112127528,2025.199951171875,76.77999877929688,103.61000061035156,4.091000080108643,13.600000381469727,61322800.0
2024-01-30,8.502073505840439,0.13922800665393062,-0.31815045958521376,-0.4131009651959986,-0.14768689524802434,-0.42475198790713725,-0.385711858248998,-0.3899319588784758,-0.35365674604924635,4901.31611328125,4858.157080078125,74.69197451219583,62.116421016620734,54.53723588496172,24.9985057446264,2031.5,77.81999969482422,103.4000015258789,4.059000015258789,13.3100004196167,58618400.0
2024-01-31,8.485836654099707,-0.1714257727611455,0.13922800665393062,-0.31815045958521376,-0.4131009651959986,-0.14768689524802434,-0.42475198790713725,-0.385711858248998,-0.3899319588784758,4896.7361328125,4868.80107421875,57.75382054190039,56.56012777410342,54.94181426279006,33.24122483326686,2048.39990234375,75.8499984741211,103.2699966430664,3.9670000076293945,14.350000381469727,126011100.0
2024-02-01,8.498252940213757,-0.4077119937341167,-0.1714257727611455,0.13922800665393062,-0.31815045958521376,-0.4131009651959986,-0.14768689524802434,-0.42475198790713725,-0.385711858248998,4899.14208984375,4881.32607421875,64.39114578225292,56.391751537526034,55.231801717737255,33.44290585893665,2053.0,73.81999969482422,103.05000305175781,3.86299991607666,13.880000114440918,91891600.0
2024-02-02,8.508880710936388,-0.4836301590935425,-0.4077119937341167,-0.1714257727611455,0.13922800665393062,-0.31815045958521376,-0.4131009651959986,-0.14768689524802434,-0.42475198790713725,4912.67001953125,4893.2060546875,68.94131072042529,59.798837979950804,56.145208970179965,41.91754983776874,2036.0999755859375,72.27999877929688,103.91999816894531,4.0329999923706055,13.850000381469727,99147700.0
2024-02-05,8.505689286227105,-0.30573875913687665,-0.31562156475266495,-0.36068928018601826,-0.4836301590935425,-0.4077119937341167,-0.1714257727611455,0.13922800665393062,-0.31815045958521376,4915.64599609375,4902.44404296875,66.19570006371131,60.52635618079694,57.02143841230336,43.75954564726182,2025.699951171875,72.77999877929688,104.44999694824219,4.164000034332275,13.670000076293945,75757100.0
2024-02-06,8.507997032158853,-0.39951495531186,-0.30573875913687665,-0.31562156475266495,-0.36068928018601826,-0.4836301590935425,-0.4077119937341167,-0.1714257727611455,0.13922800665393062,4921.49794921875,4911.40703125,67.21211018405643,61.31758094720499,57.88066691928369,47.14378898403679,2034.5,73.30999755859375,104.18000030517578,4.090000152587891,13.0600004196167,55918600.0
2024-02-07,8.516204714752861,-0.5719776305756742,-0.39951495531186,-0.30573875913687665,-0.31562156475266495,-0.36068928018601826,-0.4836301590935425,-0.4077119937341167,-0.1714257727611455,4951.37998046875,4924.058056640625,70.61413357835913,64.49581078900974,59.2036956932289,31.952801606052173,2035.199951171875,73.86000061035156,104.04000091552734,4.110000133514404,12.829999923706055,70556500.0
2024-02-08,8.516775135292953,-0.24530245180647464,-0.5719776305756742,-0.39951495531186,-0.30573875913687665,-0.31562156475266495,-0.36068928018601826,-0.4836301590935425,-0.4077119937341167,4969.7240234375,4934.433056640625,70.84156592850461,66.47824012723049,60.65860458002922,25.12132653478885,2032.199951171875,76.22000122070312,104.1500015258789,4.170000076293945,12.789999961853027,52343600.0
2024-02-09,8.522501052421747,-0.4132377436980586,-0.24530245180647464,-0.5719776305756742,-0.39951495531186,-0.30573875913687665,-0.31562156475266495,-0.36068928018601826,-0.4836301590935425,4983.3240234375,4947.997021484375,73.09933328052637,69.56327404283365,62.439538472590115,34.321998798947995,2023.300048828125,76.83999633789062,104.08000183105469,4.186999797821045,12.930000305175781,63979400.0
2024-02-12,8.521551648279095,-0.4049097960369293,-0.28681340371500286,-0.4917227134282039,-0.4132377436980586,-0.24530245180647464,-0.5719776305756742,-0.39951495531186,-0.30573875913687665,4999.12998046875,4957.38798828125,72.10007425162493,70.80706516461305,64.1130438109947,28.744321547201025,2018.199951171875,76.91999816894531,104.16999816894531,4.171999931335449,13.930000305175781,56502300.0
2024-02-13,8.50778303885925,-0.48026663906565453,-0.4049097960369293,-0.28681340371500286,-0.4917227134282039,-0.4132377436980586,-0.24530245180647464,-0.5719776305756742,-0.39951495531186,4998.91796875,4960.207958984375,59.491866908090756,65.49668478094009,64.38977200498377,29.15920234648085,1992.9000244140625,77.87000274658203,104.95999908447266,4.315999984741211,15.850000381469727,113099200.0
2024-02-14,8.517317207163467,-0.4284815686657016,-0.48026663906565453,-0.4049097960369293,-0.28681340371500286,-0.4917227134282039,-0.4132377436980586,-0.24530245180647464,-0.5719776305756742,5000.02998046875,4975.70498046875,64.15618339937802,64.37493014879237,64.3868036337455,29.081210919373945,1990.300048828125,76.63999938964844,104.72000122070312,4.267000198364258,14.380000114440918,68387800.0
2024-02-15,8.523121579837508,-0.3606785893795831,-0.4284815686657016,-0.48026663906565453,-0.4049097960369293,-0.28681340371500286,-0.4917227134282039,-0.4132377436980586,-0.24530245180647464,5006.3939453125,4988.058984375,66.69017395772809,65.08459945773666,64.52636279854374,31.85107304616132,2002.0999755859375,78.02999877929688,104.30000305175781,4.239999771118164,14.010000228881836,61683000.0
2024-02-16,8.518306536261546,-0.466900202451599,-0.3606785893795831,-0.4284815686657016,-0.48026663906565453,-0.4049097960369293,-0.28681340371500286,-0.4917227134282039,-0.4132377436980586,5002.1859375,4992.75498046875,62.726601855989465,62.971597426763765,64.21540972418775,29.83882791043934,2011.5,79.19000244140625,104.30000305175781,4.295000076293945,14.239999771118164,75461200.0
2024-02-20,8.512283109795728,-0.4330519318701965,-0.4845637143717301,-0.485815093753715,0.19835723335885602,-0.466900202451599,-0.3606785893795831,-0.4284815686657016,-0.48026663906565453,4992.919921875,4996.024951171875,58.09986496485823,58.200533071067184,63.01243439356364,29.400125388687947,2027.5,78.18000030517578,104.08000183105469,4.275000095367432,15.420000076293945,71736700.0
2024-02-21,8.513546511290832,-0.36757599991952383,-0.4330519318701965,-0.4845637143717301,-0.485815093753715,0.19835723335885602,-0.466900202451599,-0.3606785893795831,-0.4284815686657016,4998.6458984375,4998.78193359375,58.784922994507,54.301035246705396,61.27015456419199,21.4308770222694,2022.300048828125,77.91000366210938,104.01000213623047,4.324999809265137,15.34000015258789,59603800.0
2024-02-22,8.534449399957236,-0.000100293001255,-0.36757599991952383,-0.4330519318701965,-0.4845637143717301,-0.485815093753715,0.19835723335885602,-0.466900202451599,-0.3606785893795831,5015.92783203125,5007.97890625,68.16301854983985,59.02147231348317,60.82041811405023,45.143154818645066,2019.699951171875,78.61000061035156,103.95999908447266,4.327000141143799,14.539999961853027,76402500.0
2024-02-23,8.534797286983737,-0.5483534546941221,-0.000100293001255,-0.36757599991952383,-0.4330519318701965,-0.4845637143717301,-0.485815093753715,0.19835723335885602,-0.466900202451599,5027.741796875,5017.06787109375,68.29370401848456,62.18840921087576,61.09401633341534,56.06601907259938,2038.5999755859375,76.48999786376953,103.94000244140625,4.260000228881836,13.75,61321800.0
2024-02-26,8.53100334773907,-0.4892280042356621,-0.5709389431604188,-0.25456923557177097,-0.5483534546941221,-0.000100293001255,-0.36757599991952383,-0.4330519318701965,-0.4845637143717301,5040.5337890625,5021.35986328125,65.15788373305638,62.423718222456046,61.35995671122348,57.030821165172206,2028.5,77.58000183105469,103.83000183105469,4.298999786376953,13.739999771118164,50386700.0
2024-02-27,8.53270824327779,-0.3338966557694042,-0.4892280042356621,-0.5709389431604188,-0.25456923557177097,-0.5483534546941221,-0.000100293001255,-0.36757599991952383,-0.4330519318701965,5061.06787109375,5026.993896484375,65.91450466968756,62.58675538141415,61.605316445261614,44.97483306178594,2034.0,78.87000274658203,103.83000183105469,4.315000057220459,13.430000305175781,48854500.0
2024-02-28,8.531048711956679,-0.26810846555927204,-0.3338966557694042,-0.4892280042356621,-0.5709389431604188,-0.25456923557177097,-0.5483534546941221,-0.000100293001255,-0.36757599991952383,5078.65986328125,5038.652880859375,64.44739887274146,61.32953803900091,61.550160764009476,9.160706425727545,2033.0,78.54000091552734,103.9800033569336,4.27400016784668,13.84000015258789,56506600.0
2024-02-29,8.536264182412477,-0.3029693436997645,-0.26810846555927204,-0.3338966557694042,-0.4892280042356621,-0.5709389431604188,-0.25456923557177097,-0.5483534546941221,-0.000100293001255,5080.50791015625,5048.21787109375,66.94211336829801,61.760404671636934,61.59220954553497,11.817992570317273,2045.699951171875,78.26000213623047,104.16000366210938,4.251999855041504,13.399999618530273,83924800.0
2024-03-01,8.544240118845865,-0.32057937357149396,-0.3029693436997645,-0.26810846555927204,-0.3338966557694042,-0.4892280042356621,-0.5709389431604188,-0.25456923557177097,-0.5483534546941221,5090.16396484375,5058.952880859375,70.38696416631402,64.64965921839848,62.20369948010767,28.390656503044305,2086.89990234375,79.97000122070312,103.86000061035156,4.179999828338623,13.109999656677246,76805900.0
2024-03-04,8.543046144270903,-0.43165606769913945,0.08992255273395788,-0.314265538553071,-0.32057937357149396,-0.3029693436997645,-0.26810846555927204,-0.3338966557694042,-0.4892280042356621,5102.448046875,5071.49091796875,69.22016106905312,65.68757843417097,62.90047527092034,30.444093739249993,2117.699951171875,78.73999786376953,103.83000183105469,4.218999862670898,13.489999771118164,49799300.0
2024-03-05,8.532800737994984,-0.389828379163522,-0.43165606769913945,0.08992255273395788,-0.314265538553071,-0.32057937357149396,-0.3029693436997645,-0.26810846555927204,-0.3338966557694042,5102.5419921875,5081.804931640625,60.07053268798853,61.58008346971383,62.63639691067904,30.351068191727872,2133.5,78.1500015258789,103.80000305175781,4.13700008392334,14.460000038146973,72855600.0
2024-03-06,8.537928670847986,-0.377118648697507,-0.389828379163522,-0.43165606769913945,0.08992255273395788,-0.314265538553071,-0.32057937357149396,-0.3029693436997645,-0.26810846555927204,5109.5419921875,5094.100927734375,62.719848193838,59.743031397834784,62.0577238081102,24.34128952079502,2150.300048828125,79.12999725341797,103.37000274658203,4.104000091552734,14.5,68382400.0
2024-03-07,8.54818007313297,-0.3408682671219697,-0.377118648697507,-0.389828379163522,-0.43165606769913945,0.08992255273395788,-0.314265538553071,-0.32057937357149396,-0.3029693436997645,5121.7599609375,5101.133935546875,67.41098440329506,61.81893250614576,62.00996554771731,30.553245482317486,2158.0,78.93000030517578,102.81999969482422,4.0920000076293945,14.4399995803833,58652100.0
2024-03-08,8.54163015014092,-0.1535624523814435,-0.3408682671219697,-0.377118648697507,-0.389828379163522,-0.43165606769913945,0.08992255273395788,-0.314265538553071,-0.32057937357149396,5119.08193359375,5104.62294921875,62.030220488910814,60.054941800335655,61.61896079824098,29.441309922083445,2178.60009765625,78.01000213623047,102.73999786376953,4.089000225067139,14.739999771118164,86425500.0
2024-03-11,8.540507281872891,-0.34645591771471373,-0.6121987136051409,-0.4121396833796078,-0.1535624523814435,-0.3408682671219697,-0.377118648697507,-0.389828379163522,-0.43165606769913945,5116.4798828125,5109.46396484375,61.13279593773315,57.529821540225385,60.801132946637864,28.69563594130311,2182.5,77.93000030517578,102.87000274658203,4.104000091552734,15.220000267028809,62557200.0
2024-03-12,8.55164679445956,-0.5112279974478473,-0.34645591771471373,-0.6121987136051409,-0.4121396833796078,-0.1535624523814435,-0.3408682671219697,-0.377118648697507,-0.389828379163522,5135.80390625,5119.17294921875,66.35875552516141,59.469180029708696,60.534742363252036,29.376186922323942,2160.39990234375,77.55999755859375,102.95999908447266,4.15500020980835,13.84000015258789,73114400.0
2024-03-13,8.549720410457438,-0.42958634306572546,-0.5112279974478473,-0.34645591771471373,-0.6121987136051409,-0.4121396833796078,-0.1535624523814435,-0.3408682671219697,-0.377118648697507,5147.91396484375,5128.727978515625,64.73039418452525,59.51638218993321,60.331070328588275,25.619563792387094,2175.39990234375,79.72000122070312,102.79000091552734,4.191999912261963,13.75,55104100.0
2024-03-14,8.546845189405943,-0.412223730522465,-0.42958634306572546,-0.5112279974478473,-0.34645591771471373,-0.6121987136051409,-0.4121396833796078,-0.1535624523814435,-0.3408682671219697,5146.53798828125,5134.148974609375,62.27980625342995,57.69208839449766,59.80327394177016,25.16615324718004,2163.0,81.26000213623047,103.36000061035156,4.297999858856201,14.399999618530273,110171800.0
2024-03-15,8.540341166546204,-0.26783981850595856,-0.412223730522465,-0.42958634306572546,-0.5112279974478473,-0.34645591771471373,-0.6121987136051409,-0.4121396833796078,-0.1535624523814435,5145.21796875,5132.149951171875,57.04347122200008,52.94173803709691,58.43096676083552,26.78520482262075,2157.300048828125,81.04000091552734,103.43000030517578,4.303999900817871,14.40999984741211,107585800.0
2024-03-18,8.546639350784686,-0.63034114909849,0.0015031198615931204,-0.2693312645552014,-0.26783981850595856,-0.412223730522465,-0.42958634306572546,-0.5112279974478473,-0.34645591771471373,5151.51396484375,5133.996923828125,60.505935079975714,51.19566649027638,56.983906706723694,22.05196470722464,2160.699951171875,82.72000122070312,103.58000183105469,4.340000152587891,14.329999923706055,88893300.0
2024-03-19,8.552272603829028,-0.38192434480817933,-0.63034114909849,0.0015031198615931204,-0.2693312645552014,-0.26783981850595856,-0.412223730522465,-0.42958634306572546,-0.5112279974478473,5152.1619140625,5143.98291015625,63.367123194935765,51.564792654559824,55.90008389629092,22.953651802871036,2156.300048828125,83.47000122070312,103.80999755859375,4.296999931335449,13.819999694824219,60755300.0
2024-03-20,8.561137369345388,-0.432510650451895,-0.38192434480817933,-0.63034114909849,0.0015031198615931204,-0.2693312645552014,-0.26783981850595856,-0.412223730522465,-0.42958634306572546,5164.02392578125,5155.9689453125,67.39883454119288,54.9446797437613,55.709003065785,40.2531409015498,2157.89990234375,81.68000030517578,103.41000366210938,4.2729997634887695,13.039999961853027,69594600.0
2024-03-21,8.564368678439918,-0.3606500887659332,-0.432510650451895,-0.38192434480817933,-0.63034114909849,0.0015031198615931204,-0.2693312645552014,-0.26783981850595856,-0.412223730522465,5182.23388671875,5164.3859375,68.75681954068826,58.315508614646205,56.230304175557244,51.5920725641619,2182.39990234375,81.06999969482422,104.0,4.270999908447266,12.920000076293945,60256100.0
2024-03-22,8.562965506605591,-0.29011900646458627,-0.3606500887659332,-0.432510650451895,-0.38192434480817933,-0.63034114909849,0.0015031198615931204,-0.2693312645552014,-0.26783981850595856,5205.651953125,5175.4349609375,67.44188121593533,59.70561357913175,56.92536605627215,39.87357912163075,2158.10009765625,80.62999725341797,104.43000030517578,4.2179999351501465,13.0600004196167,79023000.0
2024-03-25,8.55990586622356,-0.6378605004366356,-0.4307099874312555,-0.33374860928906935,-0.29011900646458627,-0.3606500887659332,-0.432510650451895,-0.38192434480817933,-0.63034114909849,5219.40595703125,5185.4599609375,64.5494859160421,58.8387470504058,57.30804225509888,24.540303289944795,2174.800048828125,81.94999694824219,104.2300033569336,4.252999782562256,13.1899995803833,48512100.0
2024-03-26,8.557102144240753,-0.3341369967890694,-0.6378605004366356,-0.4307099874312555,-0.33374860928906935,-0.29011900646458627,-0.3606500887659332,-0.432510650451895,-0.38192434480817933,5224.42001953125,5188.290966796875,61.93584428519965,56.32359190659918,57.11115218539895,14.672779219519079,2175.60009765625,81.62000274658203,104.29000091552734,4.234000205993652,13.239999771118164,65463700.0
2024-03-27,8.56569573982346,-0.3599137916611637,-0.3341369967890694,-0.6378605004366356,-0.4307099874312555,-0.33374860928906935,-0.29011900646458627,-0.3606500887659332,-0.432510650451895,5229.19404296875,5196.608984375,66.43492670090149,57.29374103146165,57.14766995461149,18.21085187973265,2190.60009765625,81.3499984741211,104.3499984741211,4.196000099182129,12.779999732971191,82999800.0
2024-03-28,8.56681160252422,-0.5021940670730284,-0.3599137916611637,-0.3341369967890694,-0.6378605004366356,-0.4307099874312555,-0.33374860928906935,-0.29011900646458627,-0.3606500887659332,5231.75810546875,5206.99599609375,66.98329094739466,57.86836273256267,57.291808510201726,21.06136851172514,2217.39990234375,83.16999816894531,104.55000305175781,4.205999851226807,13.010000228881836,96294900.0
2024-04-01,8.564795987997263,-0.49989175497666666,-0.17711773634333797,-0.3330389924244714,-0.33416901285415684,-0.5021940670730284,-0.3599137916611637,-0.3341369967890694,-0.6378605004366356,5233.67607421875,5219.664013671875,64.92098678689169,56.815101562682685,57.19646712069792,21.76207485835771,2236.5,83.70999908447266,105.0199966430664,4.328999996185303,13.649999618530273,62477500.0
2024-04-02,8.55753059979359,-0.5300642814148554,-0.49989175497666666,-0.17711773634333797,-0.3330389924244714,-0.33416901285415684,-0.5021940670730284,-0.3599137916611637,-0.3341369967890694,5231.20009765625,5225.30302734375,58.01894435114085,52.314286365482076,56.22003096965476,24.49690708129897,2261.0,85.1500015258789,104.81999969482422,4.364999771118164,14.609999656677246,74230300.0
2024-04-03,8.558621127316929,-0.57130679509496,-0.5300642814148554,-0.49989175497666666,-0.17711773634333797,-0.3330389924244714,-0.33416901285415684,-0.5021940670730284,-0.3599137916611637,5232.78212890625,5228.60107421875,58.7260579110287,48.644951884521106,54.70501515262803,22.435980831458163,2294.39990234375,85.43000030517578,104.25,4.355000019073486,14.329999923706055,59155800.0
2024-04-04,8.546210091697667,-0.4059411335270264,-0.57130679509496,-0.5300642814148554,-0.49989175497666666,-0.17711773634333797,-0.3330389924244714,-0.33416901285415684,-0.5021940670730284,5212.52607421875,5220.86005859375,48.72419101608235,40.08798765075426,51.78160965225328,41.94581486697418,2288.800048828125,86.58999633789062,104.12000274658203,4.309000015258789,16.350000381469727,96858100.0
2024-04-05,8.557248141833366,-0.488119114120241,-0.4059411335270264,-0.57130679509496,-0.5300642814148554,-0.49989175497666666,-0.17711773634333797,-0.3330389924244714,-0.33416901285415684,5202.5240234375,5217.141064453125,55.91120872807416,37.48433979850597,48.922155681503824,34.84022772977856,2325.699951171875,86.91000366210938,104.30000305175781,4.377999782562256,16.030000686645508,74482100.0
2024-04-08,8.556873440643324,-0.12759679224114143,-0.4283715266624781,-0.6105138897076763,-0.488119114120241,-0.4059411335270264,-0.57130679509496,-0.5300642814148554,-0.49989175497666666,5194.248046875,5213.962060546875,55.62466276578652,34.86174060922622,46.11007266704831,26.512698205878042,2331.699951171875,86.43000030517578,104.13999938964844,4.423999786376953,15.1899995803833,48401800.0
2024-04-09,8.558317890116959,-0.4338842520248623,-0.12759679224114143,-0.4283715266624781,-0.6105138897076763,-0.488119114120241,-0.4059411335270264,-0.57130679509496,-0.5300642814148554,5195.06806640625,5213.13408203125,56.54962340244329,33.009600459329704,43.489978225504586,27.01829037687093,2343.5,85.2300033569336,104.1500015258789,4.366000175476074,14.979999542236328,68124400.0
2024-04-10,8.548815908284746,-0.32613851584997805,-0.4338842520248623,-0.12759679224114143,-0.4283715266624781,-0.6105138897076763,-0.488119114120241,-0.4059411335270264,-0.57130679509496,5184.898046875,5208.840087890625,49.29910486219622,27.251943792851307,40.24237133897393,28.80277901088379,2329.60009765625,86.20999908447266,105.25,4.559999942779541,15.800000190734863,82652800.0
2024-04-11,8.556233130268089,-0.48291615120905457,-0.32613851584997805,-0.4338842520248623,-0.12759679224114143,-0.4283715266624781,-0.6105138897076763,-0.488119114120241,-0.4059411335270264,5195.26806640625,5203.8970703125,54.227468134410536,25.495232835720344,37.292943638323216,19.75401569236204,2354.800048828125,85.0199966430664,105.27999877929688,4.576000213623047,14.90999984741211,70099000.0
2024-04-12,8.541575542465841,-0.49014757842186746,-0.48291615120905457,-0.32613851584997805,-0.4338842520248623,-0.12759679224114143,-0.4283715266624781,-0.6105138897076763,-0.488119114120241,5179.08212890625,5190.803076171875,44.96019701488764,17.793598333785667,33.39307457741571,36.51103870056256,2356.199951171875,85.66000366210938,106.04000091552734,4.499000072479248,17.309999465942383,92469100.0
2024-04-15,8.52948134667838,-0.36067849557245435,-0.5356420218408023,-0.406083010647448,-0.49014757842186746,-0.48291615120905457,-0.32613851584997805,-0.4338842520248623,-0.12759679224114143,5150.96806640625,5172.608056640625,39.10133836185931,6.64358927896501,28.04317751772557,60.389167300814115,2365.800048828125,85.41000366210938,106.20999908447266,4.627999782562256,19.229999542236328,92101400.0
2024-04-16,8.527422722150877,-0.7622152402251566,-0.36067849557245435,-0.5356420218408023,-0.406083010647448,-0.49014757842186746,-0.48291615120905457,-0.32613851584997805,-0.4338842520248623,5119.26806640625,5157.16806640625,38.19538727952937,-2.998284083759245,21.83488519742861,63.24666716253534,2390.800048828125,85.36000061035156,106.26000213623047,4.658999919891357,18.399999618530273,73484000.0
2024-04-17,8.521625347074872,-0.3085529455987584,-0.7622152402251566,-0.36067849557245435,-0.5356420218408023,-0.406083010647448,-0.49014757842186746,-0.48291615120905457,-0.32613851584997805,5091.58203125,5138.2400390625,35.69689974267567,-12.84765020103714,14.898378117735458,70.49221331209056,2371.699951171875,82.69000244140625,105.94999694824219,4.585000038146973,18.209999084472656,75910300.0
2024-04-18,8.519414745374387,-0.5550392936663886,-0.3085529455987584,-0.7622152402251566,-0.36067849557245435,-0.5356420218408023,-0.406083010647448,-0.49014757842186746,-0.48291615120905457,5053.99404296875,5124.6310546875,34.766746144783085,-21.30263796869258,7.6581749004498505,43.9741898398636,2382.300048828125,82.7300033569336,106.1500015258789,4.646999835968018,18.0,74548100.0
2024-04-19,8.510617615720331,-0.3214864683709011,-0.5550392936663886,-0.3085529455987584,-0.7622152402251566,-0.36067849557245435,-0.5356420218408023,-0.406083010647448,-0.49014757842186746,5022.7580078125,5100.920068359375,31.291563576459623,-31.185358516714587,-0.11053178298303656,37.3023919652133,2398.39990234375,83.13999938964844,106.1500015258789,4.614999771118164,18.709999084472656,102129100.0
2024-04-22,8.51931096687717,-0.48527746896458623,-0.6239050843201283,-0.38908885138612853,-0.3214864683709011,-0.5550392936663886,-0.3085529455987584,-0.7622152402251566,-0.36067849557245435,5012.5140625,5081.741064453125,37.8974535001683,-35.11311759189812,-7.111048944766053,30.262067782498193,2332.199951171875,82.8499984741211,106.08000183105469,4.623000144958496,16.940000534057617,67961000.0
2024-04-23,8.531204533444892,-0.49800249375371497,-0.48527746896458623,-0.6239050843201283,-0.38908885138612853,-0.3214864683709011,-0.5550392936663886,-0.3085529455987584,-0.7622152402251566,5016.3419921875,5067.805029296875,45.672799845929084,-33.00795941079468,-12.29043103797178,36.8956197253584,2327.699951171875,83.36000061035156,105.69000244140625,4.5980000495910645,15.6899995803833,64633600.0
2024-04-24,8.531417520822824,-0.6265134723974536,-0.49800249375371497,-0.48527746896458623,-0.6239050843201283,-0.38908885138612853,-0.3214864683709011,-0.5550392936663886,-0.3085529455987584,5026.2259765625,5058.90400390625,45.804451626829966,-30.8962997955623,-16.011604789489887,44.66262161068742,2324.5,82.80999755859375,105.86000061035156,4.6519999504089355,15.970000267028809,55928100.0
2024-04-25,8.526830586552705,-0.5210599077709572,-0.6265134723974536,-0.49800249375371497,-0.48527746896458623,-0.6239050843201283,-0.38908885138612853,-0.3214864683709011,-0.5550392936663886,5033.6859375,5043.839990234375,43.37211362933515,-30.741277894931955,-18.957539410578303,44.623783489551826,2329.800048828125,83.56999969482422,105.5999984741211,4.705999851226807,15.369999885559082,69122400.0
2024-04-26,8.53698796788503,-0.4269593177259673,-0.5210599077709572,-0.6265134723974536,-0.49800249375371497,-0.48527746896458623,-0.6239050843201283,-0.38908885138612853,-0.3214864683709011,5060.23193359375,5041.494970703125,49.75300495176793,-26.158037929111742,-20.397639114284992,33.23225325755675,2334.800048828125,83.8499984741211,105.94000244140625,4.669000148773193,15.029999732971191,64306100.0
2024-04-29,8.54016137596167,-0.19997003916094397,-0.32145764398709176,-0.1476059259620925,-0.4269593177259673,-0.5210599077709572,-0.6265134723974536,-0.49800249375371497,-0.48527746896458623,5081.3458984375,5046.92998046875,51.6002152227198,-20.97598081068736,-20.513307453565467,26.7126957812589,2345.39990234375,82.62999725341797,105.58000183105469,4.613999843597412,14.670000076293945,46415400.0
2024-04-30,8.524305824842742,-0.23563618832485436,-0.19997003916094397,-0.32145764398709176,-0.1476059259620925,-0.4269593177259673,-0.5210599077709572,-0.6265134723974536,-0.49800249375371497,5074.37392578125,5045.357958984375,43.12377360728304,-23.096977455461456,-21.030041453944666,33.83467608161571,2291.39990234375,81.93000030517578,106.22000122070312,4.685999870300293,15.649999618530273,77483600.0
2024-05-01,8.520864471357111,0.018988779914116682,-0.23563618832485436,-0.19997003916094397,-0.32145764398709176,-0.1476059259620925,-0.4269593177259673,-0.5210599077709572,-0.6265134723974536,5063.7259765625,5044.9759765625,41.54395255566111,-25.875554944751457,-21.999144152106023,42.24601157312429,2299.89990234375,79.0,105.76000213623047,4.59499979019165,15.390000343322754,80242800.0
2024-05-02,8.529951496082194,-0.3602473802681275,0.018988779914116682,-0.23563618832485436,-0.19997003916094397,-0.32145764398709176,-0.1476059259620925,-0.4269593177259673,-0.5210599077709572,5066.88203125,5050.283984375,47.07325856980386,-24.10326135258765,-22.41996759220235,41.397609057528484,2299.199951171875,78.94999694824219,105.30000305175781,4.571000099182129,14.680000305175781,62550200.0
2024-05-03,8.542430053741704,-0.12650848728236644,-0.3602473802681275,0.018988779914116682,-0.23563618832485436,-0.19997003916094397,-0.32145764398709176,-0.1476059259620925,-0.4269593177259673,5072.448046875,5066.339990234375,53.63002396713001,-17.36733711254419,-21.40944149627072,48.259148035132995,2299.0,78.11000061035156,105.02999877929688,4.5,13.489999771118164,72756700.0
2024-05-06,8.552703227432952,-0.1999529261371828,0.016289001077254308,-0.27038489228948714,-0.12650848728236644,-0.3602473802681275,0.018988779914116682,-0.23563618832485436,-0.19997003916094397,5085.362109375,5083.35400390625,58.266267190725586,-7.668038015074671,-18.661160800031514,67.63414807820368,2321.60009765625,78.4800033569336,105.05000305175781,4.488999843597412,13.489999771118164,47264700.0
2024-05-07,8.554045755661777,-0.332681377196,-0.1999529261371828,0.016289001077254308,-0.27038489228948714,-0.12650848728236644,-0.3602473802681275,0.018988779914116682,-0.23563618832485436,5115.76416015625,5095.06904296875,58.84868808187212,0.5737235522028641,-14.81418392958464,73.62378700047364,2315.199951171875,78.37999725341797,105.41000366210938,4.4629998207092285,13.229999542236328,52561300.0
2024-05-08,8.554039920026582,-0.178664078800204,-0.332681377196,-0.1999529261371828,0.016289001077254308,-0.27038489228948714,-0.12650848728236644,-0.3602473802681275,0.018988779914116682,5149.6201171875,5106.673046875,58.844841298522454,7.02199101813585,-10.446948940040542,53.94315768612844,2313.60009765625,78.98999786376953,105.55000305175781,4.492000102996826,13.0,42047200.0
2024-05-09,8.55911795266569,-0.17856925083394398,-0.178664078800204,-0.332681377196,-0.1999529261371828,0.016289001077254308,-0.27038489228948714,-0.12650848728236644,-0.3602473802681275,5179.59609375,5123.2390625,61.226036796006134,14.100822824571878,-5.537394587118059,31.643264295728205,2332.10009765625,79.26000213623047,105.2300033569336,4.448999881744385,12.6899995803833,43643700.0
2024-05-10,8.560765992745857,-0.4468948775,-0.17856925083394398,-0.178664078800204,-0.332681377196,-0.1999529261371828,0.016289001077254308,-0.27038489228948714,-0.12650848728236644,5198.57412109375,5135.511083984375,61.997125454660186,20.172270658893467,-0.3954615379157538,18.55214215426227,2367.300048828125,78.26000213623047,105.30999755859375,4.504000186920166,12.550000190734863,52233200.0
2024-05-13,8.56052465957199,-0.09722527916710284,-0.44341011796557195,0.037766682081785005,-0.4468948775,-0.17856925083394398,-0.178664078800204,-0.332681377196,-0.1999529261371828,5206.71005859375,5146.036083984375,61.803164555992026,24.59868650626686,4.603368070920769,17.675149340724417,2336.10009765625,79.12000274658203,105.22000122070312,4.480999946594238,13.600000381469727,36716400.0
2024-05-14,8.565350808099446,-0.38287123630995995,-0.09722527916710284,-0.44341011796557195,0.037766682081785005,-0.4468948775,-0.17856925083394398,-0.178664078800204,-0.332681377196,5218.5060546875,5167.135107421875,64.2194799738879,29.80141220819587,9.64297689837579,21.15509018923983,2353.39990234375,78.0199966430664,105.01000213623047,4.445000171661377,13.420000076293945,57535900.0
2024-05-15,8.576998635886746,-0.12658816463655212,-0.38287123630995995,-0.09722527916710284,-0.44341011796557195,0.037766682081785005,-0.4468948775,-0.17856925083394398,-0.178664078800204,5242.60205078125,5196.111083984375,69.30768036201557,38.4415725014951,15.402696018999654,38.64006521958853,2388.699951171875,78.62999725341797,104.3499984741211,4.355999946594238,12.449999809265137,59504900.0
2024-05-16,8.574914798412657,-0.5188183411799688,-0.12658816463655212,-0.38287123630995995,-0.09722527916710284,-0.44341011796557195,0.037766682081785005,-0.4468948775,-0.17856925083394398,5259.2060546875,5219.40107421875,67.45080522601094,43.89138235733935,21.100433286667595,41.080068223799906,2380.0,79.2300033569336,104.45999908447266,4.376999855041504,12.420000076293945,50244800.0
2024-05-17,8.57607889410055,0.01870035966766183,-0.5188183411799688,-0.12658816463655212,-0.38287123630995995,-0.09722527916710284,-0.44341011796557195,0.037766682081785005,-0.4468948775,5275.3240234375,5236.949072265625,67.96687730252046,48.15317721040992,26.510982071416063,38.919264528750865,2412.199951171875,80.05999755859375,104.44999694824219,4.420000076293945,11.989999771118164,59187600.0
2024-05-20,8.576994864409041,-0.38662076518864097,-0.14890643067162,-0.267392354188641,0.01870035966766183,-0.5188183411799688,-0.12658816463655212,-0.38287123630995995,-0.09722527916710284,5292.666015625,5249.688037109375,68.39198252354439,51.33111751704109,31.47500916054107,26.10404846355713,2433.89990234375,79.80000305175781,104.56999969482422,4.436999797821045,12.149999618530273,37764200.0
2024-05-21,8.579493614175934,-0.23574431499857124,-0.38662076518864097,-0.14890643067162,-0.267392354188641,0.01870035966766183,-0.5188183411799688,-0.12658816463655212,-0.38287123630995995,5307.61201171875,5263.059033203125,69.58000313473057,54.295381820475995,36.03908369252806,8.948457167491972,2421.699951171875,79.26000213623047,104.66000366210938,4.414000034332275,11.859999656677246,33437000.0
2024-05-22,8.576783822966583,-0.44554078330999997,-0.23574431499857124,-0.38662076518864097,-0.14890643067162,-0.267392354188641,0.01870035966766183,-0.5188183411799688,-0.12658816463655212,5307.383984375,5274.993017578125,66.6544511834096,54.85031121837528,39.801329197697505,8.945850076980385,2389.199951171875,77.56999969482422,104.94000244140625,4.434000015258789,12.289999961853027,48390000.0
2024-05-23,8.56937566068311,0.012138641793220016,-0.44554078330999997,-0.23574431499857124,-0.38662076518864097,-0.14890643067162,-0.267392354188641,0.01870035966766183,-0.5188183411799688,5301.53193359375,5280.368994140625,59.3452120250825,51.53534405897062,42.148132169952135,20.042836465887845,2335.0,76.87000274658203,105.11000061035156,4.474999904632568,12.770000457763672,57211200.0
2024-05-24,8.576352309759784,-0.25000527980143,0.012138641793220016,-0.44554078330999997,-0.23574431499857124,-0.38662076518864097,-0.14890643067162,-0.267392354188641,0.01870035966766183,5301.82197265625,5288.572998046875,63.41332679640886,51.292874103280155,43.977080556617736,20.084725263912507,2332.5,77.72000122070312,104.72000122070312,4.4670000076293945,11.930000305175781,41258400.0
2024-05-28,8.57660108066667,0.02665648645757001,-0.14750468018609417,-0.11345457413750332,-0.48034702905937066,-0.25000527980143,0.012138641793220016,-0.44554078330999997,-0.23574431499857124,5301.40400390625,5297.035009765625,63.55387920784314,50.62365570982547,45.30639558725928,19.941875664012347,2355.199951171875,79.83000183105469,104.61000061035156,4.541999816894531,12.920000076293945,36269600.0
2024-05-29,8.569206763450927,0.07571380944238,0.02665648645757001,-0.14750468018609417,-0.11345457413750332,-0.48034702905937066,-0.25000527980143,0.012138641793220016,-0.44554078330999997,5290.51201171875,5299.06201171875,56.61656420653187,46.40415341341577,45.52594715249058,21.120812874664256,2340.300048828125,79.2300033569336,105.0999984741211,4.624000072479248,14.279999732971191,45190300.0
2024-05-30,8.563213805915174,-0.13238860595566004,0.07571380944238,0.02665648645757001,-0.14750468018609417,-0.11345457413750332,-0.48034702905937066,-0.25000527980143,0.012138641793220016,5276.2060546875,5291.79501953125,51.7216799199189,40.05900879577803,44.432559481148076,29.653842468541335,2342.89990234375,77.91000366210938,104.72000122070312,4.553999900817871,14.470000267028809,46468500.0
2024-05-31,8.571209630147102,-0.3093593478958233,-0.13238860595566004,0.07571380944238,0.02665648645757001,-0.14750468018609417,-0.11345457413750332,-0.48034702905937066,-0.25000527980143,5278.1400390625,5289.835986328125,57.06107691573526,37.98403209874414,43.14285400466729,29.28483477646901,2322.89990234375,76.98999786376953,104.66999816894531,4.513999938964844,12.920000076293945,90785800.0
2024-06-03,8.572325090370637,-0.43162210794312733,-0.4325430554095233,-0.15754684353817822,-0.3093593478958233,-0.13238860595566004,0.07571380944238,0.02665648645757001,-0.14750468018609417,5273.8759765625,5287.848974609375,57.766021448936925,36.39534009887393,41.79335122350862,25.790770944739748,2346.60009765625,74.22000122070312,104.13999938964844,4.4019999504089355,13.109999656677246,46835700.0
2024-06-04,8.57382677137442,-0.4288517214528171,-0.43162210794312733,-0.4325430554095233,-0.15754684353817822,-0.3093593478958233,-0.13238860595566004,0.07571380944238,0.02665648645757001,5270.9359375,5286.169970703125,58.74915662765761,35.369262318290566,40.508533442465016,21.724962922233736,2325.5,73.25,104.11000061035156,4.335999965667725,13.15999984741211,34632700.0
2024-06-05,8.585604787224376,-0.16655309048095032,-0.4288517214528171,-0.43162210794312733,-0.4325430554095233,-0.15754684353817822,-0.3093593478958233,-0.13238860595566004,0.07571380944238,5288.35185546875,5289.43193359375,65.56496039133258,39.16319371555983,40.23946549708398,42.60289438510445,2354.10009765625,74.06999969482422,104.2699966430664,4.289000034332275,12.630000114440918,47610400.0
2024-06-06,8.58540495062274,-0.26828538765334,-0.16655309048095032,-0.4288517214528171,-0.43162210794312733,-0.4325430554095233,-0.15754684353817822,-0.3093593478958233,-0.13238860595566004,5311.8478515625,5294.026953125,65.36647043974057,41.604000784681375,40.51237255460346,38.335653783427844,2370.300048828125,75.55000305175781,104.0999984741211,4.281000137329102,12.579999923706055,30808500.0
2024-06-07,8.584289108572461,-0.6973120622652413,-0.26828538765334,-0.16655309048095032,-0.4288517214528171,-0.43162210794312733,-0.4325430554095233,-0.15754684353817822,-0.3093593478958233,5325.7439453125,5301.9419921875,64.19853579047253,42.56597684485132,40.92309341265303,35.245089091803244,2305.199951171875,75.52999877929688,104.88999938964844,4.429999828338623,12.220000267028809,43224500.0
2024-06-10,8.586866638550703,-0.4856582055178544,-0.4821369526710683,-0.11165013706771373,-0.6973120622652413,-0.26828538765334,-0.16655309048095032,-0.4288517214528171,-0.43162210794312733,5341.22197265625,5307.548974609375,65.72317565347723,43.935418555442084,41.52555844121085,28.311787652326398,2307.699951171875,77.73999786376953,105.1500015258789,4.468999862670898,12.739999771118164,35729300.0
2024-06-11,8.589573353405912,-0.2415142657347941,-0.4856582055178544,-0.4821369526710683,-0.11165013706771373,-0.6973120622652413,-0.26828538765334,-0.16655309048095032,-0.4288517214528171,5358.01796875,5314.476953125,67.30208598149179,45.666725622581,42.35379187748488,10.841339323786348,2307.5,77.9000015258789,105.2300033569336,4.4039998054504395,12.850000381469727,36383400.0
2024-06-12,8.5980410736478,-0.499562530388215,-0.2415142657347941,-0.4856582055178544,-0.4821369526710683,-0.11165013706771373,-0.6973120622652413,-0.26828538765334,-0.16655309048095032,5371.41796875,5329.884912109375,71.71608955971267,50.149122908115714,43.91285808361105,29.693946991648833,2336.0,78.5,104.6500015258789,4.295000076293945,12.039999961853027,63251300.0
2024-06-13,8.600382985084916,-0.23672682198580125,-0.499562530388215,-0.2415142657347941,-0.4856582055178544,-0.4821369526710683,-0.11165013706771373,-0.6973120622652413,-0.26828538765334,5387.5740234375,5349.7109375,72.81503503231062,54.10341162610621,45.95096879211008,37.964451058426704,2300.199951171875,78.62000274658203,105.19999694824219,4.23799991607666,11.9399995803833,44760900.0
2024-06-14,8.599989046803918,-0.16747040293828663,-0.23672682198580125,-0.499562530388215,-0.2415142657347941,-0.4856582055178544,-0.4821369526710683,-0.11165013706771373,-0.6973120622652413,5404.49599609375,5365.119970703125,72.30561733193593,56.41421482501755,48.04361799869158,34.0025133638005,2331.39990234375,78.44999694824219,105.55000305175781,4.2129998207092285,12.65999984741211,40089900.0
2024-06-17,8.607624211176239,-0.058673267893116894,-0.33339877142308644,-0.4070433842795312,-0.16747040293828663,-0.23672682198580125,-0.499562530388215,-0.2415142657347941,-0.4856582055178544,5426.983984375,5384.102978515625,75.84557469049692,60.90267846932147,50.61543009281756,35.0367146846662,2312.39990234375,80.33000183105469,105.31999969482422,4.2789998054504395,12.75,55839500.0
2024-06-18,8.610142365357756,-0.43575400878306925,-0.058673267893116894,-0.33339877142308644,-0.4070433842795312,-0.16747040293828663,-0.23672682198580125,-0.499562530388215,-0.2415142657347941,5449.3259765625,5403.67197265625,76.89966322174698,64.82607254213144,53.457558582680335,28.942940313046144,2330.39990234375,81.56999969482422,105.26000213623047,4.2170000076293945,12.300000190734863,41376400.0
2024-06-20,8.607613237962344,-0.11069856679979997,-0.2711572076409157,-0.43575400878306925,-0.058673267893116894,-0.33339877142308644,-0.4070433842795312,-0.16747040293828663,-0.23672682198580125,5459.75400390625,5415.585986328125,73.43352829617419,66.05556800645991,55.977160467436256,25.371813516255518,2353.800048828125,82.16999816894531,105.58999633789062,4.254000186920166,13.279999732971191,70328200.0
2024-06-21,8.60604988624352,-0.5709470805613885,-0.11069856679979997,-0.2711572076409157,-0.43575400878306925,-0.058673267893116894,-0.33339877142308644,-0.4070433842795312,-0.16747040293828663,5465.92998046875,5426.752001953125,71.29859681957693,65.58404222131594,57.89853681821219,20.80363613141232,2316.39990234375,80.7300033569336,105.80000305175781,4.256999969482422,13.199999809265137,64513900.0
2024-06-24,8.602980007087652,-0.3064280068332,-0.23630100073580124,-0.1272789813552014,-0.5709470805613885,-0.11069856679979997,-0.2711572076409157,-0.43575400878306925,-0.058673267893116894,5469.183984375,5436.839990234375,67.17800185160488,63.13103435863741,58.94503632629724,14.368717808670695,2330.0,81.62999725341797,105.47000122070312,4.248000144958496,13.329999923706055,45528700.0
2024-06-25,8.606905880766835,-0.29001149598864095,-0.3064280068332,-0.23630100073580124,-0.1272789813552014,-0.5709470805613885,-0.11069856679979997,-0.2711572076409157,-0.43575400878306925,5468.39794921875,5447.690966796875,69.59878349349441,62.19921085530132,59.59587123209806,14.198541117670207,2316.60009765625,80.83000183105469,105.61000061035156,4.23799991607666,12.84000015258789,38273300.0
2024-06-26,8.608477076991555,-0.32140552381917786,-0.29001149598864095,-0.3064280068332,-0.23630100073580124,-0.1272789813552014,-0.5709470805613885,-0.11069856679979997,-0.2711572076409157,5466.57197265625,5457.948974609375,70.5379147824019,61.44637446651632,59.96597187898172,11.54193582370899,2299.199951171875,80.9000015258789,106.05000305175781,4.315999984741211,12.550000190734863,38550600.0
2024-06-27,8.609383986848353,-0.45898603020351825,-0.32140552381917786,-0.29001149598864095,-0.3064280068332,-0.23630100073580124,-0.1272789813552014,-0.5709470805613885,-0.11069856679979997,5468.51201171875,5464.1330078125,71.0936715294425,60.552786178320275,60.08333473884943,13.565977237953165,2324.5,81.73999786376953,105.91000366210938,4.288000106811523,12.239999771118164,35041500.0
2024-06-28,8.605291973385985,-0.3163623405527817,-0.45898603020351825,-0.32140552381917786,-0.29001149598864095,-0.3064280068332,-0.23630100073580124,-0.1272789813552014,-0.5709470805613885,5467.683984375,5466.806982421875,65.13308272235767,57.37651338033629,59.541970467146804,13.982859956311442,2327.699951171875,81.54000091552734,105.87000274658203,4.3429999351501465,12.4399995803833,76144500.0
2024-07-01,8.607963964367414,-0.31503758397666665,-0.1884639136598835,-0.25762272600440167,-0.3163623405527817,-0.45898603020351825,-0.32140552381917786,-0.29001149598864095,-0.3064280068332,5473.1279296875,5471.15595703125,67.07300532335915,55.399576340189014,58.71349164175525,8.60459481268868,2327.60009765625,83.37999725341797,105.9000015258789,4.479000091552734,12.220000267028809,40297800.0
2024-07-02,8.6141401701386,-0.40139729680594394,-0.31503758397666665,-0.1884639136598835,-0.25762272600440167,-0.3163623405527817,-0.45898603020351825,-0.32140552381917786,-0.29001149598864095,5481.069921875,5474.733935546875,71.09415221171153,55.925222554144966,58.155837824233195,17.703330317066722,2323.0,82.80999755859375,105.72000122070312,4.435999870300293,12.029999732971191,40434800.0
2024-07-03,8.619211732408132,-0.250091367465,-0.40139729680594394,-0.31503758397666665,-0.1884639136598835,-0.25762272600440167,-0.3163623405527817,-0.45898603020351825,-0.32140552381917786,5492.8939453125,5479.732958984375,73.92589698143185,57.934165368948925,58.111503333176344,30.310717452426523,2359.800048828125,83.87999725341797,105.4000015258789,4.355000019073486,12.09000015258789,32789900.0
2024-07-05,8.624645706769101,-0.17782415902968,-0.4817881276194483,-0.250091367465,-0.40139729680594394,-0.31503758397666665,-0.1884639136598835,-0.25762272600440167,-0.3163623405527817,5509.75791015625,5489.1349609375,76.58648063114191,61.25462242050253,58.740127150641584,43.79614630292873,2388.5,83.16000366210938,104.87999725341797,4.271999835968018,12.479999542236328,41488400.0
2024-07-08,8.625661889245507,-0.9994722,-0.6487904106949534,-0.4803880626710683,-0.17782415902968,-0.4817881276194483,-0.250091367465,-0.40139729680594394,-0.31503758397666665,5532.23193359375,5499.957958984375,77.05942574586527,63.60958417120219,59.71401855475371,40.92465896575266,2355.199951171875,82.33000183105469,105.01000213623047,4.269000053405762,12.369999885559082,36110500.0
2024-07-09,8.626402686723571,-0.5556572205756743,-0.9994722,-0.6487904106949534,-0.4803880626710683,-0.17782415902968,-0.4817881276194483,-0.250091367465,-0.40139729680594394,5552.6099609375,5512.8689453125,77.41785482105745,65.0591934689437,60.783053537591705,28.983444072243806,2360.10009765625,81.41000366210938,105.12999725341797,4.300000190734863,12.510000228881836,27289700.0
2024-07-10,8.636559001601677,-0.3178714044750706,-0.5556572205756743,-0.9994722,-0.6487904106949534,-0.4803880626710683,-0.17782415902968,-0.4817881276194483,-0.250091367465,5577.5900390625,5529.32998046875,81.66954548887313,69.99495046289849,62.62543292265306,35.174150068134296,2372.199951171875,82.0999984741211,105.05000305175781,4.28000020980835,12.850000381469727,38701200.0
2024-07-11,8.627757351632411,-0.5557303763593285,-0.3178714044750706,-0.5556572205756743,-0.9994722,-0.6487904106949534,-0.4803880626710683,-0.17782415902968,-0.4817881276194483,5587.09404296875,5539.993994140625,69.4566984643072,69.1259763610069,63.92554161032383,26.924101173699533,2415.0,82.62000274658203,104.44000244140625,4.192999839782715,12.920000076293945,53054200.0
2024-07-12,8.633259215657375,-0.5772860226428347,-0.5557303763593285,-0.3178714044750706,-0.5556572205756743,-0.9994722,-0.6487904106949534,-0.4803880626710683,-0.17782415902968,5596.72607421875,5553.2419921875,72.24599968583068,70.11517823325903,65.16346893491087,26.63634797384127,2414.0,82.20999908447266,104.08999633789062,4.189000129699707,12.460000038146973,53084400.0
2024-07-15,8.63608143208073,-0.5645182939750706,-0.6483524339766666,-0.6821040305956743,-0.5772860226428347,-0.5557303763593285,-0.3178714044750706,-0.5556572205756743,-0.9994722,5608.40009765625,5570.316015625,73.58418348983702,71.35715282923229,66.40220571377515,26.34553803816671,2422.89990234375,81.91000366210938,104.19000244140625,4.229000091552734,13.119999885559082,40584300.0
2024-07-16,8.642450482052181,-0.37645364997200004,-0.5645182939750706,-0.6483524339766666,-0.6821040305956743,-0.5772860226428347,-0.5557303763593285,-0.3178714044750706,-0.5556572205756743,5626.444140625,5589.52705078125,76.36636911134852,74.38722079419131,67.99920872985838,30.077565497808248,2462.39990234375,80.76000213623047,104.2699966430664,4.166999816894531,13.1899995803833,36475300.0
2024-07-17,8.628425040528537,-0.14353925492567426,-0.37645364997200004,-0.5645182939750706,-0.6483524339766666,-0.6821040305956743,-0.5772860226428347,-0.5557303763593285,-0.3178714044750706,5617.31611328125,5597.453076171875,61.1507204726601,69.61706377228893,68.3227797383445,33.92476050440921,2454.800048828125,82.8499984741211,103.75,4.145999908447266,14.479999542236328,57119000.0
2024-07-18,8.620577928383186,-0.588957739588641,-0.14353925492567426,-0.37645364997200004,-0.5645182939750706,-0.6483524339766666,-0.6821040305956743,-0.5772860226428347,-0.5557303763593285,5609.32607421875,5598.21005859375,54.66011969022402,61.60194594326458,66.97861297932852,46.095534270587834,2451.800048828125,82.81999969482422,104.16999816894531,4.189000129699707,15.930000305175781,56270400.0
2024-07-19,8.61341204915678,-0.703337577972,-0.588957739588641,-0.14353925492567426,-0.37645364997200004,-0.5645182939750706,-0.6483524339766666,-0.6821040305956743,-0.5772860226428347,5587.2560546875,5591.991064453125,49.52884125795044,51.462114570744234,63.87531329761167,65.02192940027152,2395.5,80.12999725341797,104.4000015258789,4.238999843597412,16.520000457763672,65509100.0
2024-07-22,8.624146266403,-0.22076672246499998,-0.552405473588641,-0.29665314712698165,-0.703337577972,-0.588957739588641,-0.14353925492567426,-0.37645364997200004,-0.5645182939750706,5573.89404296875,5591.1470703125,56.1772301706374,47.670611121381626,60.63437286236566,60.43131663932139,2392.0,79.77999877929688,104.30999755859375,4.260000228881836,14.90999984741211,43346700.0
2024-07-23,8.622586948709055,-0.412465463372483,-0.22076672246499998,-0.552405473588641,-0.29665314712698165,-0.703337577972,-0.588957739588641,-0.14353925492567426,-0.37645364997200004,5551.60205078125,5589.023095703125,55.03783684715153,43.46518745881713,57.20053578165596,30.604878066548928,2404.60009765625,76.95999908447266,104.44999694824219,4.238999843597412,14.720000267028809,34439600.0
2024-07-24,8.599165706486161,-0.32106621065404556,-0.412465463372483,-0.22076672246499998,-0.552405473588641,-0.29665314712698165,-0.703337577972,-0.588957739588641,-0.14353925492567426,5519.3740234375,5568.345068359375,41.56904081608888,29.415494863972526,51.64352759811928,56.35198794212046,2413.300048828125,77.58999633789062,104.38999938964844,4.285999774932861,18.040000915527344,74515300.0
2024-07-25,8.594009817466445,-0.6542703084328059,-0.32106621065404556,-0.412465463372483,-0.22076672246499998,-0.552405473588641,-0.29665314712698165,-0.703337577972,-0.588957739588641,5490.30009765625,5549.8130859375,39.32025950721922,15.846269376327655,44.48407595376096,74.62710717962776,2351.89990234375,78.27999877929688,104.36000061035156,4.25600004196167,18.459999084472656,61158300.0
2024-07-26,8.605039237876015,-0.610986768003715,-0.6542703084328059,-0.32106621065404556,-0.412465463372483,-0.22076672246499998,-0.552405473588641,-0.29665314712698165,-0.703337577972,5481.1201171875,5534.1880859375,46.06215154184543,9.811268328300685,37.5495144286689,75.18778685406568,2380.0,77.16000366210938,104.31999969482422,4.199999809265137,16.389999389648438,53763800.0
2024-07-29,8.605852217447843,-0.3924011190033022,-0.472685950965,-0.24640421563763196,-0.610986768003715,-0.6542703084328059,-0.32106621065404556,-0.412465463372483,-0.22076672246499998,5460.94609375,5517.420068359375,46.536477213838324,5.325365188284195,31.104684580591957,59.05439356985639,2377.300048828125,75.80999755859375,104.55999755859375,4.177999973297119,16.600000381469727,39515800.0
2024-07-30,8.600879703086477,-0.48034933432392246,-0.3924011190033022,-0.472685950965,-0.24640421563763196,-0.610986768003715,-0.6542703084328059,-0.32106621065404556,-0.412465463372483,5437.08603515625,5494.34404296875,43.99345926850757,-0.4117503633751767,24.801397591798533,26.06624265688695,2405.0,74.7300033569336,104.55000305175781,4.14300012588501,17.690000534057617,46853600.0
2024-07-31,8.616549683788394,-0.45903916021458624,-0.48034933432392246,-0.3924011190033022,-0.472685950965,-0.24640421563763196,-0.610986768003715,-0.6542703084328059,-0.32106621065404556,5456.12001953125,5487.747021484375,52.7948161965792,1.9472707096210797,20.230572215363043,44.91267851978196,2426.5,77.91000366210938,104.0999984741211,4.109000205993652,16.360000610351562,65663400.0
2024-08-01,8.602761559996404,-0.36161259956771374,-0.45903916021458624,-0.48034933432392246,-0.3924011190033022,-0.472685950965,-0.24640421563763196,-0.610986768003715,-0.6542703084328059,5465.61201171875,5477.9560546875,45.94638270136746,-2.2590195956190655,15.732653853166623,33.42763850990703,2435.0,76.30999755859375,104.41999816894531,3.9760000705718994,18.59000015258789,76428700.0
2024-08-02,8.58420865338785,-0.2365786604614125,-0.36161259956771374,-0.45903916021458624,-0.48034933432392246,-0.3924011190033022,-0.472685950965,-0.24640421563763196,-0.610986768003715,5443.10400390625,5462.112060546875,38.774716291434665,-13.515592350058796,9.883004612521539,63.37889732607787,2425.699951171875,73.5199966430664,103.20999908447266,3.7920000553131104,23.389999389648438,82789100.0
2024-08-05,8.553781611995458,0.33319283688476004,-0.359985313883733,-0.07951776972352415,-0.2365786604614125,-0.36161259956771374,-0.45903916021458624,-0.48034933432392246,-0.3924011190033022,5387.66201171875,5424.304052734375,30.554980185050013,-34.96269944748201,0.9138638005208293,128.66009817022868,2401.699951171875,72.94000244140625,102.69000244140625,3.7850000858306885,38.56999969482422,146267400.0
2024-08-06,8.564082461489058,-0.482110644286115,0.33319283688476004,-0.359985313883733,-0.07951776972352415,-0.2365786604614125,-0.36161259956771374,-0.45903916021458624,-0.48034933432392246,5348.37998046875,5392.7330078125,35.49063557025819,-47.083815849551684,-8.685672129493675,139.56564892933383,2389.10009765625,73.19999694824219,102.97000122070312,3.888000011444092,27.709999084472656,84826300.0
2024-08-07,8.556317746100287,-0.9993842,-0.482110644286115,0.33319283688476004,-0.359985313883733,-0.07951776972352415,-0.2365786604614125,-0.36161259956771374,-0.45903916021458624,5283.82001953125,5369.97001953125,33.55236699401563,-59.27699457190465,-18.80393661797587,110.67009757732781,2390.5,75.2300033569336,103.19999694824219,3.9679999351501465,27.850000381469727,70698300.0
2024-08-08,8.579098885691186,-0.23898191499150565,-0.9993842,-0.482110644286115,0.33319283688476004,-0.359985313883733,-0.07951776972352415,-0.2365786604614125,-0.36161259956771374,5258.34599609375,5361.97900390625,43.39398342263499,-58.59703596716008,-26.762556487812716,71.55935476845943,2422.199951171875,76.19000244140625,103.20999908447266,3.996999979019165,23.790000915527344,63276600.0
2024-08-09,8.583759684125567,-0.17855150093105998,-0.23898191499150565,-0.9993842,-0.482110644286115,0.33319283688476004,-0.359985313883733,-0.07951776972352415,-0.2365786604614125,5257.866015625,5350.485009765625,45.20671605154457,-55.41418840434471,-32.492882871119114,70.82401141885013,2432.10009765625,76.83999633789062,103.13999938964844,3.941999912261963,20.3700008392334,45619600.0
2024-08-12,8.583802717177289,-0.5349099710465827,-0.23667310571471373,-0.19996846105747199,-0.17855150093105998,-0.23898191499150565,-0.9993842,-0.482110644286115,0.33319283688476004,5289.47802734375,5338.57001953125,45.22419870848867,-52.27065767352815,-36.44843783160093,66.02385766967072,2462.39990234375,80.05999755859375,103.13999938964844,3.9089999198913574,20.709999084472656,42542100.0
2024-08-13,8.600509950596338,-0.12767685369805856,-0.5349099710465827,-0.23667310571471373,-0.19996846105747199,-0.17855150093105998,-0.23898191499150565,-0.9993842,-0.482110644286115,5328.35810546875,5338.36904296875,51.71926228290061,-42.02941928202199,-37.564634121685145,84.32718042322206,2466.699951171875,78.3499984741211,102.55999755859375,3.8519999980926514,18.1200008392334,52333100.0
2024-08-14,8.604326387157537,-0.252743399654171,-0.12767685369805856,-0.5349099710465827,-0.23667310571471373,-0.19996846105747199,-0.17855150093105998,-0.23898191499150565,-0.9993842,5379.50009765625,5331.66005859375,53.101379252538,-31.869042589237324,-36.42551581519558,60.93799820075355,2439.39990234375,76.9800033569336,102.56999969482422,3.819999933242798,16.190000534057617,42446900.0
2024-08-15,8.620330877088842,0.01897818605712418,-0.252743399654171,-0.12767685369805856,-0.5349099710465827,-0.23667310571471373,-0.19996846105747199,-0.17855150093105998,-0.23898191499150565,5424.28212890625,5341.3140625,58.51776904835631,-16.52469253155141,-32.44535115846675,83.67801810216307,2453.10009765625,78.16000366210938,102.9800033569336,3.9260001182556152,15.229999542236328,60846800.0
2024-08-16,8.622318679457237,-0.6062219393219735,0.01897818605712418,-0.252743399654171,-0.12767685369805856,-0.5349099710465827,-0.23667310571471373,-0.19996846105747199,-0.17855150093105998,5466.30009765625,5362.083056640625,59.154437289702265,-3.4345813624213406,-26.64319719925767,86.09966808727627,2498.60009765625,76.6500015258789,102.45999908447266,3.8919999599456787,14.800000190734863,44430700.0
2024-08-19,8.631994006893414,-0.12768739805314142,-0.23576523545715689,-0.11229056990653141,-0.6062219393219735,0.01897818605712418,-0.252743399654171,-0.12767685369805856,-0.5349099710465827,5519.0720703125,5404.275048828125,62.2122670893549,11.168036577637395,-19.08095044387866,72.4843812286723,2501.800048828125,74.37000274658203,101.88999938964844,3.867000102996826,14.649999618530273,39121800.0
2024-08-20,8.630007479655806,-0.38847035011350195,-0.12768739805314142,-0.23576523545715689,-0.11229056990653141,-0.6062219393219735,0.01897818605712418,-0.252743399654171,-0.12767685369805856,5551.61005859375,5439.98408203125,61.19538957470394,21.59370913733892,-10.946018527635145,60.51773705415454,2511.300048828125,74.04000091552734,101.44000244140625,3.818000078201294,15.880000114440918,33732300.0
2024-08-21,8.634238194376811,-0.3214000649880766,-0.38847035011350195,-0.12768739805314142,-0.23576523545715689,-0.11229056990653141,-0.6062219393219735,0.01897818605712418,-0.252743399654171,5584.7380859375,5482.119091796875,62.59906453812014,31.408878853844726,-2.475039051339172,34.144762392729774,2508.39990234375,71.93000030517578,101.04000091552734,3.7780001163482666,16.270000457763672,41514600.0
2024-08-22,8.625265252120155,-0.43992540888280124,-0.3214000649880766,-0.38847035011350195,-0.12768739805314142,-0.23576523545715689,-0.11229056990653141,-0.6062219393219735,0.01897818605712418,5590.2220703125,5507.252099609375,57.83222722516762,34.73553768681904,4.967076296292472,27.331791581942184,2478.89990234375,73.01000213623047,101.51000213623047,3.861999988555908,17.549999237060547,56121500.0
2024-08-23,8.636683189521818,-0.2724222850049533,-0.43992540888280124,-0.3214000649880766,-0.38847035011350195,-0.12768739805314142,-0.23576523545715689,-0.11229056990653141,-0.6062219393219735,5606.29404296875,5536.2970703125,61.82114164496107,42.04904586935663,12.383470210905305,24.355964983284014,2508.39990234375,74.83000183105469,100.72000122070312,3.806999921798706,15.859999656677246,50639400.0
2024-08-26,8.633524479352213,-0.3683106517462989,-0.24100896491891355,-0.2000623618072,-0.2724222850049533,-0.43992540888280124,-0.3214000649880766,-0.38847035011350195,-0.12768739805314142,5608.01201171875,5563.542041015625,60.119807068767265,45.88225960111049,19.083228088946342,24.826816067247044,2517.699951171875,77.41999816894531,100.8499984741211,3.818000078201294,16.149999618530273,35788600.0
2024-08-27,8.635118404464937,-0.09838565816539498,-0.3683106517462989,-0.24100896491891355,-0.2000623618072,-0.2724222850049533,-0.43992540888280124,-0.3214000649880766,-0.38847035011350195,5613.74794921875,5582.67900390625,60.706986640410925,49.0773696981978,25.082056410796632,24.99375172591826,2516.0,75.52999877929688,100.55000305175781,3.8329999446868896,15.430000305175781,32693900.0
2024-08-28,8.629124503670202,-0.31585615950330126,-0.09838565816539498,-0.3683106517462989,-0.24100896491891355,-0.2000623618072,-0.2724222850049533,-0.43992540888280124,-0.3214000649880766,5608.01396484375,5596.376025390625,57.29800493852087,48.33946710142118,29.733538548921544,26.21586330786521,2501.0,74.5199966430664,101.08999633789062,3.8410000801086426,17.110000610351562,41066000.0
2024-08-29,8.629085123826764,-0.12756448931463,-0.31585615950330126,-0.09838565816539498,-0.3683106517462989,-0.24100896491891355,-0.2000623618072,-0.2724222850049533,-0.43992540888280124,5612.2779296875,5601.25,57.275317166239745,47.192894172234446,33.225409673584124,19.487861527550056,2525.699951171875,75.91000366210938,101.33999633789062,3.867000102996826,15.649999618530273,38715200.0
2024-08-30,8.639127580905908,-0.5021459236015273,-0.12756448931463,-0.31585615950330126,-0.09838565816539498,-0.3683106517462989,-0.24100896491891355,-0.2000623618072,-0.2724222850049533,5615.0359375,5610.664990234375,61.48462888859007,50.259102796621846,36.632148298191666,23.91210782606804,2493.800048828125,73.55000305175781,101.69999694824219,3.9110000133514404,15.0,62700100.0
2024-09-03,8.61774961753351,-0.00016666750742998142,-0.378655933143338,-0.36161259956771374,-0.31503876646471374,-0.5021459236015273,-0.12756448931463,-0.31585615950330126,-0.09838565816539498,5597.45400390625,5602.7330078125,50.208384323947676,42.558301134998146,37.81737886555296,45.14554734875367,2489.89990234375,70.33999633789062,101.83000183105469,3.8440001010894775,20.719999313354492,60600100.0
2024-09-04,8.61614578850613,-0.17876156117728198,-0.00016666750742998142,-0.378655933143338,-0.36161259956771374,-0.31503876646471374,-0.5021459236015273,-0.12756448931463,-0.31585615950330126,5576.3080078125,5595.027978515625,49.48355362480173,35.33310596338379,37.32052428511913,52.68192970950001,2493.39990234375,69.19999694824219,101.36000061035156,3.7679998874664307,21.31999969482422,47224900.0
2024-09-05,8.613123207491455,-0.48537775875371497,-0.17876156117728198,-0.00016666750742998142,-0.378655933143338,-0.36161259956771374,-0.31503876646471374,-0.5021459236015273,-0.12756448931463,5558.55400390625,5583.283984375,48.07812773242559,27.94070767514313,35.444560963123934,60.38975625996342,2511.39990234375,69.1500015258789,101.11000061035156,3.7309999465942383,19.899999618530273,44264300.0
2024-09-06,8.595712262984032,-0.4132377436980586,-0.48537775875371497,-0.17876156117728198,-0.00016666750742998142,-0.378655933143338,-0.36161259956771374,-0.31503876646471374,-0.5021459236015273,5521.84599609375,5567.061962890625,40.9384897965821,14.25296145728862,31.206241061956874,85.54908836295496,2493.5,67.66999816894531,101.18000030517578,3.7100000381469727,22.3799991607666,68493800.0
2024-09-09,8.607225797419849,-0.4827237379766667,-0.177211714005944,-0.48170272400495334,-0.4132377436980586,-0.48537775875371497,-0.17876156117728198,-0.00016666750742998142,-0.378655933143338,5486.3759765625,5550.70595703125,46.572068021997765,8.36263286187841,26.63751942194118,48.85779499077141,2501.800048828125,68.70999908447266,101.55000305175781,3.697000026702881,19.450000762939453,40445800.0
2024-09-10,8.611688497397644,-0.6063373149265048,-0.4827237379766667,-0.177211714005944,-0.48170272400495334,-0.4132377436980586,-0.48537775875371497,-0.17876156117728198,-0.00016666750742998142,5479.6939453125,5538.573974609375,48.63364427570167,5.604442321819988,22.430904001916943,43.58280184882679,2512.300048828125,65.75,101.62999725341797,3.6459999084472656,19.079999923706055,36394600.0
2024-09-11,8.622297053047486,-0.36164712970715684,-0.6063373149265048,-0.4827237379766667,-0.177211714005944,-0.48170272400495334,-0.4132377436980586,-0.48537775875371497,-0.17876156117728198,5486.50595703125,5531.406982421875,53.283300076077104,8.055029228006788,19.555729047134914,53.095014228612406,2512.10009765625,67.30999755859375,101.68000030517578,3.6530001163482666,17.690000534057617,75248600.0
2024-09-12,8.62976440520429,-0.28571574006853145,-0.36164712970715684,-0.6063373149265048,-0.4827237379766667,-0.177211714005944,-0.48170272400495334,-0.4132377436980586,-0.48537775875371497,5504.97587890625,5531.76494140625,56.308526626884266,13.204111852051938,18.28540560811832,72.83761873924728,2551.199951171875,68.97000122070312,101.37000274658203,3.680000066757202,17.06999969482422,51892700.0
2024-09-13,8.635157547438645,-0.2789125306095425,-0.28571574006853145,-0.36164712970715684,-0.6063373149265048,-0.4827237379766667,-0.177211714005944,-0.48170272400495334,-0.4132377436980586,5548.4958984375,5535.170947265625,58.416471030582514,19.501742574499076,18.528673001394473,65.34513267229262,2581.300048828125,68.6500015258789,101.11000061035156,3.6500000953674316,16.559999465942383,39310500.0
2024-09-16,8.636413388305956,-0.36052182273580125,-0.37840776314333796,-0.24893917496499998,-0.2789125306095425,-0.28571574006853145,-0.36164712970715684,-0.6063373149265048,-0.4827237379766667,5580.90390625,5533.63994140625,58.915199744719,24.77751623974018,19.778441649063616,56.9797963105417,2580.39990234375,70.08999633789062,100.76000213623047,3.621000051498413,17.139999389648438,36656100.0
2024-09-17,8.636677903399852,-0.22444082698580123,-0.36052182273580125,-0.37840776314333796,-0.24893917496499998,-0.2789125306095425,-0.28571574006853145,-0.36164712970715684,-0.6063373149265048,5608.71591796875,5544.204931640625,59.02675090170847,28.747471383565426,21.57224759596398,34.314618193628895,2564.300048828125,71.19000244140625,100.88999938964844,3.6419999599456787,17.610000610351562,49321000.0
2024-09-18,8.633777244691538,-0.5841811427358012,-0.22444082698580123,-0.36052182273580125,-0.37840776314333796,-0.24893917496499998,-0.2789125306095425,-0.28571574006853145,-0.36164712970715684,5621.54189453125,5554.02392578125,57.195232421599336,30.22832331808877,23.303462740388937,15.802638286022736,2570.699951171875,70.91000366210938,100.5999984741211,3.684999942779541,18.229999542236328,59044900.0
2024-09-19,8.650611601584265,-0.4326020969285134,-0.5841811427358012,-0.22444082698580123,-0.36052182273580125,-0.37840776314333796,-0.24893917496499998,-0.2789125306095425,-0.28571574006853145,5645.11796875,5575.046923828125,64.1887696311134,38.65274320226581,26.373318832764312,38.849405312193525,2588.0,71.94999694824219,100.61000061035156,3.740000009536743,16.329999923706055,75315500.0
2024-09-20,8.648668687954249,-0.2885420384312555,-0.4326020969285134,-0.5841811427358012,-0.22444082698580123,-0.36052182273580125,-0.37840776314333796,-0.24893917496499998,-0.2789125306095425,5660.42392578125,5604.459912109375,62.90188785483886,43.927886217835294,29.88423230977851,44.157184251325376,2619.89990234375,71.91999816894531,100.72000122070312,3.7279999256134033,16.149999618530273,77503100.0
2024-09-23,8.651474022379961,-0.589919395985669,0.013348624264198769,-0.4600301169858012,-0.2885420384312555,-0.4326020969285134,-0.5841811427358012,-0.22444082698580123,-0.36052182273580125,5677.519921875,5629.2119140625,64.02389824470123,48.83818060896101,33.67502196961501,47.35994018273083,2626.5,70.37000274658203,100.91999816894531,3.739000082015991,15.890000343322754,44116900.0
2024-09-24,8.653982053483308,-0.296925223739695,-0.589919395985669,0.013348624264198769,-0.4600301169858012,-0.2885420384312555,-0.4326020969285134,-0.5841811427358012,-0.22444082698580123,5697.18994140625,5652.9529296875,65.04447942906549,53.274272001764075,37.59487197604483,45.45264967889454,2651.199951171875,71.55999755859375,100.37000274658203,3.7360000610351562,15.390000343322754,46805700.0
2024-09-25,8.652119070277095,-0.41319349655520143,-0.296925223739695,-0.589919395985669,0.013348624264198769,-0.4600301169858012,-0.2885420384312555,-0.4326020969285134,-0.5841811427358012,5717.98994140625,5669.76591796875,63.60071552200267,55.29152716027966,41.134203012891795,11.17023823413411,2659.199951171875,69.69000244140625,100.91999816894531,3.7809998989105225,15.40999984741211,38428600.0
2024-09-26,8.656149612435295,-0.4320126662824122,-0.41319349655520143,-0.296925223739695,-0.589919395985669,0.013348624264198769,-0.4600301169858012,-0.2885420384312555,-0.4326020969285134,5724.3359375,5684.726953125,65.39242279603785,58.08545566085104,44.52445354248365,16.03505364593884,2669.89990234375,67.66999816894531,100.55999755859375,3.7909998893737793,15.369999885559082,48336000.0
2024-09-27,8.654895609535222,-0.4120762920646507,-0.4320126662824122,-0.41319349655520143,-0.296925223739695,-0.589919395985669,0.013348624264198769,-0.4600301169858012,-0.2885420384312555,5731.4599609375,5695.941943359375,64.32996922057552,59.038113912315566,47.42718561645003,11.084637711560022,2644.300048828125,68.18000030517578,100.41999816894531,3.749000072479248,16.959999084472656,42100900.0
2024-09-30,8.659123213193663,-0.32138525452983946,-0.41325902941234427,-0.4121376733796079,-0.4120762920646507,-0.4320126662824122,-0.41319349655520143,-0.296925223739695,-0.589919395985669,5740.2419921875,5708.88095703125,66.3196592449012,61.05096349672567,50.15194119250516,15.016177904990847,2636.10009765625,68.16999816894531,100.77999877929688,3.802000045776367,16.729999542236328,63557400.0
2024-10-01,8.649755364499208,-0.2357452216209019,-0.32138525452983946,-0.41325902941234427,-0.4121376733796079,-0.4120762920646507,-0.4320126662824122,-0.41319349655520143,-0.296925223739695,5735.40595703125,5716.29794921875,58.5464893927241,57.64609263803868,51.65077148161187,20.75625886397747,2667.300048828125,69.83000183105469,101.19000244140625,3.743000030517578,19.260000228881836,72668800.0
2024-10-02,8.649893745826196,-0.3885041055632555,-0.2357452216209019,-0.32138525452983946,-0.41325902941234427,-0.4121376733796079,-0.4120762920646507,-0.4320126662824122,-0.41319349655520143,5732.86201171875,5725.4259765625,58.62328359967594,54.384546304873766,52.197526446264256,23.38351023277496,2647.10009765625,70.0999984741211,101.68000030517578,3.7850000858306885,18.899999618530273,38097800.0
2024-10-03,8.648210917171737,-0.36073522303906935,-0.3885041055632555,-0.2357452216209019,-0.32138525452983946,-0.41325902941234427,-0.4121376733796079,-0.4120762920646507,-0.4320126662824122,5723.7759765625,5724.05595703125,57.23574131978367,50.443617070643086,51.84674457114002,25.989344163358194,2657.10009765625,73.70999908447266,101.98999786376953,3.8499999046325684,20.489999771118164,40846500.0
2024-10-04,8.657141172870922,-0.5294577302073454,-0.36073522303906935,-0.3885041055632555,-0.2357452216209019,-0.32138525452983946,-0.41325902941234427,-0.4121376733796079,-0.4120762920646507,5726.35595703125,5728.907958984375,62.34732785607451,50.85987550669324,51.64937075825067,28.31197185950495,2645.800048828125,74.37999725341797,102.5199966430664,3.9809999465942383,19.209999084472656,42939100.0
2024-10-07,8.647508909041534,-0.5556836308044064,-0.44452687562841403,-0.485596989053815,-0.5294577302073454,-0.36073522303906935,-0.3885041055632555,-0.2357452216209019,-0.32138525452983946,5713.04794921875,5726.644970703125,54.74854081187583,46.20857878058996,50.56121236271853,22.028076287961365,2644.800048828125,77.13999938964844,102.54000091552734,4.026000022888184,22.639999389648438,49964700.0
2024-10-08,8.657151615846228,-0.3213481707146011,-0.5556836308044064,-0.44452687562841403,-0.485596989053815,-0.5294577302073454,-0.36073522303906935,-0.3885041055632555,-0.2357452216209019,5721.52392578125,5728.46494140625,60.0038916284185,46.4404233520263,49.737054560580084,27.44765465893475,2615.0,73.56999969482422,102.55000305175781,4.0329999923706055,21.420000076293945,37398700.0
2024-10-09,8.664239846863223,-0.4446877525495056,-0.3213481707146011,-0.5556836308044064,-0.44452687562841403,-0.485596989053815,-0.5294577302073454,-0.36073522303906935,-0.3885041055632555,5738.02392578125,5735.44296875,63.39731436000736,49.356320613384014,49.66090777114088,40.252806350957755,2606.0,73.23999786376953,102.93000030517578,4.066999912261963,20.860000610351562,37912200.0
2024-10-10,8.662167578357241,-0.4944390798488556,-0.4446877525495056,-0.3213481707146011,-0.5556836308044064,-0.44452687562841403,-0.485596989053815,-0.5294577302073454,-0.36073522303906935,5754.0458984375,5738.9109375,61.743848836657044,50.12190437953814,49.75310709282033,37.12620459153565,2620.60009765625,75.8499984741211,102.98999786376953,4.0960001945495605,20.93000030517578,44138100.0
2024-10-11,8.66820118706454,-0.4909903330694379,-0.4944390798488556,-0.4446877525495056,-0.3213481707146011,-0.5556836308044064,-0.44452687562841403,-0.485596989053815,-0.5294577302073454,5766.837890625,5746.596923828125,64.64118297415075,52.94095671942068,50.39067701814041,45.84054529135416,2657.60009765625,75.55999755859375,102.88999938964844,4.072999954223633,20.459999084472656,42268000.0
2024-10-14,8.675879301639133,-0.4585971032726588,-0.4854767910199589,-0.4439056425438746,-0.4909903330694379,-0.4944390798488556,-0.4446877525495056,-0.3213481707146011,-0.5556836308044064,5799.619921875,5756.333935546875,67.98673145257953,58.12170975813933,51.936883566140196,40.794809594648676,2647.800048828125,73.83000183105469,103.30000305175781,4.0980000495910645,19.700000762939453,36217200.0
2024-10-15,8.66824073560162,-0.4804017147853544,-0.4585971032726588,-0.4854767910199589,-0.4439056425438746,-0.4909903330694379,-0.4944390798488556,-0.4446877525495056,-0.3213481707146011,5812.4458984375,5766.984912109375,61.72909903703692,57.961285113525264,53.141763875617215,30.52727636797628,2661.39990234375,70.58000183105469,103.26000213623047,4.038000106811523,20.639999389648438,54203600.0
2024-10-16,8.6729089683844,-0.16683068627244335,-0.4804017147853544,-0.4585971032726588,-0.4854767910199589,-0.4439056425438746,-0.4909903330694379,-0.4944390798488556,-0.4446877525495056,5822.53193359375,5780.2779296875,63.91197325120727,59.345702949427505,54.38255169037928,30.430570002679872,2674.0,70.38999938964844,103.58999633789062,4.015999794006348,19.579999923706055,30725400.0
2024-10-17,8.672737793255862,-0.269171971498615,-0.16683068627244335,-0.4804017147853544,-0.4585971032726588,-0.4854767910199589,-0.4439056425438746,-0.4909903330694379,-0.4944390798488556,5834.816015625,5794.43095703125,63.768023158183304,59.67428441118136,55.4408982345397,19.38757479867233,2691.0,70.66999816894531,103.83000183105469,4.0960001945495605,19.110000610351562,34393700.0
2024-10-18,8.676701480198636,-0.5296510342125043,-0.269171971498615,-0.16683068627244335,-0.4804017147853544,-0.4585971032726588,-0.4854767910199589,-0.4439056425438746,-0.4909903330694379,5844.74404296875,5805.790966796875,65.69827034098338,61.10236008415177,56.57319060446212,19.432218052930278,2713.699951171875,69.22000122070312,103.48999786376953,4.072999954223633,18.030000686645508,37416800.0
2024-10-21,8.674877047442218,-0.6519102353487536,-0.32322044609704687,-0.49948536594,-0.5296510342125043,-0.269171971498615,-0.16683068627244335,-0.4804017147853544,-0.4585971032726588,5843.57001953125,5821.594970703125,64.0061922724338,60.67214074043386,57.39298063165647,18.443578773855762,2723.10009765625,70.55999755859375,104.01000213623047,4.182000160217285,18.3700008392334,36439000.0
2024-10-22,8.674402080775021,-0.6800284153451084,-0.6519102353487536,-0.32322044609704687,-0.49948536594,-0.5296510342125043,-0.269171971498615,-0.16683068627244335,-0.4804017147853544,5850.75810546875,5831.602001953125,63.54785209682973,59.42190465251588,57.79876543582836,9.474552772317136,2744.199951171875,72.08999633789062,104.08000183105469,4.203999996185303,18.200000762939453,34183800.0
2024-10-23,8.665168256507341,-0.4196055334730283,-0.6800284153451084,-0.6519102353487536,-0.32322044609704687,-0.49948536594,-0.5296510342125043,-0.269171971498615,-0.16683068627244335,5841.748046875,5832.139990234375,55.29757592520174,53.475037988591794,56.93401994638105,26.12199992198276,2714.39990234375,70.7699966430664,104.43000030517578,4.242000102996826,19.239999771118164,49314600.0
2024-10-24,8.667311729637898,-0.44255953088910427,-0.4196055334730283,-0.6800284153451084,-0.6519102353487536,-0.32322044609704687,-0.49948536594,-0.5296510342125043,-0.269171971498615,5835.4259765625,5835.12099609375,56.69798753720051,49.19876982574715,55.386969922254266,29.775710389453444,2734.89990234375,70.19000244140625,104.05999755859375,4.199999809265137,19.079999923706055,34979900.0
2024-10-25,8.667012237624713,-0.4153596915982607,-0.44255953088910427,-0.4196055334730283,-0.6800284153451084,-0.6519102353487536,-0.32322044609704687,-0.49948536594,-0.5296510342125043,5824.116015625,5834.430029296875,56.431731036450124,45.148964370731846,53.33936881194978,26.444268062825692,2740.89990234375,71.77999877929688,104.26000213623047,4.23199987411499,20.329999923706055,47268200.0
2024-10-28,8.669660172251445,-0.36074448428906936,-0.32150276187036164,-0.5778936383092055,-0.4153596915982607,-0.44255953088910427,-0.4196055334730283,-0.6800284153451084,-0.6519102353487536,5818.0240234375,5830.797021484375,58.29854303957621,42.69000399470042,51.20949584849991,20.737250448206435,2742.89990234375,67.37999725341797,104.31999969482422,4.2779998779296875,19.799999237060547,30174700.0
2024-10-29,8.671272998196347,-0.40624555219195546,-0.36074448428906936,-0.32150276187036164,-0.5778936383092055,-0.4153596915982607,-0.44255953088910427,-0.4196055334730283,-0.6800284153451084,5814.36796875,5832.563037109375,59.440917435327115,41.02682207514954,49.17296109382984,13.915189139905369,2768.39990234375,67.20999908447266,104.27999877929688,4.27400016784668,19.34000015258789,42899700.0
2024-10-30,8.667967306523858,-0.17155556694834512,-0.40624555219195546,-0.36074448428906936,-0.32150276187036164,-0.5778936383092055,-0.4153596915982607,-0.44255953088910427,-0.4196055334730283,5817.61796875,5829.6830078125,56.05435808519634,37.72060465014329,46.88248980509253,10.427948405125816,2788.5,68.61000061035156,103.98999786376953,4.265999794006348,20.350000381469727,41435800.0
2024-10-31,8.649177171595113,-0.5784174114345488,-0.17155556694834512,-0.40624555219195546,-0.36074448428906936,-0.32150276187036164,-0.5778936383092055,-0.4153596915982607,-0.44255953088910427,5796.73603515625,5816.081005859375,41.67820778718465,26.067486262031707,42.719489096480366,51.90403133705764,2738.300048828125,69.26000213623047,103.9800033569336,4.283999919891357,23.15999984741211,60182500.0
2024-11-01,8.653261329599639,-0.289333666654171,-0.5784174114345488,-0.17155556694834512,-0.40624555219195546,-0.36074448428906936,-0.32150276187036164,-0.5778936383092055,-0.4153596915982607,5780.87197265625,5802.493994140625,44.958277741911864,18.503131734171802,37.87621762401866,59.168204231120676,2738.60009765625,69.48999786376953,104.27999877929688,4.361000061035156,21.8799991607666,45667500.0
2024-11-04,8.650445284786448,-0.5218172313784758,-0.332964527891415,-0.6301062613503877,-0.289333666654171,-0.5784174114345488,-0.17155556694834512,-0.40624555219195546,-0.36074448428906936,5758.70595703125,5788.364990234375,43.15492960309945,11.080663945074775,32.51710688822988,59.95160091154265,2736.10009765625,71.47000122070312,103.88999938964844,4.309000015258789,21.979999542236328,38217000.0
2024-11-05,8.66263631581601,-0.0983771155401133,-0.5218172313784758,-0.332964527891415,-0.6301062613503877,-0.289333666654171,-0.5784174114345488,-0.17155556694834512,-0.40624555219195546,5748.67392578125,5781.520947265625,52.14601069810992,10.728680413287293,28.159421593241365,47.28753187273072,2740.300048828125,71.98999786376953,103.41999816894531,4.289000034332275,20.489999771118164,39478300.0
2024-11-06,8.687617596773197,-0.12766527226948712,-0.0983771155401133,-0.5218172313784758,-0.332964527891415,-0.6301062613503877,-0.289333666654171,-0.5784174114345488,-0.17155556694834512,5771.74794921875,5794.682958984375,64.69896534025614,21.999727317434008,26.927482738079895,92.99172706006223,2667.60009765625,71.69000244140625,105.08999633789062,4.426000118255615,16.270000457763672,68182000.0
2024-11-07,8.695021350947194,-0.4816880573382867,-0.12766527226948712,-0.0983771155401133,-0.5218172313784758,-0.332964527891415,-0.6301062613503877,-0.289333666654171,-0.5784174114345488,5825.2779296875,5811.006982421875,67.4671432731322,34.09437298693683,28.360860787851284,118.75378590692597,2698.39990234375,72.36000061035156,104.51000213623047,4.341000080108643,15.199999809265137,47233200.0
2024-11-08,8.698771144982912,-0.06872382120624099,-0.4816880573382867,-0.12766527226948712,-0.0983771155401133,-0.5218172313784758,-0.332964527891415,-0.6301062613503877,-0.289333666654171,5878.6259765625,5829.748974609375,68.80867729542504,44.97177591155469,31.68304381259197,124.35929139728054,2687.5,70.37999725341797,105.0,4.306000232696533,14.9399995803833,46444900.0
2024-11-11,8.699739739173868,-0.20392730264278167,-0.4133766739267907,-0.4821961176194483,-0.06872382120624099,-0.4816880573382867,-0.12766527226948712,-0.0983771155401133,-0.5218172313784758,5936.3580078125,5847.531982421875,69.1632389158908,53.444939276935656,36.035422905460706,90.44672244053024,2611.199951171875,68.04000091552734,105.54000091552734,4.308000087738037,14.970000267028809,37586800.0
2024-11-12,8.696842887696931,-0.33238748458666667,-0.20392730264278167,-0.4133766739267907,-0.4821961176194483,-0.06872382120624099,-0.4816880573382867,-0.12766527226948712,-0.0983771155401133,5976.6041015625,5862.639013671875,66.72272017584385,58.08956604758259,40.44625153388509,28.723279297809185,2600.0,68.12000274658203,106.0199966430664,4.432000160217285,14.710000038146973,43006100.0
2024-11-13,8.697075088461073,-0.17731419834333798,-0.33238748458666667,-0.20392730264278167,-0.4133766739267907,-0.4821961176194483,-0.06872382120624099,-0.4816880573382867,-0.12766527226948712,5987.8720703125,5879.810009765625,66.8236405559757,61.177384435010936,44.59247811411026,10.95383255724793,2580.800048828125,68.43000030517578,106.4800033569336,4.451000213623047,14.020000457763672,47388600.0
2024-11-14,8.691006979878829,-0.3565507216858012,-0.17731419834333798,-0.33238748458666667,-0.20392730264278167,-0.4133766739267907,-0.4821961176194483,-0.06872382120624099,-0.4816880573382867,5983.08603515625,5904.181982421875,61.58282959020365,60.010893302682234,47.67616115182466,20.279671137039333,2568.199951171875,68.69999694824219,106.66999816894531,4.418000221252441,14.3100004196167,38904100.0
2024-11-15,8.677715549012035,-0.36172272970715685,-0.3565507216858012,-0.17731419834333798,-0.33238748458666667,-0.20392730264278167,-0.4133766739267907,-0.4821961176194483,-0.06872382120624099,5958.10205078125,5918.364013671875,52.046864166803815,52.147009639288626,48.57033084931745,52.48224309400121,2565.699951171875,67.0199966430664,106.69000244140625,4.427999973297119,16.139999389648438,75988800.0
2024-11-18,8.681625708758242,-0.35398849968561,0.14161327178749503,-0.599855006005944,-0.36172272970715685,-0.3565507216858012,-0.17731419834333798,-0.33238748458666667,-0.20392730264278167,5936.5560546875,5936.45703125,54.27933099375386,47.22633714358926,48.30153210817182,52.402098774377606,2610.60009765625,69.16000366210938,106.27999877929688,4.414000034332275,15.579999923706055,37084100.0
2024-11-19,8.685581459278838,-0.48087747823580124,-0.35398849968561,0.14161327178749503,-0.599855006005944,-0.36172272970715685,-0.3565507216858012,-0.17731419834333798,-0.33238748458666667,5923.15400390625,5949.879052734375,56.49465747037567,44.69638240565018,47.5805021676675,45.329533080858226,2627.10009765625,69.38999938964844,106.20999908447266,4.379000186920166,16.350000381469727,49412000.0
2024-11-20,8.685603409900173,-0.25289291562515576,-0.48087747823580124,-0.35398849968561,0.14161327178749503,-0.599855006005944,-0.36172272970715685,-0.3565507216858012,-0.17731419834333798,5909.5,5948.68603515625,56.50727597356051,42.21522467401064,46.50744666893613,29.37421826276629,2648.199951171875,68.87000274658203,106.68000030517578,4.406000137329102,17.15999984741211,50032600.0
2024-11-21,8.69092966174446,-0.09844868934920387,-0.25289291562515576,-0.48087747823580124,-0.35398849968561,0.14161327178749503,-0.599855006005944,-0.36172272970715685,-0.3565507216858012,5909.4080078125,5946.247021484375,59.57907580519979,42.31101800585657,45.66816093632022,29.219235173654905,2672.10009765625,70.0999984741211,106.97000122070312,4.432000160217285,16.8700008392334,46750300.0
2024-11-22,8.694391621335997,-0.089111403014171,-0.09844868934920387,-0.25289291562515576,-0.48087747823580124,-0.35398849968561,0.14161327178749503,-0.599855006005944,-0.36172272970715685,5929.151953125,5943.627001953125,61.491255416519444,43.54958157561214,45.244445064178606,29.804623943781504,2709.89990234375,71.23999786376953,107.48999786376953,4.409999847412109,15.239999771118164,38226400.0
2024-11-25,8.697407549156123,-0.2861209875584259,-0.3884838653657255,-0.38884730527252553,-0.089111403014171,-0.09844868934920387,-0.25289291562515576,-0.48087747823580124,-0.35398849968561,5947.901953125,5942.22900390625,63.132800550168206,45.46198702185211,45.28795345571331,31.314107026385564,2616.800048828125,68.94000244140625,106.81999969482422,4.264999866485596,14.600000381469727,42441400.0
2024-11-26,8.703113246311386,-0.6476816219527817,-0.2861209875584259,-0.3884838653657255,-0.38884730527252553,-0.089111403014171,-0.09844868934920387,-0.25289291562515576,-0.48087747823580124,5968.83193359375,5945.99296875,66.0906727086502,49.175197811392536,46.06540232684916,39.40689028069678,2620.300048828125,68.7699966430664,107.01000213623047,4.302000045776367,14.100000381469727,45621300.0
2024-11-27,8.699304765227808,-0.14896789942361832,-0.6476816219527817,-0.2861209875584259,-0.3884838653657255,-0.38884730527252553,-0.089111403014171,-0.09844868934920387,-0.25289291562515576,5985.1580078125,5947.32900390625,62.48367996556966,49.69805256816835,46.79193237511301,27.830928872431368,2639.89990234375,68.72000122070312,106.08000183105469,4.242000102996826,14.100000381469727,34000200.0
2024-11-29,8.70489688562461,-0.18487433291458918,-0.2371075125552751,-0.14896789942361832,-0.6476816219527817,-0.2861209875584259,-0.3884838653657255,-0.38884730527252553,-0.089111403014171,6001.8919921875,5955.65,65.46659894811928,52.224841753610235,47.87851425081246,25.492923526976252,2657.0,68.0,105.73999786376953,4.177999973297119,13.510000228881836,30177400.0
2024-12-02,8.707342349505192,-0.4732939963643325,-0.4121572763061193,0.015427565975329993,-0.18487433291458918,-0.2371075125552751,-0.14896789942361832,-0.6476816219527817,-0.2861209875584259,6017.45400390625,5973.302978515625,66.71785679881174,54.78760017485547,49.26033143562106,24.37884133808768,2634.89990234375,68.0999984741211,106.44999694824219,4.196000099182129,13.34000015258789,31746000.0
2024-12-03,8.707793696747213,-0.6534993147079988,-0.4732939963643325,-0.4121572763061193,0.015427565975329993,-0.18487433291458918,-0.2371075125552751,-0.14896789942361832,-0.6476816219527817,6029.95595703125,5988.928955078125,66.95617702566891,56.38887544057707,50.686040236612264,20.869923592267337,2644.699951171875,69.94000244140625,106.37000274658203,4.2230000495910645,13.300000190734863,26906600.0
2024-12-04,8.71382687837535,-0.5356773223378809,-0.6534993147079988,-0.4732939963643325,-0.4121572763061193,0.015427565975329993,-0.18487433291458918,-0.2371075125552751,-0.14896789942361832,6042.92802734375,6005.87998046875,70.05310084029048,59.921311452148075,52.53309447971942,31.73185625247129,2653.800048828125,68.54000091552734,106.33999633789062,4.179999828338623,13.449999809265137,42787600.0
2024-12-05,8.711955352535968,-0.45413206269597456,-0.5356773223378809,-0.6534993147079988,-0.4732939963643325,-0.4121572763061193,0.015427565975329993,-0.18487433291458918,-0.2371075125552751,6058.201953125,6021.67998046875,67.92207656122153,61.098189704992365,54.24611352477402,22.047042193417955,2626.60009765625,68.30000305175781,105.70999908447266,4.179999828338623,13.539999961853027,28762200.0
2024-12-06,8.714447697903505,-0.36031537904649874,-0.45413206269597456,-0.5356773223378809,-0.6534993147079988,-0.4732939963643325,-0.4121572763061193,0.015427565975329993,-0.18487433291458918,6069.77998046875,6035.835986328125,69.26344522753756,62.53332684377256,55.90355618857373,20.221376435978954,2638.60009765625,67.19999694824219,105.97000122070312,4.151000022888184,12.770000457763672,31241500.0
2024-12-09,8.708284530618279,-0.32029853870629116,-0.32056288234026775,-0.399753183841144,-0.36031537904649874,-0.45413206269597456,-0.5356773223378809,-0.6534993147079988,-0.4732939963643325,6070.92001953125,6044.18701171875,62.33468457479448,59.960026539753926,56.71485025880977,18.732447188257975,2664.89990234375,68.37000274658203,106.1500015258789,4.198999881744385,14.1899995803833,34742700.0
2024-12-10,8.705316246304,-0.09845002258702833,-0.32029853870629116,-0.32056288234026775,-0.399753183841144,-0.36031537904649874,-0.45413206269597456,-0.5356773223378809,-0.6534993147079988,6067.92607421875,6048.941015625,59.273330069898776,55.82949648522754,56.53777950409332,23.52032455326095,2697.60009765625,68.58999633789062,106.4000015258789,4.2210001945495605,14.180000305175781,37234500.0
2024-12-11,8.713448872715368,-0.31628030924508,-0.09845002258702833,-0.32029853870629116,-0.32056288234026775,-0.399753183841144,-0.36031537904649874,-0.45413206269597456,-0.5356773223378809,6067.466015625,6055.197021484375,64.43966097363378,55.88824358904276,56.40787232108321,23.08489621159382,2733.800048828125,70.29000091552734,106.70999908447266,4.270999908447266,13.579999923706055,28677700.0
2024-12-12,8.708020141253904,-0.24666286396153891,-0.31628030924508,-0.09845002258702833,-0.32029853870629116,-0.32056288234026775,-0.399753183841144,-0.36031537904649874,-0.45413206269597456,6062.69404296875,6060.447998046875,59.04771974973362,52.6696798278399,55.66023382243455,23.570754511674714,2687.5,70.0199966430664,106.95999908447266,4.323999881744385,13.920000076293945,31543800.0
2024-12-13,8.707993674264532,-0.35478321773580124,-0.24666286396153891,-0.31628030924508,-0.09845002258702833,-0.32029853870629116,-0.32056288234026775,-0.399753183841144,-0.36031537904649874,6054.8580078125,6062.318994140625,59.02186081960492,49.535012794672184,54.43518961688208,17.95499647926378,2656.0,71.29000091552734,107.0,4.39900016784668,13.8100004196167,35904700.0
2024-12-16,8.711785829273317,-0.776839631972,-0.2703504722894871,-0.543581426209601,-0.35478321773580124,-0.24666286396153891,-0.31628030924508,-0.09845002258702833,-0.32029853870629116,6059.10400390625,6065.01201171875,61.62019146834159,48.34855432515724,53.217862558537114,19.77903855122842,2651.39990234375,70.70999908447266,106.86000061035156,4.396999835968018,14.6899995803833,43695200.0
2024-12-17,8.707914349792661,-0.196107381551241,-0.776839631972,-0.2703504722894871,-0.543581426209601,-0.35478321773580124,-0.24666286396153891,-0.31628030924508,-0.09845002258702833,6062.2439453125,6065.085009765625,57.604529336414124,44.99574431933888,51.573438910697476,15.8299831365509,2644.39990234375,70.08000183105469,106.95999908447266,4.385000228881836,15.869999885559082,55773500.0
2024-12-18,8.677977844488144,-0.349126558188641,-0.196107381551241,-0.776839631972,-0.2703504722894871,-0.543581426209601,-0.35478321773580124,-0.24666286396153891,-0.31628030924508,6019.83798828125,6043.652001953125,37.561585931854836,27.620822593547928,46.78291564726757,83.15835439921666,2636.5,70.58000183105469,108.02999877929688,4.49399995803833,27.6200008392334,108248700.0
2024-12-19,8.677112357737606,-0.353711773188641,-0.349126558188641,-0.196107381551241,-0.776839631972,-0.2703504722894871,-0.543581426209601,-0.35478321773580124,-0.24666286396153891,5983.00400390625,6022.8490234375,37.16514369380965,13.287976575124048,40.08392783283887,103.95407668285566,2592.199951171875,69.91000366210938,108.41000366210938,4.570000171661377,24.09000015258789,85919500.0
2024-12-20,8.687922837140004,-0.6747272053849768,-0.353711773188641,-0.349126558188641,-0.196107381551241,-0.776839631972,-0.2703504722894871,-0.543581426209601,-0.35478321773580124,5958.9560546875,6006.90703125,45.01103656062339,6.994175964036003,33.465977459078296,98.0033536131637,2628.699951171875,69.45999908447266,107.62000274658203,4.52400016784668,18.360000610351562,125716700.0
2024-12-23,8.69518368672562,-0.3531396351027645,-0.6533534502096011,-0.5225543397756928,-0.6747272053849768,-0.353711773188641,-0.349126558188641,-0.196107381551241,-0.776839631972,5938.95400390625,5999.02900390625,49.60395129213439,5.431157365303079,27.859013440323253,76.47402231711494,2612.300048828125,69.23999786376953,108.04000091552734,4.598999977111816,16.780000686645508,57635800.0
2024-12-24,8.706165919890747,-0.31593356063280126,-0.3531396351027645,-0.6533534502096011,-0.5225543397756928,-0.6747272053849768,-0.353711773188641,-0.349126558188641,-0.196107381551241,5936.8400390625,5999.5419921875,55.68790252143334,9.4072578539417,24.16866232304694,72.66724793789872,2620.0,70.0999984741211,108.26000213623047,4.591000080108643,14.270000457763672,33160100.0
2024-12-26,8.705760178802489,-0.48918236850624097,-0.44377833657603727,-0.31593356063280126,-0.3531396351027645,-0.6533534502096011,-0.5225543397756928,-0.6747272053849768,-0.353711773188641,5969.9259765625,5994.881982421875,55.42029668998455,12.219773905821057,21.778884639601767,73.51148769772873,2638.800048828125,69.62000274658203,108.12999725341797,4.578999996185303,14.729999542236328,41219100.0
2024-12-27,8.694642873837577,-0.23519518273221374,-0.48918236850624097,-0.44377833657603727,-0.31593356063280126,-0.3531396351027645,-0.6533534502096011,-0.5225543397756928,-0.6747272053849768,5990.6779296875,5986.840966796875,48.57236788020005,8.959269115632196,19.214961534807852,47.13303997580177,2617.199951171875,70.5999984741211,108.0,4.61899995803833,15.949999809265137,64969300.0
2024-12-30,8.683883199895847,-0.40740470280165414,-0.11077605643905124,-0.378761193143338,-0.23519518273221374,-0.48918236850624097,-0.44377833657603727,-0.31593356063280126,-0.3531396351027645,5985.8958984375,5972.4259765625,43.084035855040995,1.2052145304778605,15.613012133941854,55.23684438600188,2606.10009765625,70.98999786376953,108.12999725341797,4.545000076293945,17.399999618530273,56578800.0
2024-12-31,8.679589193436865,-0.4416746262501275,-0.40740470280165414,-0.11077605643905124,-0.378761193143338,-0.23519518273221374,-0.48918236850624097,-0.44377833657603727,-0.31593356063280126,5967.40791015625,5953.18095703125,41.10295680504715,-6.902670112442138,11.109875684665056,72.84736326789861,2629.199951171875,71.72000122070312,108.48999786376953,4.572999954223633,17.350000381469727,57052700.0
2025-01-02,8.677362830287416,-0.5474029379932567,-0.5182291346394352,-0.4416746262501275,-0.40740470280165414,-0.11077605643905124,-0.378761193143338,-0.23519518273221374,-0.48918236850624097,5933.10986328125,5934.974951171875,40.077337563521596,-14.219763513732687,6.043947844985507,70.43200996450166,2658.89990234375,73.12999725341797,109.38999938964844,4.574999809265137,17.93000030517578,50204000.0
2025-01-03,8.689880186995241,-0.45301392723928335,-0.5474029379932567,-0.5182291346394352,-0.4416746262501275,-0.40740470280165414,-0.11077605643905124,-0.378761193143338,-0.23519518273221374,5914.0859375,5942.00595703125,47.97761065280414,-13.893695556254897,2.0564191647374255,42.44017322222342,2645.0,73.95999908447266,108.94999694824219,4.5960001945495605,16.1299991607666,37888500.0
2025-01-06,8.69540295349206,-0.4642038522071979,-0.43779560001889856,-0.5371015841279949,-0.45301392723928335,-0.5474029379932567,-0.5182291346394352,-0.4416746262501275,-0.40740470280165414,5914.9939453125,5952.8359375,51.07050812921551,-10.854623836435167,-0.5257894354970929,43.978667211869556,2638.39990234375,73.55999755859375,108.26000213623047,4.618000030517578,16.040000915527344,47679400.0
2025-01-07,8.684236931975423,-0.574828211954462,-0.4642038522071979,-0.43779560001889856,-0.5371015841279949,-0.45301392723928335,-0.5474029379932567,-0.5182291346394352,-0.4416746262501275,5915.4119140625,5950.65390625,45.23173947353652,-13.642770605890291,-3.1491856695757328,43.89283374594624,2656.699951171875,74.25,108.54000091552734,4.683000087738037,17.81999969482422,60393100.0
2025-01-08,8.685796076069254,-0.4542807074072725,-0.574828211954462,-0.4642038522071979,-0.43779560001889856,-0.5371015841279949,-0.45301392723928335,-0.5474029379932567,-0.5182291346394352,5922.7359375,5945.071923828125,46.15302981593655,-14.936227197204971,-5.50659397510158,39.701844783474876,2664.5,73.31999969482422,109.08999633789062,4.692999839782715,17.700000762939453,47304700.0
2025-01-10,8.670264438419022,-0.46470515889847,-0.3675833020934027,-0.4542807074072725,-0.574828211954462,-0.4642038522071979,-0.43779560001889856,-0.5371015841279949,-0.45301392723928335,5914.433984375,5923.771923828125,39.13906025167863,-23.055413978040633,-9.016357975689392,55.185826479682554,2708.5,76.56999969482422,109.6500015258789,4.776000022888184,19.540000915527344,73105000.0
2025-01-13,8.671838642797075,-0.2580016139844109,-0.6677449214125819,-0.46778343217181145,-0.46470515889847,-0.3675833020934027,-0.4542807074072725,-0.574828211954462,-0.4642038522071979,5893.183984375,5903.6349609375,40.12534003545831,-28.42153872716426,-12.897394125984366,61.75648306528877,2673.5,78.81999969482422,109.95999908447266,4.802999973297119,19.190000534057617,47910100.0
2025-01-14,8.67298426613124,-0.6050367125667178,-0.2580016139844109,-0.6677449214125819,-0.46778343217181145,-0.46470515889847,-0.3675833020934027,-0.4542807074072725,-0.574828211954462,5866.6900390625,5890.8419921875,40.87726070844297,-31.76820480045535,-16.671556260878564,43.35060318397756,2677.5,77.5,109.2699966430664,4.788000106811523,18.709999084472656,48420600.0
2025-01-15,8.691131398635756,-0.4424014703555194,-0.6050367125667178,-0.2580016139844109,-0.6677449214125819,-0.46778343217181145,-0.46470515889847,-0.3675833020934027,-0.4542807074072725,5874.86611328125,5895.139013671875,51.39168859576384,-25.492593264709285,-18.435763661644707,55.48826912718616,2712.5,80.04000091552734,109.08999633789062,4.6529998779296875,16.1200008392334,56900200.0
2025-01-16,8.68901647429489,-0.46546265774502155,-0.4424014703555194,-0.6050367125667178,-0.2580016139844109,-0.6677449214125819,-0.46778343217181145,-0.46470515889847,-0.3675833020934027,5878.68408203125,5900.710009765625,50.260831446740795,-21.288049688102546,-19.006220866936275,59.715393718665595,2746.39990234375,78.68000030517578,108.95999908447266,4.605999946594238,16.600000381469727,43319700.0
2025-01-17,8.698957952603283,-0.16130047176546414,-0.46546265774502155,-0.4424014703555194,-0.6050367125667178,-0.2580016139844109,-0.6677449214125819,-0.46778343217181145,-0.46470515889847,5912.60810546875,5913.521044921875,55.26367792294435,-13.019188057563952,-17.808814305061812,70.28649064875596,2744.300048828125,77.87999725341797,109.3499984741211,4.609000205993652,15.970000267028809,58070600.0
2025-01-21,8.70768796204388,-0.49158470899357415,-0.42632136772117346,-0.42861521168767774,-0.6598855161255776,-0.16130047176546414,-0.46546265774502155,-0.4424014703555194,-0.6050367125667178,5955.212109375,5924.198046875,59.18259871542751,-2.197946211043927,-14.686640686258237,76.67869023067773,2755.0,75.88999938964844,108.05999755859375,4.573999881744385,15.0600004196167,42532900.0
2025-01-22,8.713807143130873,-0.45324576606079203,-0.49158470899357415,-0.42632136772117346,-0.42861521168767774,-0.6598855161255776,-0.16130047176546414,-0.46546265774502155,-0.4424014703555194,6003.9041015625,5935.2970703125,61.7319494183012,9.267210516555679,-9.895870445695454,63.74682337906186,2767.60009765625,75.44000244140625,108.16999816894531,4.598999977111816,15.100000381469727,48196000.0
2025-01-23,8.719106562590403,-0.485820622306873,-0.45324576606079203,-0.49158470899357415,-0.42632136772117346,-0.42861521168767774,-0.6598855161255776,-0.16130047176546414,-0.46546265774502155,6037.6640625,5956.265087890625,63.84979374584326,20.72409052516923,-3.7718782515225175,72.1474087677455,2763.10009765625,74.62000274658203,108.05000305175781,4.638000011444092,15.020000457763672,41152100.0
2025-01-24,8.716247346605936,-0.40020608431080884,-0.485820622306873,-0.45324576606079203,-0.49158470899357415,-0.42632136772117346,-0.42861521168767774,-0.6598855161255776,-0.16130047176546414,6070.444140625,5974.564111328125,61.8582573427556,28.070510173368348,2.5965994334556557,48.54201149694155,2777.300048828125,74.66000366210938,107.44000244140625,4.625999927520752,14.850000381469727,34604700.0
2025-01-27,8.701559287573824,-0.31313917248412987,-0.49582111998807077,-0.3569356955547057,-0.40020608431080884,-0.485820622306873,-0.45324576606079203,-0.49158470899357415,-0.42632136772117346,6073.56806640625,5993.0880859375,52.82287866441747,26.409800157518475,7.35923957826822,42.76543246621015,2737.5,73.16999816894531,107.33999633789062,4.5279998779296875,17.899999618530273,70361100.0
2025-01-28,8.71073493175154,-0.4514592144784564,-0.31313917248412987,-0.49582111998807077,-0.3569356955547057,-0.40020608431080884,-0.485820622306873,-0.45324576606079203,-0.49158470899357415,6077.26005859375,6016.236083984375,57.033411001561966,29.22870907314791,11.73313347724416,40.89609799344329,2766.800048828125,73.7699966430664,107.87000274658203,4.551000118255615,16.40999984741211,44433300.0
2025-01-29,8.70604505569462,-0.38856595402485067,-0.4514592144784564,-0.31313917248412987,-0.49582111998807077,-0.3569356955547057,-0.40020608431080884,-0.485820622306873,-0.45324576606079203,6067.848046875,6035.87607421875,54.357054771396385,28.83942499161094,15.154391780117516,43.60115489813969,2769.10009765625,72.62000274658203,108.0,4.554999828338623,16.559999465942383,37177400.0
2025-01-30,8.7113066038468,-0.4447052136707226,-0.38856595402485067,-0.4514592144784564,-0.31313917248412987,-0.49582111998807077,-0.3569356955547057,-0.40020608431080884,-0.485820622306873,6058.3400390625,6048.00205078125,56.80664060943639,30.747303480174196,18.272974120128854,33.82429719302378,2823.0,72.7300033569336,107.80000305175781,4.51200008392334,15.84000015258789,39281300.0
2025-01-31,8.706246999856534,-0.49544433946676136,-0.4447052136707226,-0.38856595402485067,-0.4514592144784564,-0.31313917248412987,-0.49582111998807077,-0.3569356955547057,-0.40020608431080884,6046.19794921875,6058.321044921875,53.81536280289342,29.44745602236526,20.507870500576136,24.062205737909604,2812.5,72.52999877929688,108.37000274658203,4.568999767303467,16.43000030517578,66671500.0
2025-02-03,8.698609309127038,-0.5847985958653839,-0.5396954632994524,-0.5625024175022719,-0.49544433946676136,-0.4447052136707226,-0.38856595402485067,-0.4514592144784564,-0.31313917248412987,6042.65595703125,6058.11201171875,49.59661723963735,24.427151802317894,21.29172676092449,30.69304430264847,2833.89990234375,73.16000366210938,108.98999786376953,4.543000221252441,18.6200008392334,65857200.0
2025-02-04,8.705808216530068,-0.5643888496086282,-0.5847985958653839,-0.5396954632994524,-0.5625024175022719,-0.49544433946676136,-0.4447052136707226,-0.38856595402485067,-0.4514592144784564,6036.69189453125,6056.9759765625,53.31099034997848,23.670426368992594,21.767466682538114,27.32214614828428,2853.300048828125,72.69999694824219,107.95999908447266,4.513000011444092,17.209999084472656,33457800.0
2025-02-05,8.709709270445682,-0.27955694271867587,-0.5643888496086282,-0.5847985958653839,-0.5396954632994524,-0.5625024175022719,-0.49544433946676136,-0.4447052136707226,-0.38856595402485067,6041.12587890625,6054.486962890625,55.24635996605325,24.690430741455202,22.352059494321534,29.56049735200175,2871.60009765625,71.02999877929688,107.58000183105469,4.421999931335449,15.770000457763672,30653100.0
2025-02-06,8.713346944800948,-0.5648453648892525,-0.27955694271867587,-0.5643888496086282,-0.5847985958653839,-0.5396954632994524,-0.5625024175022719,-0.49544433946676136,-0.4447052136707226,6043.605859375,6050.97294921875,57.04135542445813,26.970359813994946,23.275719558256217,33.02795965143129,2856.0,70.61000061035156,107.69000244140625,4.440000057220459,15.5,35771500.0
2025-02-07,8.703837099107288,-0.5028198961099071,-0.5648453648892525,-0.27955694271867587,-0.5643888496086282,-0.5847985958653839,-0.5396954632994524,-0.5625024175022719,-0.49544433946676136,6040.69794921875,6043.44794921875,51.26903131857078,23.856030868318157,23.391781820268605,33.992472619329824,2867.300048828125,71.0,108.04000091552734,4.486999988555908,16.540000915527344,50788500.0
2025-02-10,8.710527211402741,-0.25551290887584316,-0.36745700757812777,-0.503953358550312,-0.5028198961099071,-0.5648453648892525,-0.27955694271867587,-0.5643888496086282,-0.5847985958653839,6055.07197265625,6048.86396484375,54.73448303908489,24.37092321401815,23.587610099018516,23.042006618132387,2914.300048828125,72.31999969482422,108.31999969482422,4.493000030517578,15.8100004196167,26048700.0
2025-02-11,8.710866736546416,-0.43781313351028295,-0.25551290887584316,-0.36745700757812777,-0.503953358550312,-0.5028198961099071,-0.5648453648892525,-0.27955694271867587,-0.5643888496086282,6061.19599609375,6048.9439453125,54.91034850338012,24.660932737769144,23.802274626768643,21.336365235167754,2912.5,73.31999969482422,107.95999908447266,4.5370001792907715,16.020000457763672,30056700.0
2025-02-12,8.708139153356768,-0.32441146567448087,-0.43781313351028295,-0.25551290887584316,-0.36745700757812777,-0.503953358550312,-0.5028198961099071,-0.5648453648892525,-0.27955694271867587,6059.29404296875,6050.2099609375,53.12674385205284,23.28849656598868,23.69951901461265,21.725038491870496,2909.0,71.37000274658203,107.94000244140625,4.63700008392334,15.890000343322754,45076100.0
2025-02-13,8.718511466571004,-0.2234568468367965,-0.32441146567448087,-0.43781313351028295,-0.25551290887584316,-0.36745700757812777,-0.503953358550312,-0.5028198961099071,-0.5648453648892525,6065.59404296875,6054.599951171875,58.64852900442955,26.981417161419813,24.355898643974083,32.44643049952883,2925.89990234375,71.29000091552734,107.30999755859375,4.525000095367432,15.100000381469727,40921300.0
2025-02-14,8.71843952017543,-0.4576997295717854,-0.2234568468367965,-0.32441146567448087,-0.43781313351028295,-0.25551290887584316,-0.36745700757812777,-0.503953358550312,-0.5028198961099071,6083.32197265625,6062.0099609375,58.59669910286111,29.532155439833332,25.391150003145935,29.477694481038604,2883.60009765625,70.73999786376953,106.56999969482422,4.4720001220703125,14.770000457763672,26910400.0
2025-02-18,8.72088152383098,-0.49594124775055376,-0.29458523215114635,-0.3545284459609173,-0.419606431415761,-0.4576997295717854,-0.2234568468367965,-0.32441146567448087,-0.43781313351028295,6095.95,6075.510986328125,59.89379342352112,32.38665650409075,26.790251303334898,33.66456541056691,2931.60009765625,71.8499984741211,107.05000305175781,4.544000148773193,15.350000381469727,26749000.0
2025-02-19,8.723255672697805,-0.47713175588527706,-0.49594124775055376,-0.29458523215114635,-0.3545284459609173,-0.419606431415761,-0.4576997295717854,-0.2234568468367965,-0.32441146567448087,6111.07998046875,6086.13798828125,61.17049835725048,35.41627543508548,28.515456129685017,35.207805946098794,2919.39990234375,72.25,107.16999816894531,4.534999847412109,15.270000457763672,31011100.0
2025-02-20,8.718912067813516,-0.40149546576306006,-0.47713175588527706,-0.49594124775055376,-0.29458523215114635,-0.3545284459609173,-0.419606431415761,-0.4576997295717854,-0.2234568468367965,6124.18994140625,6091.7419921875,57.563657682268605,35.26198308617859,29.864761520983734,12.713307301040766,2940.0,72.56999969482422,106.33999633789062,4.5,15.65999984741211,36554000.0
2025-02-21,8.701700671140976,-0.5537105070661881,-0.40149546576306006,-0.47713175588527706,-0.49594124775055376,-0.29458523215114635,-0.3545284459609173,-0.419606431415761,-0.4576997295717854,6103.801953125,6084.697998046875,46.09074766251313,26.41183449239179,29.174176115265347,52.00798610952533,2937.60009765625,70.4000015258789,106.61000061035156,4.420000076293945,18.209999084472656,76519800.0
2025-02-24,8.696719177574725,-0.1625179973913328,-0.4919859891729583,-0.48559838303988173,-0.5537105070661881,-0.40149546576306006,-0.47713175588527706,-0.49594124775055376,-0.29458523215114635,6077.5259765625,6080.423974609375,43.422974599738524,16.79338742683285,26.698018377578848,73.794845849903,2947.89990234375,70.69999694824219,106.5999984741211,4.39300012588501,18.979999542236328,50737200.0
2025-02-25,8.692028462436328,-0.40737283470894164,-0.1625179973913328,-0.4919859891729583,-0.48559838303988173,-0.5537105070661881,-0.40149546576306006,-0.47713175588527706,-0.49594124775055376,6042.6599609375,6069.30498046875,41.02654904280176,6.832571208211448,22.72492894370537,83.58574463247906,2904.5,68.93000030517578,106.30999755859375,4.297999858856201,19.43000030517578,58266500.0
2025-02-26,8.692164477465912,-0.5980647541436213,-0.40737283470894164,-0.1625179973913328,-0.4919859891729583,-0.48559838303988173,-0.5537105070661881,-0.40149546576306006,-0.47713175588527706,6005.0419921875,6058.060986328125,41.12777639964689,-0.984731083322913,17.982996938299713,67.2125059754267,2916.800048828125,68.62000274658203,106.41999816894531,4.249000072479248,19.100000381469727,43321600.0
2025-02-27,8.676172734787388,-0.5460103063534714,-0.5980647541436213,-0.40737283470894164,-0.1625179973913328,-0.4919859891729583,-0.48559838303988173,-0.5537105070661881,-0.40149546576306006,5953.851953125,6039.020947265625,33.83265379134586,-14.63585862844775,11.45922582495022,56.791151794090204,2883.199951171875,70.3499984741211,107.23999786376953,4.284999847412109,21.1299991607666,74196700.0
2025-02-28,8.691902515208051,-0.48422104307385805,-0.5460103063534714,-0.5980647541436213,-0.40737283470894164,-0.1625179973913328,-0.4919859891729583,-0.48559838303988173,-0.5537105070661881,5942.1259765625,6022.96396484375,44.29737257838067,-17.75116266981695,5.617148125996787,46.63687938046486,2836.800048828125,69.76000213623047,107.61000061035156,4.230999946594238,19.6299991607666,88744100.0
2025-03-03,8.674149112559741,-0.4974021000464827,-0.4681235235762164,-0.5276706493145782,-0.48422104307385805,-0.5460103063534714,-0.5980647541436213,-0.40737283470894164,-0.1625179973913328,5915.42001953125,5996.472998046875,37.161011709742475,-28.34813687230144,-1.1759088736628582,54.73023127977713,2890.199951171875,68.37000274658203,106.75,4.179999828338623,22.780000686645508,74249200.0
2025-03-04,8.661838824328235,-0.5365856951466631,-0.4974021000464827,-0.4681235235762164,-0.5276706493145782,-0.48422104307385805,-0.5460103063534714,-0.5980647541436213,-0.40737283470894164,5880.0,5961.32998046875,33.22380434033262,-42.03686652527631,-9.34810040398555,75.7716333371366,2909.60009765625,68.26000213623047,105.73999786376953,4.210000038146973,23.510000228881836,109648200.0
2025-03-05,8.672936296856971,-0.491109917967087,-0.5365856951466631,-0.4974021000464827,-0.4681235235762164,-0.5276706493145782,-0.48422104307385805,-0.5460103063534714,-0.5980647541436213,5857.31396484375,5931.177978515625,39.448294793420416,-47.138899959299124,-16.906260315048264,63.25241865747038,2915.300048828125,66.30999755859375,105.73999786376953,4.264999866485596,21.93000030517578,71230500.0
2025-03-06,8.654956619749516,-0.5493852422574803,-0.491109917967087,-0.5365856951466631,-0.4974021000464827,-0.4681235235762164,-0.5276706493145782,-0.48422104307385805,-0.5460103063534714,5832.70400390625,5893.277978515625,33.94623388723956,-58.904084478939694,-25.305825147826553,82.2634671060653,2916.60009765625,66.36000061035156,104.05999755859375,4.285999774932861,24.8700008392334,80094900.0
2025-03-07,8.660462054794971,-0.6547741319006071,-0.5493852422574803,-0.491109917967087,-0.5365856951466631,-0.4974021000464827,-0.4681235235762164,-0.5276706493145782,-0.48422104307385805,5795.84404296875,5868.985009765625,36.83335726628819,-64.9233565105933,-33.22933142037991,48.34327746421431,2904.699951171875,67.04000091552734,103.83999633789062,4.316999912261963,23.3700008392334,81158800.0
2025-03-10,8.633118513006542,-0.28191766027933857,-0.4268114743613273,-0.36467381238568725,-0.6547741319006071,-0.5493852422574803,-0.491109917967087,-0.5365856951466631,-0.4974021000464827,5748.81201171875,5832.116015625,29.91535597697795,-81.31518047295049,-42.84650123089403,84.03789499593897,2891.0,66.02999877929688,103.91000366210938,4.2129998207092285,27.860000610351562,99326600.0
2025-03-11,8.625521866088006,-0.5192998239626472,-0.28191766027933857,-0.4268114743613273,-0.36467381238568725,-0.6547741319006071,-0.5493852422574803,-0.491109917967087,-0.5365856951466631,5707.59599609375,5793.797998046875,28.349892444717398,-96.62064323721279,-53.601329632157785,111.95173120295337,2912.89990234375,66.25,103.44000244140625,4.288000106811523,26.920000076293945,88102100.0
2025-03-12,8.630396834028497,-0.5907580478057858,-0.5192998239626472,-0.28191766027933857,-0.4268114743613273,-0.36467381238568725,-0.6547741319006071,-0.5493852422574803,-0.491109917967087,5658.92998046875,5758.12197265625,30.84736319773421,-105.33882054233709,-63.94882781419365,89.14141798852043,2939.10009765625,67.68000030517578,103.61000061035156,4.317999839782715,24.229999542236328,69588200.0
2025-03-13,8.616408467222032,-0.4323178159340146,-0.5907580478057858,-0.5192998239626472,-0.28191766027933857,-0.4268114743613273,-0.36467381238568725,-0.6547741319006071,-0.5493852422574803,5615.52998046875,5724.1169921875,27.860119633655145,-117.17351416374731,-74.59376508410439,93.42629802535721,2984.300048828125,66.55000305175781,103.83000183105469,4.27400016784668,24.65999984741211,74079400.0
2025-03-14,8.63745137317523,-0.35696046496698236,-0.4323178159340146,-0.5907580478057858,-0.5192998239626472,-0.28191766027933857,-0.4268114743613273,-0.36467381238568725,-0.6547741319006071,5589.2779296875,5692.560986328125,37.67284456526888,-115.74356794361302,-82.82372565600612,44.9810868895705,2994.5,67.18000030517578,103.72000122070312,4.308000087738037,21.770000457763672,62660300.0
2025-03-17,8.643847008149836,-0.1798404673044677,-0.38965402198377574,-0.35778546611291945,-0.35696046496698236,-0.4323178159340146,-0.5907580478057858,-0.5192998239626472,-0.28191766027933857,5601.38994140625,5675.1009765625,40.36457814117165,-110.41805682057475,-88.34259188891986,59.349354850001525,3000.0,67.58000183105469,103.37000274658203,4.306000232696533,20.510000228881836,49008700.0
2025-03-18,8.633136341075515,-0.509963548916544,-0.1798404673044677,-0.38965402198377574,-0.35778546611291945,-0.35696046496698236,-0.4323178159340146,-0.5907580478057858,-0.5192998239626472,5609.9080078125,5658.752001953125,37.45365434401182,-109.81033921411381,-92.63614135395865,57.10303349658784,3035.10009765625,66.9000015258789,103.23999786376953,4.281000137329102,21.700000762939453,66041400.0
2025-03-19,8.643876949248469,-0.5423632422592418,-0.509963548916544,-0.1798404673044677,-0.38965402198377574,-0.35778546611291945,-0.35696046496698236,-0.4323178159340146,-0.5907580478057858,5625.1060546875,5642.018017578125,41.97288924353825,-103.24623546088424,-94.75816017534378,63.34508392687428,3035.89990234375,67.16000366210938,103.43000030517578,4.25600004196167,19.899999618530273,66556000.0
2025-03-20,8.641689665734686,-0.3182480357790529,-0.5423632422592418,-0.509963548916544,-0.1798404673044677,-0.38965402198377574,-0.35778546611291945,-0.35696046496698236,-0.4323178159340146,5653.380078125,5634.455029296875,41.31539626857748,-97.91598985303153,-95.38972611088133,26.224353183834214,3040.0,68.26000213623047,103.8499984741211,4.232999801635742,19.799999237060547,62958200.0
2025-03-21,8.64251397934252,-0.38639940468817263,-0.3182480357790529,-0.5423632422592418,-0.509963548916544,-0.1798404673044677,-0.38965402198377574,-0.35778546611291945,-0.35696046496698236,5659.1041015625,5624.191015625,41.68588243232277,-92.2514903827423,-94.76207896525352,25.394875839992782,3018.199951171875,68.27999877929688,104.08999633789062,4.251999855041504,19.280000686645508,83763000.0
2025-03-24,8.660006096471157,-0.43115163105943355,-0.43219932526201504,-0.4670616278619742,-0.38639940468817263,-0.3182480357790529,-0.5423632422592418,-0.509963548916544,-0.1798404673044677,5677.59404296875,5639.4919921875,49.09737196681281,-78.78420618513337,-91.5665044092295,55.62937498418466,3013.10009765625,69.11000061035156,104.26000213623047,4.330999851226807,17.479999542236328,58766800.0
2025-03-25,8.661579191961811,-0.4241128205215168,-0.43115163105943355,-0.43219932526201504,-0.4670616278619742,-0.38639940468817263,-0.3182480357790529,-0.5423632422592418,-0.509963548916544,5709.9919921875,5659.95,49.72217074192968,-66.6107527190843,-86.57535407120047,56.968770075392946,3023.699951171875,69.0,104.18000030517578,4.307000160217285,17.149999618530273,38355700.0
2025-03-26,8.650359551604213,-0.508189730270871,-0.4241128205215168,-0.43115163105943355,-0.43219932526201504,-0.4670616278619742,-0.38639940468817263,-0.3182480357790529,-0.5423632422592418,5717.3740234375,5671.2400390625,45.4571763406776,-61.45533700066699,-81.55135065709378,53.642198265646314,3020.89990234375,69.6500015258789,104.55000305175781,4.3379998207092285,18.329999923706055,51848300.0
2025-03-27,8.64704709059708,-0.5757969419513889,-0.508189730270871,-0.4241128205215168,-0.43115163105943355,-0.43219932526201504,-0.4670616278619742,-0.38639940468817263,-0.3182480357790529,5723.4580078125,5688.41904296875,44.25887084350504,-58.22275340396391,-76.88563120646782,47.263749062381486,3060.199951171875,69.91999816894531,104.06999969482422,4.36899995803833,18.690000534057617,42164200.0
2025-03-28,8.627112489470228,-0.47387752952190665,-0.5757969419513889,-0.508189730270871,-0.4241128205215168,-0.43115163105943355,-0.43219932526201504,-0.4670616278619742,-0.38639940468817263,5706.133984375,5682.61904296875,37.864501019681605,-63.99059322886751,-74.30662361094777,78.45644888523533,3086.5,69.36000061035156,104.04000091552734,4.255000114440918,21.649999618530273,71662700.0
2025-03-31,8.632635729827873,-0.4750003613356295,-0.47014052091170033,-0.3713591614344755,-0.47387752952190665,-0.5757969419513889,-0.508189730270871,-0.4241128205215168,-0.43115163105943355,5674.9900390625,5676.292041015625,40.41468610937076,-65.31455107482998,-72.50820910372421,78.87810170775126,3122.800048828125,71.4800033569336,104.20999908447266,4.245999813079834,22.280000686645508,95328200.0
2025-04-01,8.636409834383086,-0.5763526954655266,-0.4750003613356295,-0.47014052091170033,-0.3713591614344755,-0.47387752952190665,-0.5757969419513889,-0.508189730270871,-0.4241128205215168,5646.2740234375,5678.1330078125,42.169425733480374,-63.914772897024704,-70.78952186238432,55.1963507837721,3118.89990234375,71.19999694824219,104.26000213623047,4.156000137329102,21.770000457763672,54609600.0
2025-04-02,8.64311549581257,-0.5663723698192764,-0.5763526954655266,-0.4750003613356295,-0.47014052091170033,-0.3713591614344755,-0.47387752952190665,-0.5757969419513889,-0.508189730270871,5638.02802734375,5677.701025390625,45.26963075874905,-59.06631412783827,-68.4448803154751,45.028346720072435,3139.89990234375,71.70999908447266,103.80999755859375,4.196000099182129,21.510000228881836,76014500.0
2025-04-03,8.593509583983574,-0.5524197933518361,-0.5663723698192764,-0.5763526954655266,-0.4750003613356295,-0.47014052091170033,-0.3713591614344755,-0.47387752952190665,-0.5757969419513889,5578.67001953125,5651.064013671875,31.923660862592556,-76.48800658001073,-70.05350556838223,106.96185936405637,3097.0,66.94999694824219,102.06999969482422,4.054999828338623,30.020000457763672,125986000.0
2025-04-04,8.531900522085342,-0.6258676200054282,-0.5524197933518361,-0.5663723698192764,-0.5763526954655266,-0.4750003613356295,-0.47014052091170033,-0.3713591614344755,-0.47387752952190665,5477.298046875,5591.716015625,23.250964604220286,-114.98752725637041,-79.04030990597987,249.49340154421495,3012.0,61.9900016784668,103.0199966430664,3.984999895095825,45.310001373291016,217965100.0
2025-04-07,8.52956632747938,-0.5650690738265756,-0.5492146444770069,-0.41641516888039115,-0.6258676200054282,-0.5524197933518361,-0.5663723698192764,-0.5763526954655266,-0.4750003613356295,5367.37802734375,5521.184033203125,23.00403737960295,-144.78428014660767,-92.18910395410543,292.71846671886436,2951.300048828125,60.70000076293945,103.26000213623047,4.15500020980835,46.97999954223633,256611400.0
2025-04-08,8.513741244202324,-0.4262371341652555,-0.5650690738265756,-0.5492146444770069,-0.41641516888039115,-0.6258676200054282,-0.5524197933518361,-0.5663723698192764,-0.5763526954655266,5237.31806640625,5441.796044921875,21.362555732977313,-172.81963449804243,-108.31521006289285,289.60733096059795,2968.39990234375,59.58000183105469,102.95999908447266,4.26200008392334,52.33000183105469,165816600.0
2025-04-09,8.60463612403536,-0.49567588817690583,-0.4262371341652555,-0.5650690738265756,-0.5492146444770069,-0.41641516888039115,-0.6258676200054282,-0.5524197933518361,-0.5663723698192764,5194.50400390625,5416.266015625,46.08009937818968,-154.9928743553155,-117.65074292137739,215.9203566566499,3056.5,62.349998474121094,102.9000015258789,4.400000095367432,33.619998931884766,241867300.0
2025-04-10,8.56941551701125,-0.4801600921161469,-0.49567588817690583,-0.4262371341652555,-0.5650690738265756,-0.5492146444770069,-0.41641516888039115,-0.6258676200054282,-0.5524197933518361,5168.8099609375,5373.739990234375,40.60535551600497,-154.32470397840189,-124.9855351327823,192.21342090115263,3155.199951171875,60.06999969482422,100.87000274658203,4.394000053405762,40.720001220703125,162331200.0
2025-04-11,8.587345897847026,-0.44868319512013183,-0.4801600921161469,-0.49567588817690583,-0.4262371341652555,-0.5650690738265756,-0.5492146444770069,-0.41641516888039115,-0.6258676200054282,5226.66591796875,5351.981982421875,44.2080555381625,-144.43944098640895,-128.87631630350765,199.95208906284148,3222.199951171875,61.5,99.77999877929688,4.493000030517578,37.560001373291016,97866300.0
2025-04-14,8.59525921717337,-0.519518038026885,-0.42082887751726195,-0.4001167156835664,-0.44868319512013183,-0.4801600921161469,-0.49567588817690583,-0.4262371341652555,-0.5650690738265756,5295.4099609375,5331.393994140625,45.791168572754884,-131.64942693941794,-129.4309384306897,188.02398202108594,3204.800048828125,61.529998779296875,99.63999938964844,4.363999843597412,30.889999389648438,68034000.0
2025-04-15,8.593529941948068,-0.4656010096292054,-0.519518038026885,-0.42082887751726195,-0.4001167156835664,-0.44868319512013183,-0.4801600921161469,-0.49567588817690583,-0.4262371341652555,5378.18193359375,5307.75,45.48648106535427,-120.87358000550012,-127.7194667456518,70.103162544755,3218.699951171875,61.33000183105469,100.22000122070312,4.322999954223633,30.1200008392334,56892900.0
2025-04-16,8.570866687983166,-0.5560658306748261,-0.4656010096292054,-0.519518038026885,-0.42082887751726195,-0.4001167156835664,-0.44868319512013183,-0.4801600921161469,-0.49567588817690583,5341.9419921875,5268.222998046875,41.624767635731345,-120.70030086917723,-126.3156335703569,65.94909951334397,3326.60009765625,62.470001220703125,99.37999725341797,4.2789998054504395,32.63999938964844,83484800.0
2025-04-17,8.57219264660694,-0.2867592992052522,-0.5560658306748261,-0.4656010096292054,-0.519518038026885,-0.42082887751726195,-0.4001167156835664,-0.44868319512013183,-0.4801600921161469,5344.8720703125,5256.841015625,41.932082626307654,-118.63063429947488,-124.7786337161805,62.055908745329006,3308.699951171875,64.68000030517578,99.37999725341797,4.333000183105469,29.649999618530273,79741000.0
2025-04-21,8.54834299827292,-0.5696656305702189,-0.4698906341951191,-0.522863542578121,-0.6276923048844788,-0.2867592992052522,-0.5560658306748261,-0.4656010096292054,-0.519518038026885,5303.84013671875,5265.25302734375,38.09116194615488,-125.58880853347546,-124.94066867963949,101.84576058406296,3406.199951171875,63.08000183105469,98.27999877929688,4.40500020980835,33.81999969482422,69368100.0
2025-04-22,8.57314995039837,-0.47948289026949326,-0.5696656305702189,-0.4698906341951191,-0.522863542578121,-0.6276923048844788,-0.2867592992052522,-0.5560658306748261,-0.4656010096292054,5280.198046875,5287.80400390625,43.85467566851437,-119.2739216715554,-123.80731927802267,84.44453684457544,3400.800048828125,64.30999755859375,98.91999816894531,4.388999938964844,30.56999969482422,75948100.0
2025-04-23,8.58967381476525,-0.35919602192180233,-0.47948289026949326,-0.5696656305702189,-0.4698906341951191,-0.522863542578121,-0.6276923048844788,-0.2867592992052522,-0.5560658306748261,5276.04404296875,5327.11298828125,47.438092817463414,-105.93918575107364,-120.23369257263288,77.51137201675623,3276.300048828125,62.27000045776367,99.83999633789062,4.38700008392334,28.450000762939453,90590700.0
2025-04-24,8.609730442847834,-0.28200012286141607,-0.35919602192180233,-0.47948289026949326,-0.5696656305702189,-0.4698906341951191,-0.522863542578121,-0.6276923048844788,-0.2867592992052522,5317.8580078125,5329.9,51.55446123573996,-85.59646923786204,-113.30624790567872,121.30171881373609,3332.0,62.790000915527344,99.29000091552734,4.304999828338623,26.469999313354492,64150400.0
2025-04-25,8.617076527643535,-0.34690577906433806,-0.28200012286141607,-0.35919602192180233,-0.47948289026949326,-0.5696656305702189,-0.4698906341951191,-0.522863542578121,-0.6276923048844788,5366.3599609375,5355.616015625,53.02552624656471,-65.45700690891863,-103.73639970632671,149.04109445798449,3282.39990234375,63.02000045776367,99.47000122070312,4.265999794006348,24.84000015258789,61119600.0
2025-04-28,8.617717029182536,-0.6360303616941718,-0.4738206502034755,-0.38947658998770335,-0.34690577906433806,-0.28200012286141607,-0.35919602192180233,-0.47948289026949326,-0.5696656305702189,5440.469921875,5372.155029296875,53.15961142831586,-48.64988080679632,-92.71909592642064,105.39401852075379,3332.5,62.04999923706055,99.01000213623047,4.216000080108643,25.149999618530273,47613800.0
2025-04-29,8.623502670728094,-0.4726436915565932,-0.6360303616941718,-0.4738206502034755,-0.38947658998770335,-0.34690577906433806,-0.28200012286141607,-0.35919602192180233,-0.47948289026949326,5495.083984375,5387.641015625,54.42907075970888,-32.36839536858861,-80.64895581485423,71.91017458723661,3318.800048828125,60.41999816894531,99.23999786376953,4.172999858856201,24.170000076293945,47775100.0
